APN,StreetAddress,PermitNo,PermitType,PermitStatus,DateIssued,DateFinal,DescriptionOfWork,is_sfr,is_geotech,doc_url,Itemnum,StreetNumber,StreetName,DocDate,OnBaseDocType,DocTypeESD,UnitNo,CommercialTenant
4449001011,18834 PACIFIC COAST HWY,26-1141,ELECTRICAL,ISSUED,2026-05-27T00:00:00,,"ELECTRICAL SERVICE UPGRADE FOR ESFR. INSTALL NEW 400A MSP, SAME LOCATION. EXISTING SERVICE TO GO FROM OVERHEAD TO UNDERGROUND.",False,False,https://publicaccess.ci.malibu.ca.us/onbase-portal/BuildingPermits/index.html?OBKey__19_1=830649,830649,18834,PACIFIC COAST HWY,2026-05-27T00:00:00,ESD-Street Files/Building Permits,PERMITS,,
4449001012,18830 PACIFIC COAST HWY,26-1183,BUILDING,ISSUED,2026-06-01T00:00:00,,,False,False,https://publicaccess.ci.malibu.ca.us/onbase-portal/BuildingPermits/index.html?OBKey__19_1=830721,830721,18830,PACIFIC COAST HWY,2026-06-01T20:01:25,ESD-Street Files/Building Permits,PERMITS,,
4449001020,18860 PACIFIC COAST HWY,25-2110,ELECTRICAL,FINALLED,2025-11-10T00:00:00,2025-12-29T00:00:00,REPLACING A MAIN PANEL 400 AMP 120/240 VAC ONE PHASE 3 WIRES COMBINATION METER LOAD CENTER WITH TWO MAIN BREAKERS 200 AMP EACH,False,False,https://publicaccess.ci.malibu.ca.us/onbase-portal/BuildingPermits/index.html?OBKey__19_1=817265,817265,18860,PACIFIC COAST HWY,2025-11-10T00:00:00,ESD-Street Files/Building Permits,PERMITS,,
4449002021,"18970 PACIFIC COAST HWY, 1",26-1121,BUILDING,ISSUED,2026-05-21T00:00:00,,"ESFR - REPAIR DAMAGED PORTION OF ROOF PER PLAN APPROX. 50 SF, MATERIALS MUST MEET CLASS ""A"" /CRRC REQUIREMENTS. REMOVE AND REPLACE EXTERIOR DECKING W/42"" GUARDRAILS, REMOVE AND REPLACE EXTISTING GLAZED DOORS AND WINDOWS DAMAGED BY THE PALISADES FIRE.",False,False,https://publicaccess.ci.malibu.ca.us/onbase-portal/BuildingPermits/index.html?OBKey__19_1=830025,830025,18970,PACIFIC COAST HWY,2026-05-21T00:00:00,ESD-Street Files/Building Permits,PERMITS,1,
4449002022,"18980 PACIFIC COAST HWY, 2",25-1771,BUILDING,ISSUED,2025-10-03T00:00:00,,"ESFR - REPLACE INSULATION AS NEEDED, DRYWALL 4"" ABOVE FLOOR AS NEEDED DUE TO MUDD/WATER DAMAGE.  * PRE-SITE INSPECITON REQUIRED TO START OF WORK.  CE INSPECTION REQUIRED WHEN WORK HAS BEEN COMPLETED.",False,False,https://publicaccess.ci.malibu.ca.us/onbase-portal/BuildingPermits/index.html?OBKey__19_1=808432,808432,18980,PACIFIC COAST HWY,2025-10-03T00:00:00,ESD-Street Files/Building Permits,PERMITS,,
4449002041,18964 PACIFIC COAST HWY,26-0915,BUILDING,ISSUED,2026-04-23T00:00:00,,,False,False,https://publicaccess.ci.malibu.ca.us/onbase-portal/BuildingPermits/index.html?OBKey__19_1=827729,827729,18964,PACIFIC COAST HWY,2026-04-24T00:01:29,ESD-Street Files/Building Permits,PERMITS,,
4449002042,18960 PACIFIC COAST HWY,25-1637,BUILDING,ISSUED,2025-09-16T00:00:00,,"ESFR: INTERIOR REMODEL W/ EXTEIOR ALTERATIONS OF AN EXISTING (2) STORY SFR INCLUDING ROOF FRAMING SLOPE CHANGES TO NEW BUILDING HEIGHT OF 22'2"". LOWER-LEVEL CEILING HEIGHT RAISED TO 8' TO BRING TO CODE COMPLIANT. TOTAL 1533 SF. RAISE THE LOWER DECK W",False,False,https://publicaccess.ci.malibu.ca.us/onbase-portal/BuildingPermits/index.html?OBKey__19_1=815412,815412,18960,PACIFIC COAST HWY,2025-09-16T00:00:00,ESD-Street Files/Building Permits,PERMITS,,
4449002049,18926 PACIFIC COAST HWY,25-5058,SEPTIC,ISSUED,2025-07-14T00:00:00,,"PUMP SEPTIC TANK, REMOVAL OF EXISTING SEPTIC TANKS AND LEECH FIELD DUE TO PALISADES FIRE. FOR SAFETY PURPOSES, SCHEDULE A PRE-CONSTRUCTION SITE VISIT WITH A CITY INSPECTOR PRIOR TO THE START OF WORK. CONTACT CALTRANS IF ENCROACHMENT PERMIT REQUIRED",False,False,https://publicaccess.ci.malibu.ca.us/onbase-portal/BuildingPermits/index.html?OBKey__19_1=799518,799518,18926,PACIFIC COAST HWY,2025-07-14T00:00:00,ESD-Street Files/Building Permits,PERMITS,,
4449002053,18912 PACIFIC COAST HWY,25-5048,SEPTIC,FINALLED,2025-06-18T00:00:00,2025-08-19T00:00:00,"PUMP SEPTIC TANK, REMOVAL OF EXISTING SEPTIC TANK AND OR LEECH FIELD DUE TO PALISADES FIRE. FOR SAFETY PURPOSES SCHEDULE A PRE-CONSTRUCTION SITE VISIT WITH A CITY  INSPECTOR PRIOR TO THE START OF WORK. CONTACT CALTRANS IF ENCROACHMENT PERMIT REQUIRED",False,False,https://publicaccess.ci.malibu.ca.us/onbase-portal/BuildingPermits/index.html?OBKey__19_1=807988,807988,18912,PACIFIC COAST HWY,2025-06-18T00:00:00,ESD-Street Files/Building Permits,PERMITS,,
4449002054,18908 PACIFIC COAST HWY,25-0687,BUILDING,FINALLED,2025-04-17T00:00:00,2025-10-10T00:00:00,"DEBRIS REMOVAL OF SFR DUE TO PALISADES FIRE. PRIOR TO COMMENCEMENT OF DEBRIS REMOVAL, ALL ONSITE WASTEWATER TREATMENT SYSTEM COMPONENTS MUST BE LOCATED, PROTECTED IN PLACE, AND CAPPED AS NECESSARY WHERE APPLICABLE.   SCHEDULE A PRE- SITE MEETING WITH",False,False,https://publicaccess.ci.malibu.ca.us/onbase-portal/BuildingPermits/index.html?OBKey__19_1=809175,809175,18908,PACIFIC COAST HWY,2025-04-17T00:00:00,ESD-Street Files/Building Permits,PERMITS,,
4449003062,19100 PACIFIC COAST HWY,25-5053,SEPTIC,FINALLED,2025-06-30T00:00:00,2025-08-19T00:00:00,"PUMP SEPTIC TANK, REMOVAL OF EXISTING SEPTIC TANKS AND OR LEECH FIELD DUE TO PALISADES FIRE. FOR SAFETY PURPOSES SCHEDULE A PRE-CONSTRUCTION SITE VISIT WITH A CITY  INSPECTOR PRIOR TO THE START OF WORK. CONTACT CALTRANS IF ENCROACHMENT PERMIT REQUIRE",False,False,https://publicaccess.ci.malibu.ca.us/onbase-portal/BuildingPermits/index.html?OBKey__19_1=807996,807996,19100,PACIFIC COAST HWY,2025-06-30T00:00:00,ESD-Street Files/Building Permits,PERMITS,,
4449003063,19068 PACIFIC COAST HWY,25-5035,SEPTIC,FINALLED,2025-06-18T00:00:00,2025-08-19T00:00:00,"PUMP SEPTIC TANK, REMOVAL OF EXISTING SEPTIC TANKS AND LEECH FIELD DUE TO PALISADES FIRE. FOR SAFETY PURPOSES, SCHEDULE A PRE-CONSTRUCTION SITE VISIT WITH A CITY INSPECTOR PRIOR TO THE START OF WORK. CONTACT CALTRANS IF ENCROACHMENT PERMIT REQUIRED",False,False,https://publicaccess.ci.malibu.ca.us/onbase-portal/BuildingPermits/index.html?OBKey__19_1=807995,807995,19068,PACIFIC COAST HWY,2025-06-18T00:00:00,ESD-Street Files/Building Permits,PERMITS,,
4449003064,19064 PACIFIC COAST HWY,25-5097,SEPTIC,FINALLED,2025-09-25T00:00:00,2025-10-15T00:00:00,"PUMP SEPTIC TANK, REMOVAL OF EXISTING SEPTIC TANKS AND OR LEECH FIELD DUE TO PALISADES FIRE. FOR SAFETY PURPOSES SCHEDULE A PRE-SITE VISIT WITH A CITY  INSPECTOR PRIOR TO THE START OF WORK. CONTACT CALTRANS IF ENCROACHMENT PERMIT REQUIRED.",False,False,https://publicaccess.ci.malibu.ca.us/onbase-portal/BuildingPermits/index.html?OBKey__19_1=809729,809729,19064,PACIFIC COAST HWY,2025-09-25T00:00:00,ESD-Street Files/Building Permits,PERMITS,,
4449003065,19062 PACIFIC COAST HWY,25-5034,SEPTIC,FINALLED,2025-06-06T00:00:00,2025-08-19T00:00:00,"PUMP SEPTIC TANK, REMOVAL OF EXISTING SEPTIC TANKS AND LEECH FIELD DUE TO PALISADES FIRE. FOR SAFETY PURPOSES, SCHEDULE A PRE-CONSTRUCTION SITE VISIT WITH A CITY INSPECTOR PRIOR TO THE START OF WORK. CONTACT CALTRANS IF ENCROACHMENT PERMIT REQUIRED",False,False,https://publicaccess.ci.malibu.ca.us/onbase-portal/BuildingPermits/index.html?OBKey__19_1=807994,807994,19062,PACIFIC COAST HWY,2025-06-06T00:00:00,ESD-Street Files/Building Permits,PERMITS,,
4449003066,19056 PACIFIC COAST HWY,25-5036,SEPTIC,FINALLED,2025-06-06T00:00:00,2025-08-19T00:00:00,"PUMP SEPTIC TANK, REMOVAL OF EXISTING SEPTIC TANKS AND OR LEECH FIELD DUE TO PALISADES FIRE. FOR SAFETY PURPOSES, SCHEDULE A PRE-CONSTRUCTION SITE VISIT WITH A CITY INSPECTOR PRIOR TO THE START OF WORK. CONTACT CALTRANS IF ENCROACHMENT PERMIT REQUIRE",False,False,https://publicaccess.ci.malibu.ca.us/onbase-portal/BuildingPermits/index.html?OBKey__19_1=807993,807993,19056,PACIFIC COAST HWY,2025-06-06T00:00:00,ESD-Street Files/Building Permits,PERMITS,,
4449003067,19054 PACIFIC COAST HWY,25-5062,SEPTIC,ISSUED,2025-07-18T00:00:00,,,False,False,https://publicaccess.ci.malibu.ca.us/onbase-portal/BuildingPermits/index.html?OBKey__19_1=799833,799833,19054,PACIFIC COAST HWY,2025-07-19T00:01:23,ESD-Street Files/Building Permits,PERMITS,,
4449003070,19040 PACIFIC COAST HWY,25-5043,SEPTIC,FINALLED,2025-06-16T00:00:00,2025-08-19T00:00:00,"PUMP SEPTIC TANK, REMOVAL OF EXISTING SEPTIC TANKS AND OR LEECH FIELD DUE TO PALISADES FIRE. FOR SAFETY PURPOSES SCHEDULE A PRE-CONSTRUCTION SITE VISIT WITH A CITY  INSPECTOR PRIOR TO THE START OF WORK. CONTACT CALTRANS IF ENCROACHMENT PERMIT REQUIRE",False,False,https://publicaccess.ci.malibu.ca.us/onbase-portal/BuildingPermits/index.html?OBKey__19_1=807992,807992,19040,PACIFIC COAST HWY,2025-06-16T00:00:00,ESD-Street Files/Building Permits,PERMITS,,
4449003071,19036 PACIFIC COAST HWY,25-5045,SEPTIC,FINALLED,2025-06-16T00:00:00,2025-08-19T00:00:00,"PUMP SEPTIC TANK, REMOVAL OF EXISTING SEPTIC TANKS AND OR LEECH FIELD DUE TO PALISADES FIRE. FOR SAFETY PURPOSES SCHEDULE A PRE-CONSTRUCTION SITE VISIT WITH A CITY  INSPECTOR PRIOR TO THE START OF WORK. CONTACT CALTRANS IF ENCROACHMENT PERMIT REQUIRE",False,False,https://publicaccess.ci.malibu.ca.us/onbase-portal/BuildingPermits/index.html?OBKey__19_1=807991,807991,19036,PACIFIC COAST HWY,2025-06-16T00:00:00,ESD-Street Files/Building Permits,PERMITS,,
4449003072,19034 PACIFIC COAST HWY,25-5084,SEPTIC,FINALLED,2025-08-18T00:00:00,2025-08-19T00:00:00,"PUMP SEPTIC TANK, REMOVAL OF EXISTING SEPTIC TANKS AND OR LEECH FIELD DUE TO PALISADES FIRE. FOR SAFETY PURPOSES SCHEDULE A PRE-SITE VISIT WITH A CITY  INSPECTOR PRIOR TO THE START OF WORK. CONTACT CALTRANS IF ENCROACHMENT PERMIT REQUIRED",False,False,https://publicaccess.ci.malibu.ca.us/onbase-portal/BuildingPermits/index.html?OBKey__19_1=807990,807990,19034,PACIFIC COAST HWY,2025-08-18T00:00:00,ESD-Street Files/Building Permits,PERMITS,,
4449003078,19014 PACIFIC COAST HWY,25-5056,SEPTIC,FINALLED,2025-07-02T00:00:00,2025-08-19T00:00:00,"PUMP SEPTIC TANK, REMOVAL OF EXISTING DAMAGED SEPTIC TANKS AND MAYBE LEECH FIELD DUE TO PALISADES FIRE. FOR SAFETY PURPOSES, SCHEDULE A PRE-CONSTRUCTION SITE VISIT WITH A CITY INSPECTOR PRIOR TO THE START OF WORK. CONTACT CALTRANS IF ENCROACHMENT PER",False,False,https://publicaccess.ci.malibu.ca.us/onbase-portal/BuildingPermits/index.html?OBKey__19_1=807989,807989,19014,PACIFIC COAST HWY,2025-07-02T00:00:00,ESD-Street Files/Building Permits,PERMITS,,
4449004001,19260 PACIFIC COAST HWY,25-0798,BUILDING,ISSUED,2025-04-30T00:00:00,,,False,False,https://publicaccess.ci.malibu.ca.us/onbase-portal/BuildingPermits/index.html?OBKey__19_1=791456,791456,19260,PACIFIC COAST HWY,2025-05-02T00:00:31,ESD-Street Files/Building Permits,PERMITS,,
4449004003,19252 PACIFIC COAST HWY,25-5090,SEPTIC,FINALLED,2025-09-08T00:00:00,2025-10-15T00:00:00,"PUMP SEPTIC TANK, REMOVAL OF EXISTING SEPTIC TANKS AND OR LEECH FIELD DUE TO PALISADES FIRE. FOR SAFETY PURPOSES SCHEDULE A PRE-SITE VISIT WITH A CITY  INSPECTOR PRIOR TO THE START OF WORK. CONTACT CALTRANS IF ENCROACHMENT PERMIT REQUIRED.",False,False,https://publicaccess.ci.malibu.ca.us/onbase-portal/BuildingPermits/index.html?OBKey__19_1=809730,809730,19252,PACIFIC COAST HWY,2025-09-08T00:00:00,ESD-Street Files/Building Permits,PERMITS,,
4449004046,19238 PACIFIC COAST HWY,25-5073,SEPTIC,ISSUED,2025-08-07T00:00:00,,"PUMP SEPTIC TANK, REMOVAL OF EXISTING SEPTIC TANKS AND LEECH FIELD DUE TO PALISADES FIRE. FOR SAFETY PURPOSES, SCHEDULE A PRE-CONSTRUCTION SITE VISIT WITH A CITY INSPECTOR PRIOR TO THE START OF WORK. CONTACT CALTRANS IF ENCROACHMENT PERMIT REQUIRED.",False,False,https://publicaccess.ci.malibu.ca.us/onbase-portal/BuildingPermits/index.html?OBKey__19_1=802275,802275,19238,PACIFIC COAST HWY,2025-08-08T00:00:39,ESD-Street Files/Building Permits,PERMITS,,
4449004049,19228 PACIFIC COAST HWY,25-1020,BUILDING,ISSUED,2025-06-02T00:00:00,,"DEBRIS REMOVAL DUE TO PALISADES FIRE. PRIOR TO COMMENCEMENT OF DEBRIS REMOVAL, ALL ONSITE WASTEWATER TREATMENT SYSTEM COMPONENTS MUST BE LOCATED, PROTECTED IN PLACE, AND CAPPED AS NECESSARY WHERE APPLICABLE.   SCHEDULE A PRE-SITE MEETING WITH A CITY",False,False,https://publicaccess.ci.malibu.ca.us/onbase-portal/BuildingPermits/index.html?OBKey__19_1=795154,795154,19228,PACIFIC COAST HWY,2025-06-02T00:00:00,ESD-Street Files/Building Permits,PERMITS,,
4449004060,19150 PACIFIC COAST HWY,25-5049,SEPTIC,ISSUED,2025-06-24T00:00:00,,,False,False,https://publicaccess.ci.malibu.ca.us/onbase-portal/BuildingPermits/index.html?OBKey__19_1=797187,797187,19150,PACIFIC COAST HWY,2025-06-25T00:00:20,ESD-Street Files/Building Permits,PERMITS,,
4449004062,19144 PACIFIC COAST HWY,25-0710,BUILDING,FINALLED,2025-04-21T00:00:00,2026-02-18T00:00:00,"DEBRIS REMOVAL OF SFR DUE TO PALISADES FIRE. PRIOR TO COMMENCEMENT OF DEBRIS REMOVAL, ALL ONSITE WASTEWATER TREATMENT SYSTEM COMPONENTS MUST BE LOCATED, PROTECTED IN PLACE, AND CAPPED AS NECESSARY WHERE APPLICABLE.   SCHEDULE A PRE- SITE MEETING WITH",False,False,https://publicaccess.ci.malibu.ca.us/onbase-portal/BuildingPermits/index.html?OBKey__19_1=822271,822271,19144,PACIFIC COAST HWY,2025-04-21T00:00:00,ESD-Street Files/Building Permits,PERMITS,,
4449005015,19306 PACIFIC COAST HWY,25-0707,BUILDING,OPENED,2025-04-21T00:00:00,,,False,False,https://publicaccess.ci.malibu.ca.us/onbase-portal/BuildingPermits/index.html?OBKey__19_1=790943,790943,19306,PACIFIC COAST HWY,2025-04-30T00:00:51,ESD-Street Files/Building Permits,PERMITS,,
4449007001,19728 PACIFIC COAST HWY,25-2318,BUILDING,ISSUED,2025-12-04T00:00:00,,,False,False,https://publicaccess.ci.malibu.ca.us/onbase-portal/BuildingPermits/index.html?OBKey__19_1=814537,814537,19728,PACIFIC COAST HWY,2025-12-05T00:00:31,ESD-Street Files/Building Permits,PERMITS,,
4449007003,19718 PACIFIC COAST HWY,26-0388,BUILDING,ISSUED,2026-02-20T00:00:00,,"REPAIR OF EXISTING SHOTCREET SEAWALL  83 LN FT X 16' HIGH, GRADEBEAM 1: 69 LF +/- W/14 MICRO PILES @ 10"", GRADEBEAM 2: 83.5 LF +/- W/ 82 MICRO PILES @ 8""  PRE-SITE INSPECTOR MEETING REQUIRED PRIOR TO START OF WORK.  CODE ENFORCEMENT INSPECTION REQUIR",False,False,https://publicaccess.ci.malibu.ca.us/onbase-portal/BuildingPermits/index.html?OBKey__19_1=823117,823117,19718,PACIFIC COAST HWY,2026-02-20T00:00:00,ESD-Street Files/Building Permits,PERMITS,,
4449007900,19602 PACIFIC COAST HWY,25-1334,BUILDING,VOID,2025-07-18T00:00:00,,"DEBRIS REMOVAL WITHIN EASEMENT DUE TO PALISADES FIRE. PRIOR TO COMMENCEMENT OF DEBRIS REMOVAL, ALL ONSITE WASTEWATER TREATMENT SYSTEM COMPONENTS MUST BE LOCATED, PROTECTED IN PLACE, AND CAPPED AS NECESSARY WHERE APPLICABLE.   SCHEDULE A PRE-SITE MEET",False,False,https://publicaccess.ci.malibu.ca.us/onbase-portal/BuildingPermits/index.html?OBKey__19_1=807999,807999,19602,PACIFIC COAST HWY,2025-07-18T00:00:00,ESD-Street Files/Building Permits,PERMITS,,
4449008001,19858 PACIFIC COAST HWY,25-5105,SEPTIC,FINALLED,2025-10-08T00:00:00,2025-11-12T00:00:00,"PUMP SEPTIC TANK, REMOVAL OF EXISTING SEPTIC TANKS AND OR LEECH FIELD DUE TO PALISADES FIRE. FOR SAFETY PURPOSES SCHEDULE A PRE-SITE VISIT WITH A CITY  INSPECTOR PRIOR TO THE START OF WORK. CONTACT CALTRANS IF ENCROACHMENT PERMIT REQUIRED",False,False,https://publicaccess.ci.malibu.ca.us/onbase-portal/BuildingPermits/index.html?OBKey__19_1=813040,813040,19858,PACIFIC COAST HWY,2025-10-08T00:00:00,ESD-Street Files/Building Permits,PERMITS,,
4449008003,19850 PACIFIC COAST HWY,25-0972,BUILDING,FINALLED,2025-05-27T00:00:00,2025-08-28T00:00:00,"DEBRIS REMOVAL DUE TO PALISADES FIRE. PRIOR TO COMMENCEMENT OF DEBRIS REMOVAL, ALL ONSITE WASTEWATER TREATMENT SYSTEM COMPONENTS MUST BE LOCATED, PROTECTED IN PLACE, AND CAPPED AS NECESSARY WHERE APPLICABLE.   SCHEDULE A PRE-SITE MEETING WITH A CITY",False,False,https://publicaccess.ci.malibu.ca.us/onbase-portal/BuildingPermits/index.html?OBKey__19_1=808001,808001,19850,PACIFIC COAST HWY,2025-05-27T00:00:00,ESD-Street Files/Building Permits,PERMITS,,
4449008004,"19848 PACIFIC COAST HWY, 2",25-5033,SEPTIC,FINALLED,2025-06-06T00:00:00,2025-08-19T00:00:00,"PUMP SEPTIC TANK, REMOVAL OF EXISTING SEPTIC TANKS AND LEECH FIELD DUE TO PALISADES FIRE. FOR SAFETY PURPOSES, SCHEDULE A PRE-CONSTRUCTION SITE VISIT WITH A CITY INSPECTOR PRIOR TO THE START OF WORK. CONTACT CALTRANS IF ENCROACHMENT PERMIT REQUIRED",False,False,https://publicaccess.ci.malibu.ca.us/onbase-portal/BuildingPermits/index.html?OBKey__19_1=808000,808000,19848,PACIFIC COAST HWY,2025-06-06T00:00:00,ESD-Street Files/Building Permits,PERMITS,2,
4449008006,19834 PACIFIC COAST HWY,25-1665,BUILDING,FINALLED,2025-09-17T00:00:00,2025-10-21T00:00:00,"DEBRIS REMOVAL DUE TO PALISADES FIRE. PRIOR TO COMMENCEMENT OF DEBRIS REMOVAL, ALL ONSITE WASTEWATER TREATMENT SYSTEM COMPONENTS MUST BE LOCATED, PROTECTED IN PLACE, AND CAPPED AS NECESSARY WHERE APPLICABLE.   SCHEDULE A PRE-SITE MEETING WITH A CITY",False,False,https://publicaccess.ci.malibu.ca.us/onbase-portal/BuildingPermits/index.html?OBKey__19_1=810249,810249,19834,PACIFIC COAST HWY,2025-09-17T00:00:00,ESD-Street Files/Building Permits,PERMITS,,
4449008009,19820 PACIFIC COAST HWY,26-1044,PLUMBING,ISSUED,2026-05-12T00:00:00,,ESFR - REMOVE (E) TANK WATER HEATER IN INDOOR CLOSET AND INSTALL (N) TANKLESS WATER HEATER INSIDE GARAGE,False,False,https://publicaccess.ci.malibu.ca.us/onbase-portal/BuildingPermits/index.html?OBKey__19_1=829246,829246,19820,PACIFIC COAST HWY,2026-05-12T00:00:00,ESD-Street Files/Building Permits,PERMITS,,
4449008013,19750 PACIFIC COAST HWY,25-2136,BUILDING,ISSUED,2025-11-13T00:00:00,,,False,False,https://publicaccess.ci.malibu.ca.us/onbase-portal/BuildingPermits/index.html?OBKey__19_1=812816,812816,19750,PACIFIC COAST HWY,2025-11-14T00:01:19,ESD-Street Files/Building Permits,PERMITS,,
4449008014,19742 PACIFIC COAST HWY,25-0691,PLUMBING,FINALLED,2025-04-21T00:00:00,2025-08-22T00:00:00,"REPLACEMENT OF PLUMBING FIXTURES FOR KITCHEN AND BATHROOM REMODEL. REF: 24-2039, 24-2038",False,False,https://publicaccess.ci.malibu.ca.us/onbase-portal/BuildingPermits/index.html?OBKey__19_1=809300,809300,19742,PACIFIC COAST HWY,2025-04-21T00:00:00,ESD-Street Files/Building Permits,PERMITS,,
4449009012,18805 PACIFIC COAST HWY,25-1220,BUILDING,FINALLED,2025-06-26T00:00:00,2025-07-17T00:00:00,"DEBRIS REMOVAL DUE TO PALISADES FIRE. PRIOR TO COMMENCEMENT OF DEBRIS REMOVAL, ALL ONSITE WASTEWATER TREATMENT SYSTEM COMPONENTS MUST BE LOCATED, PROTECTED IN PLACE, AND CAPPED AS NECESSARY WHERE APPLICABLE.  SCHEDULE A PRE-SITE MEETING WITH A CITY I",False,False,https://publicaccess.ci.malibu.ca.us/onbase-portal/BuildingPermits/index.html?OBKey__19_1=799934,799934,18805,PACIFIC COAST HWY,2025-06-26T00:00:00,ESD-Street Files/Building Permits,PERMITS,,
4449010009,19419 PACIFIC COAST HWY,25-2039,TEMP HOUSING,ISSUED,2025-11-04T00:00:00,,TEMPORARY HOUSING - MANUFACTURED HOME  *TEMP HOUSING VALID FOR 4 YEARS,False,False,https://publicaccess.ci.malibu.ca.us/onbase-portal/BuildingPermits/index.html?OBKey__19_1=812255,812255,19419,PACIFIC COAST HWY,2025-11-04T00:00:00,ESD-Street Files/Building Permits,PERMITS,,
4449012002,20201 BIG ROCK DR,25-1204,BUILDING,FINALLED,2025-06-24T00:00:00,2025-08-01T00:00:00,"DEBRIS REMOVAL DUE TO PALISADES FIRE. PRIOR TO COMMENCEMENT OF DEBRIS REMOVAL, ALL ONSITE WASTEWATER TREATMENT SYSTEM COMPONENTS MUST BE LOCATED, PROTECTED IN PLACE, AND CAPPED AS NECESSARY WHERE APPLICABLE.   SCHEDULE A PRE-SITE MEETING WITH A CITY",False,False,https://publicaccess.ci.malibu.ca.us/onbase-portal/BuildingPermits/index.html?OBKey__19_1=801772,801772,20201,BIG ROCK DR,2025-06-24T00:00:00,ESD-Street Files/Building Permits,PERMITS,,
4449012003,20109 BIG ROCK DR,25-0948,BUILDING,FINALLED,2025-05-12T00:00:00,2025-10-08T00:00:00,"DEBRIS REMOVAL DUE TO PALISADES FIRE. PRIOR TO COMMENCEMENT OF DEBRIS REMOVAL, ALL ONSITE WASTEWATER TREATMENT SYSTEM COMPONENTS MUST BE LOCATED, PROTECTED IN PLACE, AND CAPPED AS NECESSARY WHERE APPLICABLE.   SCHEDULE A PRE-SITE MEETING WITH A CITY",False,False,https://publicaccess.ci.malibu.ca.us/onbase-portal/BuildingPermits/index.html?OBKey__19_1=809168,809168,20109,BIG ROCK DR,2025-05-12T00:00:00,ESD-Street Files/Building Permits,PERMITS,,
4449013002,20400 LITTLE ROCK WAY,26-1480,BUILDING,ISSUED,2026-06-18T00:00:00,,"NEW PRE-MANUFACTURED HOME ON CONCRETE SLAB – PALISADES FIRE REBUILD  SINGLE STORY: 1,349 SF  ATT. GARAGE: 360 SF (SITE BUILT)  TOTAL: 1,709 SF",True,False,https://publicaccess.ci.malibu.ca.us/onbase-portal/BuildingPermits/index.html?OBKey__19_1=832890,832890,20400,LITTLE ROCK WAY,2026-07-01T00:01:49,ESD-Street Files/Building Permits,PERMITS,,
4449013003,20402 LITTLE ROCK WAY,25-0530,BUILDING,FINALLED,2025-04-01T00:00:00,2025-08-19T00:00:00,"DEBRIS REMOVAL OF SFR DUE TO PALISADES FIRE. PRIOR TO COMMENCEMENT OF DEBRIS REMOVAL, ALL ONSITE WASTEWATER TREATMENT SYSTEM COMPONENTS MUST BE LOCATED, PROTECTED IN PLACE, AND CAPPED AS NECESSARY WHERE APPLICABLE.   SCHEDULE A PRE- SITE MEETING WITH",False,False,https://publicaccess.ci.malibu.ca.us/onbase-portal/BuildingPermits/index.html?OBKey__19_1=806885,806885,20402,LITTLE ROCK WAY,2025-04-01T00:00:00,ESD-Street Files/Building Permits,PERMITS,,
4449013005,20507 BIG ROCK DR,25-0525,BUILDING,FINALLED,2025-04-01T00:00:00,2025-09-18T00:00:00,"DEBRIS REMOVAL OF SFR DUE TO PALISADES FIRE. PRIOR TO COMMENCEMENT OF DEBRIS REMOVAL, ALL ONSITE WASTEWATER TREATMENT SYSTEM COMPONENTS MUST BE LOCATED, PROTECTED IN PLACE, AND CAPPED AS NECESSARY WHERE APPLICABLE.   SCHEDULE A PRE- SITE MEETING WITH",False,False,https://publicaccess.ci.malibu.ca.us/onbase-portal/BuildingPermits/index.html?OBKey__19_1=806828,806828,20507,BIG ROCK DR,2025-04-01T00:00:00,ESD-Street Files/Building Permits,PERMITS,,
4449013006,20505 BIG ROCK DR,25-0426,BUILDING,ISSUED,2025-03-20T00:00:00,,"DEBRIS REMOVAL OF SFR DUE TO PALISADES FIRE. PRIOR TO COMMENCEMENT OF DEBRIS REMOVAL, ALL ONSITE WASTEWATER TREATMENT SYSTEM COMPONENTS MUST BE LOCATED, PROTECTED IN PLACE, AND CAPPED AS NECESSARY WHERE APPLICABLE.   FOR SAFETY PURPOSES, SCHEDULE A P",False,False,https://publicaccess.ci.malibu.ca.us/onbase-portal/BuildingPermits/index.html?OBKey__19_1=786887,786887,20505,BIG ROCK DR,2025-03-20T00:00:00,ESD-Street Files/Building Permits,PERMITS,,
4449013008,20509 BIG ROCK DR,26-0926,BUILDING,ISSUED,2026-04-27T00:00:00,,ESFR INTERIOR STRUCTURAL REMODEL INCLUDING KITCHEN AND LAUNDRY ROOM (480 SF).,False,False,https://publicaccess.ci.malibu.ca.us/onbase-portal/BuildingPermits/index.html?OBKey__19_1=827995,827995,20509,BIG ROCK DR,2026-04-27T00:00:00,ESD-Street Files/Building Permits,PERMITS,,
4449013011,20529 BIG ROCK DR,26-1752,BUILDING,ISSUED,2026-07-23T00:00:00,,"EXTERIOR SITE WORK – EXTENSION OF DRIVEWAY, INCLUDING MODIFICATIONS TO SITE WALLS AND ENTRY GATE",False,False,https://publicaccess.ci.malibu.ca.us/onbase-portal/BuildingPermits/index.html?OBKey__19_1=834591,834591,20529,BIG ROCK DR,2026-07-25T00:01:14,ESD-Street Files/Building Permits,PERMITS,,
4449014012,20628 ROCKCROFT DR,25-0428,BUILDING,FINALLED,2025-03-20T00:00:00,2025-08-06T00:00:00,"DEBRIS REMOVAL OF SFR DUE TO PALISADES FIRE. PRIOR TO COMMENCEMENT OF DEBRIS REMOVAL, ALL ONSITE WASTEWATER TREATMENT SYSTEM COMPONENTS MUST BE LOCATED, PROTECTED IN PLACE, AND CAPPED AS NECESSARY WHERE APPLICABLE.   SCHEDULE A PRE-CONSTRUCTION SITE",False,False,https://publicaccess.ci.malibu.ca.us/onbase-portal/BuildingPermits/index.html?OBKey__19_1=808026,808026,20628,ROCKCROFT DR,2025-03-20T00:00:00,ESD-Street Files/Building Permits,PERMITS,,
4449014013,20563 BIG ROCK DR,26-0153,BUILDING,ISSUED,2026-01-22T00:00:00,,PARTIAL RE-ROOFING FLAT SECTION ONLY (12 SQUARES) TORCH DOWN. ROOFING MATERIAL MUST MEET CLASS A AND CRRC REQUIREMENTS. NO STRUCTURAL CHANGES AUTHORIZED. PERMIT WILL NOT BE FINALED UNTIL PERMIT TO REINSTALL ROOF MOUNTED SOLAR SYSTEM HAS BEEN APPROVED,False,False,https://publicaccess.ci.malibu.ca.us/onbase-portal/BuildingPermits/index.html?OBKey__19_1=819815,819815,20563,BIG ROCK DR,2026-01-22T00:00:00,ESD-Street Files/Building Permits,PERMITS,,
4449014015,20636 WHITECAP WAY,25-1033,BUILDING,FINALLED,2025-06-03T00:00:00,2025-08-06T00:00:00,"DEBRIS REMOVAL DUE TO PALISADES FIRE. PRIOR TO COMMENCEMENT OF DEBRIS REMOVAL, ALL ONSITE WASTEWATER TREATMENT SYSTEM COMPONENTS MUST BE LOCATED, PROTECTED IN PLACE, AND CAPPED AS NECESSARY WHERE APPLICABLE.   SCHEDULE A PRE-SITE MEETING WITH A CITY",False,False,https://publicaccess.ci.malibu.ca.us/onbase-portal/BuildingPermits/index.html?OBKey__19_1=808036,808036,20636,WHITECAP WAY,2025-06-03T00:00:00,ESD-Street Files/Building Permits,PERMITS,,
4449014016,20620 WHITECAP WAY,25-1032,BUILDING,FINALLED,2025-06-03T00:00:00,2025-08-06T00:00:00,"DEBRIS REMOVAL DUE TO PALISADES FIRE. PRIOR TO COMMENCEMENT OF DEBRIS REMOVAL, ALL ONSITE WASTEWATER TREATMENT SYSTEM COMPONENTS MUST BE LOCATED, PROTECTED IN PLACE, AND CAPPED AS NECESSARY WHERE APPLICABLE.   SCHEDULE A PRE-SITE MEETING WITH A CITY",False,False,https://publicaccess.ci.malibu.ca.us/onbase-portal/BuildingPermits/index.html?OBKey__19_1=808035,808035,20620,WHITECAP WAY,2025-06-03T00:00:00,ESD-Street Files/Building Permits,PERMITS,,
4449015004,20860 BIG ROCK DR,25-0533,BUILDING,FINALLED,2025-04-02T00:00:00,2025-10-14T00:00:00,"DEBRIS REMOVAL OF SFR DUE TO PALISADES FIRE. PRIOR TO COMMENCEMENT OF DEBRIS REMOVAL, ALL ONSITE WASTEWATER TREATMENT SYSTEM COMPONENTS MUST BE LOCATED, PROTECTED IN PLACE, AND CAPPED AS NECESSARY WHERE APPLICABLE.   SCHEDULE A PRE- SITE MEETING WITH",False,False,https://publicaccess.ci.malibu.ca.us/onbase-portal/BuildingPermits/index.html?OBKey__19_1=809728,809728,20860,BIG ROCK DR,2025-04-02T00:00:00,ESD-Street Files/Building Permits,PERMITS,,
4449015010,20734 BIG ROCK DR,26-0469,BUILDING,ISSUED,2026-03-04T00:00:00,,"ESFR –  REMOVE AND REPLACE WOOD DECK SUROUNDING POOL, INSTALL NEW CONCRETE STEPS TO INCLUDE 42"" GUARDRAIL ON NEW DECK AND STEPS,REPLACE WOOD FENCE AT THE BACK OF POOL AREA, IN KIND DUE TO PALISADES FIRE DAMAGE.",False,False,https://publicaccess.ci.malibu.ca.us/onbase-portal/BuildingPermits/index.html?OBKey__19_1=823961,823961,20734,BIG ROCK DR,2026-03-04T00:00:00,ESD-Street Files/Building Permits,PERMITS,,
4449015011,20776 BIG ROCK DR,26-0808,MECHANICAL,ISSUED,2026-04-13T00:00:00,,REPLACE DUCTING/SFR,False,False,https://publicaccess.ci.malibu.ca.us/onbase-portal/BuildingPermits/index.html?OBKey__19_1=827569,827569,20776,BIG ROCK DR,2026-04-13T00:00:00,ESD-Street Files/Building Permits,PERMITS,,
4449015012,20721 BIG ROCK DR,26-1490,BUILDING,ISSUED,2026-07-08T00:00:00,,"NSFR/ATT. GARAGE, CONCRETE SLAB FOUNDATION - PALISADES FIRE REBUILD  SINGLE STORY: 3,058 SF  ATT. GARAGE: 490 SF  TOTAL: 3,548 SF  ROOF TOP DECK",True,False,https://publicaccess.ci.malibu.ca.us/onbase-portal/BuildingPermits/index.html?OBKey__19_1=833643,833643,20721,BIG ROCK DR,2026-07-11T00:00:31,ESD-Street Files/Building Permits,PERMITS,,
4449015020,20777 BIG ROCK DR,26-0428,BUILDING,ISSUED,2026-02-24T00:00:00,,"ESFR - RE-ROOF 34 SQUARES / TEAR OFF TO PLYWOOD. REPLACE AS NEEDED. INSTALL 34 SQUARES OF TITANIUM FR UNDERLAYMENT (CCRR-1024), STANDING SEAM METAL ROOFING. DAMAGED BY PALISADES FIRE   MUST MEET CLASS A AND CRRC REQUIREMENTS. NO STRUCTURAL CHANGES AU",False,False,https://publicaccess.ci.malibu.ca.us/onbase-portal/BuildingPermits/index.html?OBKey__19_1=822864,822864,20777,BIG ROCK DR,2026-02-24T00:00:00,ESD-Street Files/Building Permits,PERMITS,,
4449015023,20832 BIG ROCK DR,26-1495,BUILDING,ISSUED,2026-06-18T00:00:00,,"NSFR - CONCRETE SLAB FOUNDATION - PALISADES FIRE REBUILD  SINGLE STORY: 2,967 SF  ATT. DECKS",True,False,https://publicaccess.ci.malibu.ca.us/onbase-portal/BuildingPermits/index.html?OBKey__19_1=833638,833638,20832,BIG ROCK DR,2026-07-11T00:00:31,ESD-Street Files/Building Permits,PERMITS,,
4449016004,20871 BIG ROCK DR,26-1029,BUILDING,ISSUED,2026-05-08T00:00:00,,"NEW CONCRETE SITE WALL 105 LN FT X 6 FT MAX HEIGHT, TO REPLACE EXISTING FENCE, NEW CONCRETE STAIRS TO REPLACE EXISTING STARIS DESTROYED IN THE PALISADES FIRE.   PRE-SITE INSPECTION REQUIRED PRIOR TO START OF WORK.",False,False,https://publicaccess.ci.malibu.ca.us/onbase-portal/BuildingPermits/index.html?OBKey__19_1=829237,829237,20871,BIG ROCK DR,2026-05-08T00:00:00,ESD-Street Files/Building Permits,PERMITS,,
4449016006,20851 BIG ROCK DR,25-1089,BUILDING,FINALLED,2025-06-10T00:00:00,2025-07-31T00:00:00,"DEBRIS REMOVAL DUE TO PALISADES FIRE. PRIOR TO COMMENCEMENT OF DEBRIS REMOVAL, ALL ONSITE WASTEWATER TREATMENT SYSTEM COMPONENTS MUST BE LOCATED, PROTECTED IN PLACE, AND CAPPED AS NECESSARY WHERE APPLICABLE.   SCHEDULE A PRE-SITE MEETING WITH A CITY",False,False,https://publicaccess.ci.malibu.ca.us/onbase-portal/BuildingPermits/index.html?OBKey__19_1=801595,801595,20851,BIG ROCK DR,2025-06-10T00:00:00,ESD-Street Files/Building Permits,PERMITS,,
4450001033,19926 PACIFIC COAST HWY,25-0567,BUILDING,ISSUED,2025-04-07T00:00:00,,"DEBRIS REMOVAL DUE TO PALISADES FIRE. PRIOR TO COMMENCEMENT OF DEBRIS REMOVAL, ALL ONSITE WASTEWATER TREATMENT SYSTEM COMPONENTS MUST BE LOCATED, PROTECTED IN PLACE, AND CAPPED AS NECESSARY WHERE APPLICABLE.   SCHEDULE A PRE- SITE MEETING WITH A CITY",False,False,https://publicaccess.ci.malibu.ca.us/onbase-portal/BuildingPermits/index.html?OBKey__19_1=788840,788840,19926,PACIFIC COAST HWY,2025-04-07T00:00:00,ESD-Street Files/Building Permits,PERMITS,,
4450001034,19922 PACIFIC COAST HWY,25-0566,BUILDING,ISSUED,2025-04-07T00:00:00,,"DEBRIS REMOVAL DUE TO PALISADES FIRE. PRIOR TO COMMENCEMENT OF DEBRIS REMOVAL, ALL ONSITE WASTEWATER TREATMENT SYSTEM COMPONENTS MUST BE LOCATED, PROTECTED IN PLACE, AND CAPPED AS NECESSARY WHERE APPLICABLE.   SCHEDULE A PRE- SITE MEETING WITH A CITY",False,False,https://publicaccess.ci.malibu.ca.us/onbase-portal/BuildingPermits/index.html?OBKey__19_1=788842,788842,19922,PACIFIC COAST HWY,2025-04-07T00:00:00,ESD-Street Files/Building Permits,PERMITS,,
4450001035,19916 PACIFIC COAST HWY,25-1200,BUILDING,FINALLED,2025-06-24T00:00:00,2025-09-22T00:00:00,"DEBRIS REMOVAL DUE TO PALISADES FIRE. PRIOR TO COMMENCEMENT OF DEBRIS REMOVAL, ALL ONSITE WASTEWATER TREATMENT SYSTEM COMPONENTS MUST BE LOCATED, PROTECTED IN PLACE, AND CAPPED AS NECESSARY WHERE APPLICABLE. SCHEDULE A PRE-SITE MEETING WITH A CITY IN",False,False,https://publicaccess.ci.malibu.ca.us/onbase-portal/BuildingPermits/index.html?OBKey__19_1=807903,807903,19916,PACIFIC COAST HWY,2025-06-24T00:00:00,ESD-Street Files/Building Permits,PERMITS,,
4450002039,20124 PACIFIC COAST HWY,25-1787,BUILDING,ISSUED,2025-10-09T00:00:00,,"DEBRIS REMOVAL DUE TO PALISADES FIRE. PRIOR TO COMMENCEMENT OF DEBRIS REMOVAL, ALL ONSITE WASTEWATER TREATMENT SYSTEM COMPONENTS MUST BE LOCATED, PROTECTED IN PLACE, AND CAPPED AS NECESSARY WHERE APPLICABLE.   SCHEDULE A PRE-SITE MEETING WITH A CITY",False,False,https://publicaccess.ci.malibu.ca.us/onbase-portal/BuildingPermits/index.html?OBKey__19_1=808997,808997,20124,PACIFIC COAST HWY,2025-10-09T00:00:00,ESD-Street Files/Building Permits,PERMITS,,
4450002040,20120 PACIFIC COAST HWY,25-2004,BUILDING,ISSUED,2025-10-30T00:00:00,,"DEBRIS REMOVAL DUE TO PALISADES FIRE. PRIOR TO COMMENCEMENT OF DEBRIS REMOVAL, ALL ONSITE WASTEWATER TREATMENT SYSTEM COMPONENTS MUST BE LOCATED, PROTECTED IN PLACE, AND CAPPED AS NECESSARY WHERE APPLICABLE.   SCHEDULE A PRE-SITE MEETING WITH A CITY",False,False,https://publicaccess.ci.malibu.ca.us/onbase-portal/BuildingPermits/index.html?OBKey__19_1=811552,811552,20120,PACIFIC COAST HWY,2025-10-30T00:00:00,ESD-Street Files/Building Permits,PERMITS,,
4450002043,20102 PACIFIC COAST HWY,26-1419,BUILDING,ISSUED,2026-07-24T00:00:00,,"NSFR/ATT. GARAGE – PALISADES FIRE  1ST FLOOR: 1,259 SF  2ND FLOOR: 1,688 SF  ATT. GARAGE: 355 SF  TOTAL: 2,947 SF",False,False,https://publicaccess.ci.malibu.ca.us/onbase-portal/BuildingPermits/index.html?OBKey__19_1=834716,834716,20102,PACIFIC COAST HWY,2026-07-27T21:01:24,ESD-Street Files/Building Permits,PERMITS,,
4450002048,20044 PACIFIC COAST HWY,25-1778,BUILDING,ISSUED,2025-10-07T00:00:00,,"DEBRIS REMOVAL DUE TO PALISADES FIRE. PRIOR TO COMMENCEMENT OF DEBRIS REMOVAL, ALL ONSITE WASTEWATER TREATMENT SYSTEM COMPONENTS MUST BE LOCATED, PROTECTED IN PLACE, AND CAPPED AS NECESSARY WHERE APPLICABLE.   SCHEDULE A PRE-SITE MEETING WITH A CITY",False,False,https://publicaccess.ci.malibu.ca.us/onbase-portal/BuildingPermits/index.html?OBKey__19_1=808647,808647,20044,PACIFIC COAST HWY,2025-10-07T00:00:00,ESD-Street Files/Building Permits,PERMITS,,
4450002052,20020 PACIFIC COAST HWY,25-0954,BUILDING,FINALLED,2025-05-22T00:00:00,2025-08-12T00:00:00,"DEBRIS REMOVAL DUE TO PALISADES FIRE. PRIOR TO COMMENCEMENT OF DEBRIS REMOVAL, ALL ONSITE WASTEWATER TREATMENT SYSTEM COMPONENTS MUST BE LOCATED, PROTECTED IN PLACE, AND CAPPED AS NECESSARY WHERE APPLICABLE.   SCHEDULE A PRE-SITE MEETING WITH A CITY",False,False,https://publicaccess.ci.malibu.ca.us/onbase-portal/BuildingPermits/index.html?OBKey__19_1=808003,808003,20020,PACIFIC COAST HWY,2025-05-22T00:00:00,ESD-Street Files/Building Permits,PERMITS,,
4450003014,20214 PACIFIC COAST HWY,25-0686,BUILDING,VOID,2025-04-17T00:00:00,,"DEBRIS REMOVAL DUE TO PALISADES FIRE. PRIOR TO COMMENCEMENT OF DEBRIS REMOVAL, ALL ONSITE WASTEWATER TREATMENT SYSTEM COMPONENTS MUST BE LOCATED, PROTECTED IN PLACE, AND CAPPED AS NECESSARY WHERE APPLICABLE.   SCHEDULE A PRE- SITE MEETING WITH A CITY",False,False,https://publicaccess.ci.malibu.ca.us/onbase-portal/BuildingPermits/index.html?OBKey__19_1=799490,799490,20214,PACIFIC COAST HWY,2025-04-17T00:00:00,ESD-Street Files/Building Permits,PERMITS,,
4450003016,20202 PACIFIC COAST HWY,25-1713,BUILDING,FINALLED,2025-09-23T00:00:00,2025-11-05T00:00:00,"DEBRIS REMOVAL DUE TO PALISADES FIRE. PRIOR TO COMMENCEMENT OF DEBRIS REMOVAL, ALL ONSITE WASTEWATER TREATMENT SYSTEM COMPONENTS MUST BE LOCATED, PROTECTED IN PLACE, AND CAPPED AS NECESSARY WHERE APPLICABLE.   SCHEDULE A PRE-SITE MEETING WITH A CITY",False,False,https://publicaccess.ci.malibu.ca.us/onbase-portal/BuildingPermits/index.html?OBKey__19_1=812215,812215,20202,PACIFIC COAST HWY,2025-09-23T00:00:00,ESD-Street Files/Building Permits,PERMITS,,
4450003018,20140 PACIFIC COAST HWY,25-1766,BUILDING,ISSUED,2025-10-02T00:00:00,,"DEBRIS REMOVAL DUE TO PALISADES FIRE. PRIOR TO COMMENCEMENT OF DEBRIS REMOVAL, ALL ONSITE WASTEWATER TREATMENT SYSTEM COMPONENTS MUST BE LOCATED, PROTECTED IN PLACE, AND CAPPED AS NECESSARY WHERE APPLICABLE.   SCHEDULE A PRE-SITE MEETING WITH A CITY",False,False,https://publicaccess.ci.malibu.ca.us/onbase-portal/BuildingPermits/index.html?OBKey__19_1=808431,808431,20140,PACIFIC COAST HWY,2025-10-02T00:00:00,ESD-Street Files/Building Permits,PERMITS,,
4450004029,20356 PACIFIC COAST HWY,25-1915,BUILDING,ISSUED,2025-10-22T00:00:00,,"DEBRIS REMOVAL DUE TO PALISADES FIRE. PRIOR TO COMMENCEMENT OF DEBRIS REMOVAL, ALL ONSITE WASTEWATER TREATMENT SYSTEM COMPONENTS MUST BE LOCATED, PROTECTED IN PLACE, AND CAPPED AS NECESSARY WHERE APPLICABLE.   SCHEDULE A PRE-SITE MEETING WITH A CITY",False,False,https://publicaccess.ci.malibu.ca.us/onbase-portal/BuildingPermits/index.html?OBKey__19_1=810698,810698,20356,PACIFIC COAST HWY,2025-10-22T00:00:00,ESD-Street Files/Building Permits,PERMITS,,
4450004034,20308 PACIFIC COAST HWY,25-0807,BUILDING,OPENED,2025-05-01T00:00:00,,,False,False,https://publicaccess.ci.malibu.ca.us/onbase-portal/BuildingPermits/index.html?OBKey__19_1=791718,791718,20308,PACIFIC COAST HWY,2025-05-03T00:01:32,ESD-Street Files/Building Permits,PERMITS,,
4450004035,20300 PACIFIC COAST HWY,25-1448,BUILDING,FINALLED,2025-08-12T00:00:00,2025-09-22T00:00:00,"DEBRIS REMOVAL OF SFR DUE TO PALISADES FIRE. PRIOR TO COMMENCEMENT OF DEBRIS REMOVAL, ALL ONSITE WASTEWATER TREATMENT SYSTEM COMPONENTS MUST BE LOCATED, PROTECTED IN PLACE, AND CAPPED AS NECESSARY WHERE APPLICABLE.   SCHEDULE A PRE- SITE MEETING WITH",False,False,https://publicaccess.ci.malibu.ca.us/onbase-portal/BuildingPermits/index.html?OBKey__19_1=807904,807904,20300,PACIFIC COAST HWY,2025-08-12T00:00:00,ESD-Street Files/Building Permits,PERMITS,,
4450005042,20536 PACIFIC COAST HWY,25-0728,BUILDING,ISSUED,2025-04-23T00:00:00,,"DEBRIS REMOVAL DUE TO PALISADES FIRE. PRIOR TO COMMENCEMENT OF DEBRIS REMOVAL, ALL ONSITE WASTEWATER TREATMENT SYSTEM COMPONENTS MUST BE LOCATED, PROTECTED IN PLACE, AND CAPPED AS NECESSARY WHERE APPLICABLE.   SCHEDULE A PRE-SITE MEETING WITH A CITY",False,False,https://publicaccess.ci.malibu.ca.us/onbase-portal/BuildingPermits/index.html?OBKey__19_1=790400,790400,20536,PACIFIC COAST HWY,2025-04-23T00:00:00,ESD-Street Files/Building Permits,PERMITS,,
4450005043,20534 PACIFIC COAST HWY,25-1027,BUILDING,ISSUED,2025-06-02T00:00:00,,"DEBRIS REMOVAL DUE TO PALISADES FIRE. PRIOR TO COMMENCEMENT OF DEBRIS REMOVAL, ALL ONSITE WASTEWATER TREATMENT SYSTEM COMPONENTS MUST BE LOCATED, PROTECTED IN PLACE, AND CAPPED AS NECESSARY WHERE APPLICABLE.   SCHEDULE A PRE-SITE MEETING WITH A CITY",False,False,https://publicaccess.ci.malibu.ca.us/onbase-portal/BuildingPermits/index.html?OBKey__19_1=795160,795160,20534,PACIFIC COAST HWY,2025-06-02T00:00:00,ESD-Street Files/Building Permits,PERMITS,,
4450005049,20464 PACIFIC COAST HWY,25-1390,PLUMBING,ISSUED,2025-07-31T00:00:00,,"INSTALLATION OF (1) 11/4"" LITTLE FIREFIGHTER SGSOV FOR POINT OF SALE",False,False,https://publicaccess.ci.malibu.ca.us/onbase-portal/BuildingPermits/index.html?OBKey__19_1=801651,801651,20464,PACIFIC COAST HWY,2025-07-31T00:00:00,ESD-Street Files/Building Permits,PERMITS,,
4450005055,20448 PACIFIC COAST HWY,25-2421,BUILDING,ISSUED,2025-12-15T00:00:00,,ONE HOUR SITE INSPECTION WITH RYAN CERNY. DECK AND NEW DOOR,False,False,https://publicaccess.ci.malibu.ca.us/onbase-portal/BuildingPermits/index.html?OBKey__19_1=815546,815546,20448,PACIFIC COAST HWY,2025-12-15T00:00:00,ESD-Street Files/Building Permits,PERMITS,,
4450005056,20446 PACIFIC COAST HWY,26-0887,BUILDING,ISSUED,2026-04-22T00:00:00,,ESFR INTERIOR REMODEL - KITCHEN/ BATHROOMS,False,False,https://publicaccess.ci.malibu.ca.us/onbase-portal/BuildingPermits/index.html?OBKey__19_1=827618,827618,20446,PACIFIC COAST HWY,2026-04-22T00:00:00,ESD-Street Files/Building Permits,PERMITS,,
4450005057,20444 PACIFIC COAST HWY,26-0943,BUILDING,ISSUED,2026-04-29T00:00:00,,ESFR – REMOVE AND REPLACE (02) SLIDING PATIO DOORS IN SAME LOCATION DUE TO SMOKE DAMAGE FROM PALISADES FIRE,False,False,https://publicaccess.ci.malibu.ca.us/onbase-portal/BuildingPermits/index.html?OBKey__19_1=828062,828062,20444,PACIFIC COAST HWY,2026-04-29T00:00:00,ESD-Street Files/Building Permits,PERMITS,,
4450005058,20612 PACIFIC COAST HWY,26-5006,SEPTIC,FINALLED,2026-01-15T00:00:00,2026-01-29T00:00:00,SLURRY AND ABANDONMENT OF (E) OWTS DUE TO PALISADES FIRE,False,False,https://publicaccess.ci.malibu.ca.us/onbase-portal/BuildingPermits/index.html?OBKey__19_1=821293,821293,20612,PACIFIC COAST HWY,2026-01-15T00:00:00,ESD-Street Files/Building Permits,PERMITS,,
4450005064,20526 PACIFIC COAST HWY,25-0823,BUILDING,FINALLED,2025-05-06T00:00:00,2025-07-15T00:00:00,"DEBRIS REMOVAL DUE TO PALISADES FIRE. PRIOR TO COMMENCEMENT OF DEBRIS REMOVAL, ALL ONSITE WASTEWATER TREATMENT SYSTEM COMPONENTS MUST BE LOCATED, PROTECTED IN PLACE, AND CAPPED AS NECESSARY WHERE APPLICABLE.   SCHEDULE A PRE-SITE MEETING WITH A CITY",False,False,https://publicaccess.ci.malibu.ca.us/onbase-portal/BuildingPermits/index.html?OBKey__19_1=799545,799545,20526,PACIFIC COAST HWY,2025-05-06T00:00:00,ESD-Street Files/Building Permits,PERMITS,,
4450005068,20540 PACIFIC COAST HWY,25-0729,BUILDING,FINALLED,2025-04-23T00:00:00,2025-10-28T00:00:00,"DEBRIS REMOVAL DUE TO PALISADES FIRE. PRIOR TO COMMENCEMENT OF DEBRIS REMOVAL, ALL ONSITE WASTEWATER TREATMENT SYSTEM COMPONENTS MUST BE LOCATED, PROTECTED IN PLACE, AND CAPPED AS NECESSARY WHERE APPLICABLE.   SCHEDULE A PRE-SITE MEETING WITH A CITY",False,False,https://publicaccess.ci.malibu.ca.us/onbase-portal/BuildingPermits/index.html?OBKey__19_1=811255,811255,20540,PACIFIC COAST HWY,2025-04-23T00:00:00,ESD-Street Files/Building Permits,PERMITS,,
4450005077,20562 PACIFIC COAST HWY,25-0690,BUILDING,ISSUED,2025-04-21T00:00:00,,"DEBRIS REMOVAL OF SFR DUE TO PALISADES FIRE. PRIOR TO COMMENCEMENT OF DEBRIS REMOVAL, ALL ONSITE WASTEWATER TREATMENT SYSTEM COMPONENTS MUST BE LOCATED, PROTECTED IN PLACE, AND CAPPED AS NECESSARY WHERE APPLICABLE.   SCHEDULE A PRE- SITE MEETING WITH",False,False,https://publicaccess.ci.malibu.ca.us/onbase-portal/BuildingPermits/index.html?OBKey__19_1=790033,790033,20562,PACIFIC COAST HWY,2025-04-21T00:00:00,ESD-Street Files/Building Permits,PERMITS,,
4450005078,20556 PACIFIC COAST HWY,25-0420,BUILDING,ISSUED,2025-03-19T00:00:00,,"DEBRIS REMOVAL OF SFR DUE TO PALISADES FIRE. PRIOR TO COMMENCEMENT OF DEBRIS REMOVAL, ALL ONSITE WASTEWATER TREATMENT SYSTEM COMPONENTS MUST BE LOCATED, PROTECTED IN PLACE, AND CAPPED AS NECESSARY WHERE APPLICABLE.   SCHEDULE A PRE-CONSTRUCTION SITE",False,False,https://publicaccess.ci.malibu.ca.us/onbase-portal/BuildingPermits/index.html?OBKey__19_1=787564,787564,20556,PACIFIC COAST HWY,2025-03-19T00:00:00,ESD-Street Files/Building Permits,PERMITS,,
4450005079,20554 PACIFIC COAST HWY,25-0467,BUILDING,ISSUED,2025-03-26T00:00:00,,"DEBRIS REMOVAL OF SFR DUE TO PALISADES FIRE. PRIOR TO COMMENCEMENT OF DEBRIS REMOVAL, ALL ONSITE WASTEWATER TREATMENT SYSTEM COMPONENTS MUST BE LOCATED, PROTECTED IN PLACE, AND CAPPED AS NECESSARY WHERE APPLICABLE.   SCHEDULE A PRE-CONSTRUCTION SITE",False,False,https://publicaccess.ci.malibu.ca.us/onbase-portal/BuildingPermits/index.html?OBKey__19_1=787572,787572,20554,PACIFIC COAST HWY,2025-03-26T00:00:00,ESD-Street Files/Building Permits,PERMITS,,
4450005084,20442 PACIFIC COAST HWY,25-0413,ELECTRICAL,FINALLED,2025-03-19T00:00:00,2025-04-23T00:00:00,INSTALLATION/ CHANGE IN LOCATION OF 200A PANEL,False,False,https://publicaccess.ci.malibu.ca.us/onbase-portal/BuildingPermits/index.html?OBKey__19_1=790712,790712,20442,PACIFIC COAST HWY,2025-03-19T00:00:00,ESD-Street Files/Building Permits,PERMITS,,
4450005086,20516 PACIFIC COAST HWY,26-1551,BUILDING,ISSUED,2026-06-26T00:00:00,,"NSFR/ATT. GARAGE/ATT. DECKS – PALISADES FIRE  1ST FLOOR: 1,927 SF  2ND FLOOR: 2,227 SF  GARAGE: 406 SF  TOTAL: 4,560 SF  ADMINISTRATIVE CHANGE FROM OWNER/BUILDER TO LICENSED CONTRACTOR REQUIRED PRIOR TO THE START OF WORK.",False,False,https://publicaccess.ci.malibu.ca.us/onbase-portal/BuildingPermits/index.html?OBKey__19_1=833001,833001,20516,PACIFIC COAST HWY,2026-07-02T00:01:23,ESD-Street Files/Building Permits,PERMITS,,
4450006037,20630 PACIFIC COAST HWY,25-1236,ELECTRICAL,OPENED,2025-06-30T00:00:00,,,False,False,https://publicaccess.ci.malibu.ca.us/onbase-portal/BuildingPermits/index.html?OBKey__19_1=797689,797689,20630,PACIFIC COAST HWY,2025-06-30T20:00:23,ESD-Street Files/Building Permits,PERMITS,,
4450006039,20648 PACIFIC COAST HWY,25-1031,ELECTRICAL,ISSUED,2025-06-02T00:00:00,,INSTALL (N) TRADITIONAL 200A MSP W/ OVERHEAD AND UNDERGROUND COMPATIBILITY.,False,False,https://publicaccess.ci.malibu.ca.us/onbase-portal/BuildingPermits/index.html?OBKey__19_1=795468,795468,20648,PACIFIC COAST HWY,2025-06-02T00:00:00,ESD-Street Files/Building Permits,PERMITS,,
4450006070,20656 PACIFIC COAST HWY,26-1536,BUILDING,FINALLED,2026-06-24T00:00:00,2026-07-07T00:00:00,EMFR WITH ATT. GARAGE – RE-ROOF (FLAT ROOF)/ TEAR OFF OF 47 SQUARES TO PLYWOOD. REPLACE ROOFING AS NEEDED. INSTALL MODIFIED BITUMEN BASE SHEET UNDERLAYMENT (ICC ESR-2018) AND CERTAINTEED FLINTLASTIC GTA-FR COOL STAR ROOF COVERING (ICC ESR-1388) (CRRC,False,False,https://publicaccess.ci.malibu.ca.us/onbase-portal/BuildingPermits/index.html?OBKey__19_1=833582,833582,20656,PACIFIC COAST HWY,2026-06-24T00:00:00,ESD-Street Files/Building Permits,PERMITS,,
4450007020,20747 PACIFIC COAST HWY,26-0489,BUILDING,ISSUED,2026-03-05T00:00:00,,"REPAIR UNIT #6. REMOVE AND REPLACE DRYWALL, FLOORING, BATHROOM FIXTURES, KITCHEN FIXTURES, AND WINDOWS, REPAIR ROOF FRAMING ABOVE UNIT DUE TO PALISADES FIRE DAMAGE. PRE-SITE BUILDING SAFETY INSPECTOR MEETING REQUIRED PRIOR TO THE START OF WORK",False,False,https://publicaccess.ci.malibu.ca.us/onbase-portal/BuildingPermits/index.html?OBKey__19_1=824044,824044,20747,PACIFIC COAST HWY,2026-03-05T00:00:00,ESD-Street Files/Building Permits,PERMITS,,
4450007032,20748 PACIFIC COAST HWY,26-1082,BUILDING,FINALLED,2026-05-18T00:00:00,2026-06-03T00:00:00,"ESFR – RE-ROOF/ TEAR OFF OF 17 SQUARESTO PLYWOOD. REPLACE AS NEEDED. INSTALL (N) CDX ½ INCH PLYWOOD OVER (E) SHEATHING. INSTALL 17 SQUARES OF POLYGLASS POLYSTICK XFR (ICC ESR-1697) UNDERLAYMENT, TAYLOR METAL ROOFING (ICC ESR–5046) (CRRC 1246-0007) DU",False,False,https://publicaccess.ci.malibu.ca.us/onbase-portal/BuildingPermits/index.html?OBKey__19_1=830958,830958,20748,PACIFIC COAST HWY,2026-05-18T00:00:00,ESD-Street Files/Building Permits,PERMITS,,
4450008034,20816 PACIFIC COAST HWY,25-1185,BUILDING,ISSUED,2025-06-20T00:00:00,,"DEBRIS REMOVAL DUE TO PALISADES FIRE. PRIOR TO COMMENCEMENT OF DEBRIS REMOVAL, ALL ONSITE WASTEWATER TREATMENT SYSTEM COMPONENTS MUST BE LOCATED, PROTECTED IN PLACE, AND CAPPED AS NECESSARY WHERE APPLICABLE.   SCHEDULE A PRE-SITE MEETING WITH A CITY",False,False,https://publicaccess.ci.malibu.ca.us/onbase-portal/BuildingPermits/index.html?OBKey__19_1=796828,796828,20816,PACIFIC COAST HWY,2025-06-20T00:00:00,ESD-Street Files/Building Permits,PERMITS,,
4450008035,20820 PACIFIC COAST HWY,25-5064,SEPTIC,FINALLED,2025-07-28T00:00:00,2025-08-19T00:00:00,"PUMP SEPTIC TANK, REMOVAL OF EXISTING SEPTIC TANKS AND OR LEECH FIELD DUE TO PALISADES FIRE. FOR SAFETY PURPOSES SCHEDULE A PRE-CONSTRUCTION SITE VISIT WITH A CITY  INSPECTOR PRIOR TO THE START OF WORK. CONTACT CALTRANS IF ENCROACHMENT PERMIT REQUIRE",False,False,https://publicaccess.ci.malibu.ca.us/onbase-portal/BuildingPermits/index.html?OBKey__19_1=808005,808005,20820,PACIFIC COAST HWY,2025-07-28T00:00:00,ESD-Street Files/Building Permits,PERMITS,,
4450008045,20852 PACIFIC COAST HWY,26-1942,BUILDING,ISSUED,2026-07-29T00:00:00,,"NEW PCH SHORING WALL  7 PILES @ 36"" IN DIAMETER   REF: BP 26-0708    GEOTECHNICAL ENGINEER AND STRUCTURAL ENGINEER REQUIRED TO BE ON SITE DURING INSTALLATION/CONSTRUCTION.",False,True,https://publicaccess.ci.malibu.ca.us/onbase-portal/BuildingPermits/index.html?OBKey__19_1=834943,834943,20852,PACIFIC COAST HWY,2026-07-31T00:01:07,ESD-Street Files/Building Permits,PERMITS,,
4450008046,20858 PACIFIC COAST HWY,26-0057,BUILDING,ISSUED,2026-01-13T00:00:00,,,False,False,https://publicaccess.ci.malibu.ca.us/onbase-portal/BuildingPermits/index.html?OBKey__19_1=818058,818058,20858,PACIFIC COAST HWY,2026-01-14T00:00:43,ESD-Street Files/Building Permits,PERMITS,,
4450008048,20866 PACIFIC COAST HWY,26-1441,BUILDING,ISSUED,2026-06-16T00:00:00,,,False,False,https://publicaccess.ci.malibu.ca.us/onbase-portal/BuildingPermits/index.html?OBKey__19_1=831947,831947,20866,PACIFIC COAST HWY,2026-06-17T00:01:07,ESD-Street Files/Building Permits,PERMITS,,
4450008049,20900 PACIFIC COAST HWY,25-0494,BUILDING,FINALLED,2025-03-28T00:00:00,2025-07-16T00:00:00,"DEBRIS REMOVAL OF SFR DUE TO PALISADES FIRE. PRIOR TO COMMENCEMENT OF DEBRIS REMOVAL, ALL ONSITE WASTEWATER TREATMENT SYSTEM COMPONENTS MUST BE LOCATED, PROTECTED IN PLACE, AND CAPPED AS NECESSARY WHERE APPLICABLE.   SCHEDULE A PRE- SITE MEETING WITH",False,False,https://publicaccess.ci.malibu.ca.us/onbase-portal/BuildingPermits/index.html?OBKey__19_1=799610,799610,20900,PACIFIC COAST HWY,2025-03-28T00:00:00,ESD-Street Files/Building Permits,PERMITS,,
4450008050,20906 PACIFIC COAST HWY,25-0955,BUILDING,FINALLED,2025-05-12T00:00:00,2025-08-28T00:00:00,"DEBRIS REMOVAL DUE TO PALISADES FIRE. PRIOR TO COMMENCEMENT OF DEBRIS REMOVAL, ALL ONSITE WASTEWATER TREATMENT SYSTEM COMPONENTS MUST BE LOCATED, PROTECTED IN PLACE, AND CAPPED AS NECESSARY WHERE APPLICABLE.   SCHEDULE A PRE-SITE MEETING WITH A CITY",False,False,https://publicaccess.ci.malibu.ca.us/onbase-portal/BuildingPermits/index.html?OBKey__19_1=808006,808006,20906,PACIFIC COAST HWY,2025-05-12T00:00:00,ESD-Street Files/Building Permits,PERMITS,,
4450008052,20914 PACIFIC COAST HWY,25-0783,BUILDING,FINALLED,2025-04-29T00:00:00,2025-07-15T00:00:00,"DEBRIS REMOVAL OF SFR DUE TO PALISADES FIRE. PRIOR TO COMMENCEMENT OF DEBRIS REMOVAL, ALL ONSITE WASTEWATER TREATMENT SYSTEM COMPONENTS MUST BE LOCATED, PROTECTED IN PLACE, AND CAPPED AS NECESSARY WHERE APPLICABLE.   SCHEDULE A PRE-SITE MEETING WITH",False,False,https://publicaccess.ci.malibu.ca.us/onbase-portal/BuildingPermits/index.html?OBKey__19_1=799544,799544,20914,PACIFIC COAST HWY,2025-04-29T00:00:00,ESD-Street Files/Building Permits,PERMITS,,
4450008053,20920 PACIFIC COAST HWY,25-0873,BUILDING,FINALLED,2025-05-12T00:00:00,2025-07-22T00:00:00,"DEBRIS REMOVAL DUE TO PALISADES FIRE. PRIOR TO COMMENCEMENT OF DEBRIS REMOVAL, ALL ONSITE WASTEWATER TREATMENT SYSTEM COMPONENTS MUST BE LOCATED, PROTECTED IN PLACE, AND CAPPED AS NECESSARY WHERE APPLICABLE.   SCHEDULE A PRE-SITE MEETING WITH A CITY",False,False,https://publicaccess.ci.malibu.ca.us/onbase-portal/BuildingPermits/index.html?OBKey__19_1=800120,800120,20920,PACIFIC COAST HWY,2025-05-12T00:00:00,ESD-Street Files/Building Permits,PERMITS,,
4450008054,20928 PACIFIC COAST HWY,25-0971,BUILDING,ISSUED,2025-06-11T00:00:00,,"DEBRIS REMOVAL DUE TO PALISADES FIRE. PRIOR TO COMMENCEMENT OF DEBRIS REMOVAL, ALL ONSITE WASTEWATER TREATMENT SYSTEM COMPONENTS MUST BE LOCATED, PROTECTED IN PLACE, AND CAPPED AS NECESSARY WHERE APPLICABLE. SCHEDULE A PRE-SITE MEETING WITH A CITY IN",False,False,https://publicaccess.ci.malibu.ca.us/onbase-portal/BuildingPermits/index.html?OBKey__19_1=796015,796015,20928,PACIFIC COAST HWY,2025-06-11T00:00:00,ESD-Street Files/Building Permits,PERMITS,,
4450008055,20932 PACIFIC COAST HWY,26-1518,BUILDING,ISSUED,2026-06-22T00:00:00,,"NSFR FOUNDATION – PALISADE FIRE REBUILD  11 PILES @ 36"" IN DIAMETER  +/- 300 LF OF GRADEBEAM",True,False,https://publicaccess.ci.malibu.ca.us/onbase-portal/BuildingPermits/index.html?OBKey__19_1=833003,833003,20932,PACIFIC COAST HWY,2026-07-02T00:01:23,ESD-Street Files/Building Permits,PERMITS,,
4450009015,20940 PACIFIC COAST HWY,25-0957,BUILDING,FINALLED,2025-05-22T00:00:00,2025-09-22T00:00:00,"DEBRIS REMOVAL OF SFR DUE TO PALISADES FIRE. PRIOR TO COMMENCEMENT OF DEBRIS REMOVAL, ALL ONSITE WASTEWATER TREATMENT SYSTEM COMPONENTS MUST BE LOCATED, PROTECTED IN PLACE, AND CAPPED AS NECESSARY WHERE APPLICABLE.   SCHEDULE A PRE-SITE MEETING WITH",False,False,https://publicaccess.ci.malibu.ca.us/onbase-portal/BuildingPermits/index.html?OBKey__19_1=807905,807905,20940,PACIFIC COAST HWY,2025-05-22T00:00:00,ESD-Street Files/Building Permits,PERMITS,,
4450009016,20942 PACIFIC COAST HWY,25-1011,BUILDING,ISSUED,2025-05-29T00:00:00,,"DEBRIS REMOVAL DUE TO PALISADES FIRE. PRIOR TO COMMENCEMENT OF DEBRIS REMOVAL, ALL ONSITE WASTEWATER TREATMENT SYSTEM COMPONENTS MUST BE LOCATED, PROTECTED IN PLACE, AND CAPPED AS NECESSARY WHERE APPLICABLE. SCHEDULE A PRE-SITE MEETING WITH A CITY IN",False,False,https://publicaccess.ci.malibu.ca.us/onbase-portal/BuildingPermits/index.html?OBKey__19_1=794761,794761,20942,PACIFIC COAST HWY,2025-05-29T00:00:00,ESD-Street Files/Building Permits,PERMITS,,
4450009018,20954 PACIFIC COAST HWY,25-5042,SEPTIC,FINALLED,2025-06-16T00:00:00,2025-08-19T00:00:00,"PUMP SEPTIC TANK, REMOVAL OF EXISTING SEPTIC TANKS AND OR LEECH FIELD DUE TO PALISADES FIRE. FOR SAFETY PURPOSES SCHEDULE A PRE-CONSTRUCTION SITE VISIT WITH A CITY  INSPECTOR PRIOR TO THE START OF WORK. CONTACT CALTRANS IF ENCROACHMENT PERMIT REQUIRE",False,False,https://publicaccess.ci.malibu.ca.us/onbase-portal/BuildingPermits/index.html?OBKey__19_1=808008,808008,20954,PACIFIC COAST HWY,2025-06-16T00:00:00,ESD-Street Files/Building Permits,PERMITS,,
4450009020,20962 PACIFIC COAST HWY,25-0444,BUILDING,FINALLED,2025-03-21T00:00:00,2025-09-16T00:00:00,"DEBRIS REMOVAL OF ESFR DUE TO PALISADES FIRE. PRIOR TO COMMENCEMENT OF DEBRIS REMOVAL, ALL ONSITE WASTEWATER TREATMENT SYSTEM COMPONENTS MUST BE LOCATED, PROTECTED IN PLACE, AND CAPPED AS NECESSARY WHERE APPLICABLE.   FOR SAFETY PURPOSES, SCHEDULE A",False,False,https://publicaccess.ci.malibu.ca.us/onbase-portal/BuildingPermits/index.html?OBKey__19_1=806834,806834,20962,PACIFIC COAST HWY,2025-03-21T00:00:00,ESD-Street Files/Building Permits,PERMITS,,
4450009021,20966 PACIFIC COAST HWY,25-0947,BUILDING,FINALLED,2025-05-21T00:00:00,2025-09-30T00:00:00,"DEBRIS REMOVAL DUE TO PALISADES FIRE. PRIOR TO COMMENCEMENT OF DEBRIS REMOVAL, ALL ONSITE WASTEWATER TREATMENT SYSTEM COMPONENTS MUST BE LOCATED, PROTECTED IN PLACE, AND CAPPED AS NECESSARY WHERE APPLICABLE.   SCHEDULE A PRE- SITE MEETING WITH A CITY",False,False,https://publicaccess.ci.malibu.ca.us/onbase-portal/BuildingPermits/index.html?OBKey__19_1=808076,808076,20966,PACIFIC COAST HWY,2025-05-21T00:00:00,ESD-Street Files/Building Permits,PERMITS,,
4450009022,21000 PACIFIC COAST HWY,25-0436,BUILDING,FINALLED,2025-03-21T00:00:00,2025-07-16T00:00:00,"DEBRIS REMOVAL OF ESFR DUE TO PALISADES FIRE. PRIOR TO COMMENCEMENT OF DEBRIS REMOVAL, ALL ONSITE WASTEWATER TREATMENT SYSTEM COMPONENTS MUST BE LOCATED, PROTECTED IN PLACE, AND CAPPED AS NECESSARY WHERE APPLICABLE.   FOR SAFETY PURPOSES, SCHEDULE A",False,False,https://publicaccess.ci.malibu.ca.us/onbase-portal/BuildingPermits/index.html?OBKey__19_1=799611,799611,21000,PACIFIC COAST HWY,2025-03-21T00:00:00,ESD-Street Files/Building Permits,PERMITS,,
4450009026,21022 PACIFIC COAST HWY,26-1866,BUILDING,FINALLED,2026-07-21T00:00:00,2026-07-31T00:00:00,ESFR W/ ATT GARAGE – RE-ROOF/ TEAR OFF OF 3 SQUARES TO PLYWOOD. REPLACE ROOFING AS NEEDED. INSTALL 3 SQUARES OF ELASTOFLEX SA V UNDERLAYMENT AND POLYFRESCO G ROOFING (ICC ESR-2018) (CRRC 0616-0011A)  MUST MEET CLASS A AND CRRC REQUIREMENTS. NO STRUCT,False,False,https://publicaccess.ci.malibu.ca.us/onbase-portal/BuildingPermits/index.html?OBKey__19_1=835100,835100,21022,PACIFIC COAST HWY,2026-07-21T00:00:00,ESD-Street Files/Building Permits,PERMITS,,
4450009027,21026 PACIFIC COAST HWY,25-0767,ELECTRICAL,FINALLED,2025-04-28T00:00:00,,"ESFR INSTALL ROOF MOUNTED SOLAR 5.850KW PV SYSTEM, (13) LA SOLAR LS450BL 450W BOB MODULES, (1) TESLA POWERWALL 3.",False,False,https://publicaccess.ci.malibu.ca.us/onbase-portal/BuildingPermits/index.html?OBKey__19_1=799021,799021,21026,PACIFIC COAST HWY,2025-04-28T00:00:00,ESD-Street Files/Building Permits,PERMITS,,
4450009032,20944 PACIFIC COAST HWY,25-0546,BUILDING,FINALLED,2025-04-03T00:00:00,2025-09-16T00:00:00,"DEBRIS REMOVAL OF SFR DUE TO PALISADES FIRE. PRIOR TO COMMENCEMENT OF DEBRIS REMOVAL, ALL ONSITE WASTEWATER TREATMENT SYSTEM COMPONENTS MUST BE LOCATED, PROTECTED IN PLACE, AND CAPPED AS NECESSARY WHERE APPLICABLE.   SCHEDULE A PRE-CONSTRUCTION SITE",False,False,https://publicaccess.ci.malibu.ca.us/onbase-portal/BuildingPermits/index.html?OBKey__19_1=806832,806832,20944,PACIFIC COAST HWY,2025-04-03T00:00:00,ESD-Street Files/Building Permits,PERMITS,,
4450009033,20946 PACIFIC COAST HWY,25-0539,BUILDING,FINALLED,2025-04-02T00:00:00,2025-09-16T00:00:00,"DEBRIS REMOVAL OF SFR DUE TO PALISADES FIRE. PRIOR TO COMMENCEMENT OF DEBRIS REMOVAL, ALL ONSITE WASTEWATER TREATMENT SYSTEM COMPONENTS MUST BE LOCATED, PROTECTED IN PLACE, AND CAPPED AS NECESSARY WHERE APPLICABLE.   SCHEDULE A PRE-CONSTRUCTION SITE",False,False,https://publicaccess.ci.malibu.ca.us/onbase-portal/BuildingPermits/index.html?OBKey__19_1=806833,806833,20946,PACIFIC COAST HWY,2025-04-02T00:00:00,ESD-Street Files/Building Permits,PERMITS,,
4450010024,21110 PACIFIC COAST HWY,26-0384,BUILDING,ISSUED,2026-02-20T00:00:00,,"ESFR INT REMODEL/ EXT ALTERATION - KITCHEN AND BATHS, REPLACE EXISTING GLAZED DOOR/WINDOWS. REPLASTER EXTERIOR STUCCO WALL.",False,False,https://publicaccess.ci.malibu.ca.us/onbase-portal/BuildingPermits/index.html?OBKey__19_1=822560,822560,21110,PACIFIC COAST HWY,2026-02-20T00:00:00,ESD-Street Files/Building Permits,PERMITS,,
4450010028,21150 PACIFIC COAST HWY,,BUILDING,PLAN CHECK ONLY,2026-04-15T00:00:00,,,False,False,https://publicaccess.ci.malibu.ca.us/onbase-portal/BuildingPermits/index.html?OBKey__19_1=827144,827144,21150,PACIFIC COAST HWY,2026-04-18T00:01:23,ESD-Street Files/Building Permits,PERMITS,,
4450010030,21064 PACIFIC COAST HWY,26-0475,BUILDING,ISSUED,2026-03-05T00:00:00,,BUILDING: REINSTATE EXPIRED BUILDING PERMIT - REF 16-0743,False,False,https://publicaccess.ci.malibu.ca.us/onbase-portal/BuildingPermits/index.html?OBKey__19_1=824178,824178,21064,PACIFIC COAST HWY,2026-03-05T00:00:00,ESD-Street Files/Building Permits,PERMITS,,
4450010031,21066 PACIFIC COAST HWY,26-0558,BUILDING,ISSUED,2026-03-13T00:00:00,,BUILDING: REINSTATE EXPIRED BUILDING PERMIT - REF 16-0497,False,False,https://publicaccess.ci.malibu.ca.us/onbase-portal/BuildingPermits/index.html?OBKey__19_1=824336,824336,21066,PACIFIC COAST HWY,2026-03-13T00:00:00,ESD-Street Files/Building Permits,PERMITS,,
4450011025,20110 ROCKPORT WAY,25-0330,BUILDING,ISSUED,2025-03-06T00:00:00,,"DEBRIS REMOVAL OF ESFR DUE TO PALISADES FIRE. PRIOR TO COMMENCEMENT OF DEBRIS REMOVAL, ALL ONSITE WASTEWATER TREATMENT SYSTEM COMPONENTS MUST BE LOCATED, PROTECTED IN PLACE, AND CAPPED AS NECESSARY WHERE APPLICABLE. PRE-SITE CITY INSPECTOR MEETING RE",False,False,https://publicaccess.ci.malibu.ca.us/onbase-portal/BuildingPermits/index.html?OBKey__19_1=785170,785170,20110,ROCKPORT WAY,2025-03-06T00:00:00,ESD-Street Files/Building Permits,PERMITS,,
4450011039,19901 PACIFIC COAST HWY,25-1751,EXCAVATION,ISSUED,2025-09-29T00:00:00,,DRILLING OF TWO BORINGS,False,False,https://publicaccess.ci.malibu.ca.us/onbase-portal/BuildingPermits/index.html?OBKey__19_1=807882,807882,19901,PACIFIC COAST HWY,2025-09-29T00:00:00,ESD-Street Files/Building Permits,PERMITS,,
4450011042,20202 INLAND LN,25-1122,BUILDING,ISSUED,2025-06-12T00:00:00,,"DEBRIS REMOVAL DUE TO PALISADES FIRE. PRIOR TO COMMENCEMENT OF DEBRIS REMOVAL, ALL ONSITE WASTEWATER TREATMENT SYSTEM COMPONENTS MUST BE LOCATED, PROTECTED IN PLACE, AND CAPPED AS NECESSARY WHERE APPLICABLE.   SCHEDULE A PRE-SITE MEETING WITH A CITY",False,False,https://publicaccess.ci.malibu.ca.us/onbase-portal/BuildingPermits/index.html?OBKey__19_1=796238,796238,20202,INLAND LN,2025-06-12T00:00:00,ESD-Street Files/Building Permits,PERMITS,,
4450012022,20464 ROCA CHICA DR,25-0368,BUILDING,FINALLED,2025-03-14T00:00:00,2025-09-30T00:00:00,"DEBRIS REMOVAL OF SFR DUE TO PALISADES FIRE. PRIOR TO COMMENCEMENT OF DEBRIS REMOVAL, ALL ONSITE WASTEWATER TREATMENT SYSTEM COMPONENTS MUST BE LOCATED, PROTECTED IN PLACE, AND CAPPED AS NECESSARY WHERE APPLICABLE.   SCHEDULE A PRE-CONSTRUCTION SITE",False,False,https://publicaccess.ci.malibu.ca.us/onbase-portal/BuildingPermits/index.html?OBKey__19_1=808084,808084,20464,ROCA CHICA DR,2025-03-14T00:00:00,ESD-Street Files/Building Permits,PERMITS,,
4450012026,20450 ROCA CHICA DR,,BUILDING,PLAN CHECK ONLY,2026-06-22T00:00:00,,,False,False,https://publicaccess.ci.malibu.ca.us/onbase-portal/BuildingPermits/index.html?OBKey__19_1=832878,832878,20450,ROCA CHICA DR,2026-07-01T00:01:44,ESD-Street Files/Building Permits,PERMITS,,
4450012028,20279 INLAND LN,26-1914,BUILDING,ISSUED,2026-07-28T00:00:00,,NEW SITE RETAINING WALL  +/- 35 LF @ 6FT MAX HEIGHT,False,False,https://publicaccess.ci.malibu.ca.us/onbase-portal/BuildingPermits/index.html?OBKey__19_1=834820,834820,20279,INLAND LN,2026-07-29T00:00:59,ESD-Street Files/Building Permits,PERMITS,,
4450012030,20282 INLAND LN,25-0639,BUILDING,ISSUED,2025-04-15T00:00:00,,"DEBRIS REMOVAL OF SFR DUE TO PALISADES FIRE. PRIOR TO COMMENCEMENT OF DEBRIS REMOVAL, ALL ONSITE WASTEWATER TREATMENT SYSTEM COMPONENTS MUST BE LOCATED, PROTECTED IN PLACE, AND CAPPED AS NECESSARY WHERE APPLICABLE.   SCHEDULE A PRE- SITE MEETING WITH",False,False,https://publicaccess.ci.malibu.ca.us/onbase-portal/BuildingPermits/index.html?OBKey__19_1=789632,789632,20282,INLAND LN,2025-04-15T00:00:00,ESD-Street Files/Building Permits,PERMITS,,
4450012031,20276 INLAND LN,26-0737,BUILDING,ISSUED,2026-04-02T00:00:00,,"ADMINISTRATIVE CHANGE IN CONTRACTOR  REF: 26-0269, 26-0270, 26-0276",False,False,https://publicaccess.ci.malibu.ca.us/onbase-portal/BuildingPermits/index.html?OBKey__19_1=826580,826580,20276,INLAND LN,2026-04-02T00:00:00,ESD-Street Files/Building Permits,PERMITS,,
4450012033,20270 INLAND LN,26-1694,BUILDING,ISSUED,2026-07-17T00:00:00,,ADMINISTRATIVE CHANGE FROM OWNER/BUILDER TO CONTRACTOR  REF: 26-1369,False,False,https://publicaccess.ci.malibu.ca.us/onbase-portal/BuildingPermits/index.html?OBKey__19_1=834139,834139,20270,INLAND LN,2026-07-18T00:01:17,ESD-Street Files/Building Permits,PERMITS,,
4450012034,20260 INLAND LN,26-0507,BUILDING,ISSUED,2026-03-10T00:00:00,,"REUSE OF EXISTING FOUNDATION, PILES AND GRADE BEAMS W/ADDITION OF +/- 500 LF OF GRADE BEAM AND [N] CONCRETE SLAB.",False,False,https://publicaccess.ci.malibu.ca.us/onbase-portal/BuildingPermits/index.html?OBKey__19_1=824058,824058,20260,INLAND LN,2026-03-10T00:00:00,ESD-Street Files/Building Permits,PERMITS,,
4450012036,20269 INLAND LN,25-0482,BUILDING,ISSUED,2025-03-27T00:00:00,,"DEBRIS REMOVAL OF SFR DUE TO PALISADES FIRE. PRIOR TO COMMENCEMENT OF DEBRIS REMOVAL, ALL ONSITE WASTEWATER TREATMENT SYSTEM COMPONENTS MUST BE LOCATED, PROTECTED IN PLACE, AND CAPPED AS NECESSARY WHERE APPLICABLE.   SCHEDULE A PRE-CONSTRUCTION SITE",False,False,https://publicaccess.ci.malibu.ca.us/onbase-portal/BuildingPermits/index.html?OBKey__19_1=787573,787573,20269,INLAND LN,2025-03-27T00:00:00,ESD-Street Files/Building Permits,PERMITS,,
4450012037,20259 INLAND LN,25-2080,BUILDING,ISSUED,2025-11-07T00:00:00,,"NSFR W/ATT. GARAGE, CONCRETE SLAB FOUNDATION - PALISADES FIRE REBUILD  SINGLE STORY: 2,493 SF  ATT. GARAGE: 500 SF  TOTAL: 2,993 SF  PRE-SITE BUILDING SAFETY INSPECTOR MEETING REQUIRED PRIOR TO THE START OF WORK.",True,False,https://publicaccess.ci.malibu.ca.us/onbase-portal/BuildingPermits/index.html?OBKey__19_1=812723,812723,20259,INLAND LN,2025-11-07T00:00:00,ESD-Street Files/Building Permits,PERMITS,,
4450012040,20494 ROCA CHICA DR,26-1340,BUILDING,ISSUED,2026-06-10T00:00:00,,"NSFR/ATT. GARAGE, CONCRETE SLAB FOUNDATION - PALISADES FIRE REBUILD   SINGLE STORY: 3,209 SF  ATT. GARAGE: 450 SF   TOTAL: 3,659 SF  ATT. DECK AND TRELLIS",True,False,https://publicaccess.ci.malibu.ca.us/onbase-portal/BuildingPermits/index.html?OBKey__19_1=831721,831721,20494,ROCA CHICA DR,2026-06-10T00:00:00,ESD-Street Files/Building Permits,PERMITS,,
4450013058,20249 INLAND LN,26-1642,BUILDING,ISSUED,2026-07-02T00:00:00,,"NSFR/ATT. GARAGE, CONCRETE SLAB FOUNDATION - PALISADES FIRE REBUILD  1ST FLOOR: 1,932 SF  2ND FLOOR: 1,300 SF  GARAGE: 537 SF  TOTAL: 3,232 SF  ATT. DECK",True,False,https://publicaccess.ci.malibu.ca.us/onbase-portal/BuildingPermits/index.html?OBKey__19_1=834226,834226,20249,INLAND LN,2026-07-20T21:01:28,ESD-Street Files/Building Permits,PERMITS,,
4450013059,20239 INLAND LN,25-0724,BUILDING,ISSUED,2025-04-23T00:00:00,,"DEBRIS REMOVAL OF SFR DUE TO PALISADES FIRE. PRIOR TO COMMENCEMENT OF DEBRIS REMOVAL, ALL ONSITE WASTEWATER TREATMENT SYSTEM COMPONENTS MUST BE LOCATED, PROTECTED IN PLACE, AND CAPPED AS NECESSARY WHERE APPLICABLE.   SCHEDULE A PRE-SITE MEETING WITH",False,False,https://publicaccess.ci.malibu.ca.us/onbase-portal/BuildingPermits/index.html?OBKey__19_1=790206,790206,20239,INLAND LN,2025-04-23T00:00:00,ESD-Street Files/Building Permits,PERMITS,,
4450013060,20229 INLAND LN,25-2090,BUILDING,ISSUED,2025-11-07T00:00:00,,"NSFR W/ATT. GARAGE, CONCRETE SLAB FOUNDATION - PALISADES FIRE REBUILD  SINGLE STORY: 2,853 SF  ATT. GARAGE: 575 SF  TOTAL: 3,428 SF  [N] PATIO COVER  PRE-SITE BUILDING SAFETY INSPECTOR MEETING REQUIRED PRIOR TO THE START OF WORK.",True,False,https://publicaccess.ci.malibu.ca.us/onbase-portal/BuildingPermits/index.html?OBKey__19_1=812465,812465,20229,INLAND LN,2025-11-07T00:00:00,ESD-Street Files/Building Permits,PERMITS,,
4450013061,20219 INLAND LN,,BUILDING,PLAN CHECK ONLY,2026-06-11T00:00:00,,,False,False,https://publicaccess.ci.malibu.ca.us/onbase-portal/BuildingPermits/index.html?OBKey__19_1=834711,834711,20219,INLAND LN,2026-07-27T20:01:10,ESD-Street Files/Building Permits,PERMITS,,
4450013062,20205 INLAND LN,,BUILDING,PLAN CHECK ONLY,2026-05-26T00:00:00,,,False,False,https://publicaccess.ci.malibu.ca.us/onbase-portal/BuildingPermits/index.html?OBKey__19_1=831180,831180,20205,INLAND LN,2026-06-06T00:01:06,ESD-Street Files/Building Permits,PERMITS,,
4450013064,20218 PIEDRA CHICA RD,26-0485,BUILDING,ISSUED,2026-03-05T00:00:00,,"NSFR/ATT. GARAGE, CONCRETE SLAB FOUNDATION - PALISADES FIRE REBUILD  SINGLE STORY: 3,062 SF  ATT. GARAGE: 513 SF  TOTAL: 3,575 SF",True,False,https://publicaccess.ci.malibu.ca.us/onbase-portal/BuildingPermits/index.html?OBKey__19_1=823697,823697,20218,PIEDRA CHICA RD,2026-03-05T00:00:00,ESD-Street Files/Building Permits,PERMITS,,
4450013068,20243 PIEDRA CHICA RD,26-1910,MECHANICAL,ISSUED,2026-07-27T00:00:00,,,False,False,https://publicaccess.ci.malibu.ca.us/onbase-portal/BuildingPermits/index.html?OBKey__19_1=834712,834712,20243,PIEDRA CHICA RD,2026-07-27T20:01:10,ESD-Street Files/Building Permits,PERMITS,,
4450013069,20241 PIEDRA CHICA RD,25-2025,BUILDING,ISSUED,2025-10-30T00:00:00,,,False,False,https://publicaccess.ci.malibu.ca.us/onbase-portal/BuildingPermits/index.html?OBKey__19_1=812139,812139,20241,PIEDRA CHICA RD,2025-11-05T00:01:49,ESD-Street Files/Building Permits,PERMITS,,
4450013070,20235 PIEDRA CHICA RD,26-0710,BUILDING,ISSUED,2026-03-30T00:00:00,,REMOVAL OF DRYWALL ONLY ON EXTERIOR WALLS AND CEILING TO ASSESS FOR FIRE DAMAGE.  REMOVAL OF CONTAMINATED INSULATION AS NEEDED.  NO OTHER CHANGES AUTHORIZED.  INSPECTION REQUIRED UPON COMPLETION OF DRYWALL REMOVAL.,False,False,https://publicaccess.ci.malibu.ca.us/onbase-portal/BuildingPermits/index.html?OBKey__19_1=825538,825538,20235,PIEDRA CHICA RD,2026-03-30T00:00:00,ESD-Street Files/Building Permits,PERMITS,,
4450013071,20223 PIEDRA CHICA RD,26-1624,BUILDING,ISSUED,2026-07-01T00:00:00,,ATF DEMO OF EXISTING POOL,False,False,https://publicaccess.ci.malibu.ca.us/onbase-portal/BuildingPermits/index.html?OBKey__19_1=833333,833333,20223,PIEDRA CHICA RD,2026-07-08T00:01:31,ESD-Street Files/Building Permits,PERMITS,,
4450013072,20207 PIEDRA CHICA RD,26-1560,PLUMBING,FINALLED,2026-06-26T00:00:00,2026-07-08T00:00:00,ESFR - INSTALLATION OF (01) 1.5” LITTLE FIREFIGHTER SGSOV FOR POINT OF SALE,False,False,https://publicaccess.ci.malibu.ca.us/onbase-portal/BuildingPermits/index.html?OBKey__19_1=833956,833956,20207,PIEDRA CHICA RD,2026-06-26T00:00:00,ESD-Street Files/Building Permits,PERMITS,,
4450013073,20324 SEABOARD RD,26-1574,BUILDING,ISSUED,2026-07-24T00:00:00,,"FOUNDATIONS - NSFR/ATT. GARAGE  19 PILES @ 24"" IN DIAMETER  GRADEBEAMS +/- 250 LF",False,False,https://publicaccess.ci.malibu.ca.us/onbase-portal/BuildingPermits/index.html?OBKey__19_1=834726,834726,20324,SEABOARD RD,2026-07-27T21:01:24,ESD-Street Files/Building Permits,PERMITS,,
4450013074,20404 ROCA CHICA DR,25-1679,BUILDING,FINALLED,2025-09-18T00:00:00,2026-04-14T00:00:00,ATF MINOR STRUCTURAL INTERIOR REMODEL OF PRIMARY BATHROOM IN ESFR,False,False,https://publicaccess.ci.malibu.ca.us/onbase-portal/BuildingPermits/index.html?OBKey__19_1=827022,827022,20404,ROCA CHICA DR,2025-09-18T00:00:00,ESD-Street Files/Building Permits,PERMITS,,
4450013075,20412 ROCA CHICA DR,26-1717,BUILDING,ISSUED,2026-07-09T00:00:00,,"NSFR/ATT. GARAGE, CONCRETE SLAB - PALISADES FIRE REBUILD  SINGLE STORY: 2,652 SF  ATT. GARAGE: 552 SF  TOTAL: 3,204 SF  [N] TRELLIS, CANTILEVERED DECK  ADMINISTRATIVE CHANGE FROM OWNER/BUILDER TO LICENSED CONTRACTOR REQUIRED PRIOR TO THE START OF WOR",True,False,https://publicaccess.ci.malibu.ca.us/onbase-portal/BuildingPermits/index.html?OBKey__19_1=833940,833940,20412,ROCA CHICA DR,2026-07-15T11:16:53,ESD-Street Files/Building Permits,PERMITS,1,
4450013079,20434 ROCA CHICA DR,25-2383,BUILDING,ISSUED,2025-12-11T00:00:00,,"NSFR/ATT. GARAGE, CONCRETE SLAB FOUNDATION - PALISADES FIRE REBUILD  SINGLE STORY: 2,764 SF  ATT. GARAGE: 489 SF  TOTAL: 3,253 SF    PRE-SITE BUILDING SAFETY INSPECTOR MEETING REQUIRED PRIOR TO THE START OF WORK.",True,False,https://publicaccess.ci.malibu.ca.us/onbase-portal/BuildingPermits/index.html?OBKey__19_1=815421,815421,20434,ROCA CHICA DR,2025-12-11T00:00:00,ESD-Street Files/Building Permits,PERMITS,,
4450013080,20436 ROCA CHICA DR,26-0098,BUILDING,ISSUED,2026-01-16T00:00:00,,"NSFR/ATT. GARAGE, CONCRETE SLAB FOUNDATION - PALISADES FIRE REBUILD  SINGLE STORY: 2,920 SF  ATT. GARAGE: 448 SF  TOTAL: 3,368 SF",True,False,https://publicaccess.ci.malibu.ca.us/onbase-portal/BuildingPermits/index.html?OBKey__19_1=819354,819354,20436,ROCA CHICA DR,2026-01-16T00:00:00,ESD-Street Files/Building Permits,PERMITS,,
4450013083,20245 PIEDRA CHICA RD,25-2405,MECHANICAL,ISSUED,2025-12-12T00:00:00,,ESFR – INSTALLATION OF HVAC MINI SPLIT SYSTEM – 4 ZONES,False,False,https://publicaccess.ci.malibu.ca.us/onbase-portal/BuildingPermits/index.html?OBKey__19_1=815321,815321,20245,PIEDRA CHICA RD,2025-12-12T00:00:00,ESD-Street Files/Building Permits,PERMITS,,
4450013084,20238 PIEDRA CHICA RD,25-2331,BUILDING,ISSUED,2025-12-04T00:00:00,,"ESFR INT. REMODEL/EXT. ALTERATION OF KITCHEN/BATHROOMS W/NEW 770 SF ADDITION 1 BEDROOM, 2 BATHROOMS TO INCLUDE NEW INTERIOR FIREPLACE, SKYLIGHT, BALCONY W/ GUARDRAIL, STAIRCASE TO COURTYARD W/ STEPS TO POOL/SPA AREA. UNDERPINNING AT NEW ADDITION.",False,False,https://publicaccess.ci.malibu.ca.us/onbase-portal/BuildingPermits/index.html?OBKey__19_1=814783,814783,20238,PIEDRA CHICA RD,2025-12-04T00:00:00,ESD-Street Files/Building Permits,PERMITS,,
4450014068,20385 SEABOARD RD,26-0370,BUILDING,ISSUED,2026-02-19T00:00:00,,"ESFR – REMOVE AND REPLACE (01) DOOR, SAME SIZE, IN SAME LOCATION  NO STRUCTURAL CHANGES AUTHORIZED",False,False,https://publicaccess.ci.malibu.ca.us/onbase-portal/BuildingPermits/index.html?OBKey__19_1=822412,822412,20385,SEABOARD RD,2026-02-19T00:00:00,ESD-Street Files/Building Permits,PERMITS,,
4450014072,20345 SEABOARD RD,25-1328,BUILDING,FINALLED,2025-07-24T00:00:00,2025-08-28T00:00:00,"RE-ROOF ESFR 32 SQUARES WITH COOL ROOF CHARCOAL COLOR (T-24) INSTALL SYNTHETIC UNDERLAYMENT CLASS A, ICC ES-AC 188. INSTALL TIMBERLINE HD2 RS SHINGLES, ICC ESR 1475 & 3267 AFFECTED BY THE PALISADES FIRE. NO STRUCTURAL CHANGES AUTHORIZED. ROOF MAY HAV",False,False,https://publicaccess.ci.malibu.ca.us/onbase-portal/BuildingPermits/index.html?OBKey__19_1=817251,817251,20345,SEABOARD RD,2025-07-24T00:00:00,ESD-Street Files/Building Permits,PERMITS,,
4450015016,20495 ROCA CHICA DR,,BUILDING,PLAN CHECK ONLY,2026-05-04T00:00:00,,,False,False,https://publicaccess.ci.malibu.ca.us/onbase-portal/BuildingPermits/index.html?OBKey__19_1=828924,828924,20495,ROCA CHICA DR,2026-05-09T00:00:19,ESD-Street Files/Building Permits,PERMITS,,
4450015018,20475 ROCA CHICA DR,25-0490,BUILDING,FINALLED,2025-03-27T00:00:00,2025-05-27T00:00:00,"DEBRIS REMOVAL OF SFR DUE TO PALISADES FIRE. PRIOR TO COMMENCEMENT OF DEBRIS REMOVAL, ALL ONSITE WASTEWATER TREATMENT SYSTEM COMPONENTS MUST BE LOCATED, PROTECTED IN PLACE, AND CAPPED AS NECESSARY WHERE APPLICABLE.   SCHEDULE A PRE-CONSTRUCTION SITE",False,False,https://publicaccess.ci.malibu.ca.us/onbase-portal/BuildingPermits/index.html?OBKey__19_1=793557,793557,20475,ROCA CHICA DR,2025-03-27T00:00:00,ESD-Street Files/Building Permits,PERMITS,,
4450015023,20494 ROYAL STONE DR,25-0576,BUILDING,FINALLED,2025-04-08T00:00:00,2025-08-11T00:00:00,"DEBRIS REMOVAL OF SFR DUE TO PALISADES FIRE. PRIOR TO COMMENCEMENT OF DEBRIS REMOVAL, ALL ONSITE WASTEWATER TREATMENT SYSTEM COMPONENTS MUST BE LOCATED, PROTECTED IN PLACE, AND CAPPED AS NECESSARY WHERE APPLICABLE.   SCHEDULE A PRE- SITE MEETING WITH",False,False,https://publicaccess.ci.malibu.ca.us/onbase-portal/BuildingPermits/index.html?OBKey__19_1=808030,808030,20494,ROYAL STONE DR,2025-04-08T00:00:00,ESD-Street Files/Building Permits,PERMITS,,
4450015024,20491 ROYAL STONE DR,26-1007,BUILDING,ISSUED,2026-05-19T00:00:00,,"REUSE OF EXISTING FOUNDATION, CONCRETE SLAB W/ADDITION OF [N] FOOTINGS AND CONCRETE SLAB PATCHING.",False,False,https://publicaccess.ci.malibu.ca.us/onbase-portal/BuildingPermits/index.html?OBKey__19_1=829858,829858,20491,ROYAL STONE DR,2026-05-19T00:00:00,ESD-Street Files/Building Permits,PERMITS,,
4450015025,20481 ROYAL STONE DR,26-0679,BUILDING,ISSUED,2026-03-27T00:00:00,,DETACHED GARAGE/GUEST HOUSE – PALISADES FIRE REBUILD  DET. GARAGE: 625 SF  GUEST HOUSE: 374 SF  TOTAL: 999 SF  ATT. BALCONY + ROOFTOP DECK,True,False,https://publicaccess.ci.malibu.ca.us/onbase-portal/BuildingPermits/index.html?OBKey__19_1=825561,825561,20481,ROYAL STONE DR,2026-03-27T00:00:00,ESD-Street Files/Building Permits,PERMITS,,
4450015027,20425 ROCA CHICA DR,26-0535,BUILDING,ISSUED,2026-03-10T00:00:00,,"ESFR – REMOVE AND REPLACE (03) WINDOWS IN DINING ROOM, CONVERT (01) WINDOW INTO A DOOR. EXTERIOR LIGHTING TO BE INSTALLED.",False,False,https://publicaccess.ci.malibu.ca.us/onbase-portal/BuildingPermits/index.html?OBKey__19_1=823958,823958,20425,ROCA CHICA DR,2026-03-10T00:00:00,ESD-Street Files/Building Permits,PERMITS,,
4450015033,20394 SEABOARD RD,,BUILDING,PLAN CHECK ONLY,2026-06-16T00:00:00,,,False,False,https://publicaccess.ci.malibu.ca.us/onbase-portal/BuildingPermits/index.html?OBKey__19_1=832070,832070,20394,SEABOARD RD,2026-06-18T00:01:11,ESD-Street Files/Building Permits,PERMITS,,
4450015034,20434 SEABOARD RD,25-0922,BUILDING,FINALLED,2025-05-19T00:00:00,2025-10-10T00:00:00,"DEBRIS REMOVAL OF SFR DUE TO PALISADES FIRE. PRIOR TO COMMENCEMENT OF DEBRIS REMOVAL, ALL ONSITE WASTEWATER TREATMENT SYSTEM COMPONENTS MUST BE LOCATED, PROTECTED IN PLACE, AND CAPPED AS NECESSARY WHERE APPLICABLE.   SCHEDULE A PRE-SITE MEETING WITH",False,False,https://publicaccess.ci.malibu.ca.us/onbase-portal/BuildingPermits/index.html?OBKey__19_1=809167,809167,20434,SEABOARD RD,2025-05-19T00:00:00,ESD-Street Files/Building Permits,PERMITS,,
4450015035,20418 SEABOARD RD,26-0702,BUILDING,ISSUED,2026-03-31T00:00:00,,DETACHED/CANTILEVERED WOOD DECK/COVERED PATIO W/POOL EQUIPMENT ENCLOSURE AND OUTDOOR KITCHEN/BBQ,False,False,https://publicaccess.ci.malibu.ca.us/onbase-portal/BuildingPermits/index.html?OBKey__19_1=825678,825678,20418,SEABOARD RD,2026-03-31T00:00:00,ESD-Street Files/Building Permits,PERMITS,,
4450015036,20406 SEABOARD RD,25-2075,BUILDING,ISSUED,2025-11-07T00:00:00,,"NSFR W/ATT. GARAGE, CONCRETE SLAB FOUNDATION - PALISADES FIRE REBUILD  SINGLE STORY: 3,287 SF  ATT. GARAGE: 484 SF  TOTAL: 3,771 SF  PRE-SITE BUILDING SAFETY INSPECTOR MEETING REQUIRED PRIOR TO THE START OF WORK.",True,False,https://publicaccess.ci.malibu.ca.us/onbase-portal/BuildingPermits/index.html?OBKey__19_1=812734,812734,20406,SEABOARD RD,2025-11-07T00:00:00,ESD-Street Files/Building Permits,PERMITS,,
4450015037,3812 SEAMOOR DR,25-1818,BUILDING,ISSUED,2025-10-15T00:00:00,,"NSFR (SINGLE STORY) W/ ATT. GARAGE ON CONCRETE SLAB, (N) SKYLIGHTS (6 - 20.67 SF, 12.75 SF, 6, SF, 6 SF, 11 SF, 11 SF)  NSFR – 3,000 SF; GARAGE – 506 SF; TOTAL – 3,506 SF,   ATT. PERGOLA – APPROX 130 SF, ISOKERN FIREPLACE (2)  CONDITION OF APPROVAL –",False,False,https://publicaccess.ci.malibu.ca.us/onbase-portal/BuildingPermits/index.html?OBKey__19_1=809786,809786,3812,SEAMOOR DR,2025-10-15T00:00:00,ESD-Street Files/Building Permits,PERMITS,,
4450015040,3800 SEAMOOR DR,25-2458,MECHANICAL,ISSUED,2025-12-18T00:00:00,,"CHANGE OUT (2) CONDENSERS : 3 TON & 4 TON WITH 2 FURNACES, (2) 220V DISCONNECT BOX AND 19 DUCTS. LIKE FOR LIKE.",False,False,https://publicaccess.ci.malibu.ca.us/onbase-portal/BuildingPermits/index.html?OBKey__19_1=816017,816017,3800,SEAMOOR DR,2025-12-18T00:00:00,ESD-Street Files/Building Permits,PERMITS,,
4450015042,3811 SEAMOOR DR,26-0523,BUILDING,ISSUED,2026-04-03T00:00:00,,ADMINSRATIVE CHANGE IN CONTRACTOR FOR NSFR FIRE REBUILD. REF 26-0519,True,False,https://publicaccess.ci.malibu.ca.us/onbase-portal/BuildingPermits/index.html?OBKey__19_1=826011,826011,3811,SEAMOOR DR,2026-04-03T00:00:00,ESD-Street Files/Building Permits,PERMITS,,
4450015048,20490 SEABOARD RD,26-0655,BUILDING,ISSUED,2026-03-25T00:00:00,,"DELTA 1 REVISION: CHANGE TO KITCHEN/DINING AREA, CHANGE SINK LOCATION, ADDITION OF (3) SKYLIGHTS AND (1) KITCHEN WINDOW, CHANGE LOCATION OF DIRECT VENT FIREPLACE IN GREAT ROOM, CHANGE IN LOCATION FOR BUILD IN BBQ TO ALLOW FOR NEW KITCHEN WINDOW.",False,False,https://publicaccess.ci.malibu.ca.us/onbase-portal/BuildingPermits/index.html?OBKey__19_1=825590,825590,20490,SEABOARD RD,2026-03-25T00:00:00,ESD-Street Files/Building Permits,PERMITS,,
4450015049,20470 SEABOARD RD,25-2375,BUILDING,ISSUED,2025-12-11T00:00:00,,TEMPORARY HOUSING - CAMPER/RV   SITE VISIT REQUIRED TO VERIFY SEPTIC  TEMP HOUSING VALID FOR 4 YEARS,False,False,https://publicaccess.ci.malibu.ca.us/onbase-portal/BuildingPermits/index.html?OBKey__19_1=815559,815559,20470,SEABOARD RD,2025-12-11T00:00:00,ESD-Street Files/Building Permits,PERMITS,,
4450015050,20468 SEABOARD RD,,BUILDING,PLAN CHECK ONLY,2026-07-28T00:00:00,,,False,False,https://publicaccess.ci.malibu.ca.us/onbase-portal/BuildingPermits/index.html?OBKey__19_1=835353,835353,20468,SEABOARD RD,2026-08-07T00:01:01,ESD-Street Files/Building Permits,PERMITS,,
4450015051,20485 ROCA CHICA DR,26-0525,BUILDING,ISSUED,2026-03-09T00:00:00,,"NSFR/ATT. GARAGE, CONCRETE SLAB FOUNDATION - PALISADES FIRE REBUILD  SINGLE STORY: 2,359 SF  ATT. GARAGE: 489 SF  TOTAL: 2,848 SF",True,False,https://publicaccess.ci.malibu.ca.us/onbase-portal/BuildingPermits/index.html?OBKey__19_1=824350,824350,20485,ROCA CHICA DR,2026-03-09T00:00:00,ESD-Street Files/Building Permits,PERMITS,,
4450015052,20480 ROYAL STONE DR,26-1225,BUILDING,ISSUED,2026-06-08T00:00:00,,"NEW BASEMENT - 381 SF  BASEMENT FOUNDATION  14 SHORING PILES @ 24"" IN DIAMETER  RW: ~ 94 LF AT 10' MAX HEIGHT",False,False,https://publicaccess.ci.malibu.ca.us/onbase-portal/BuildingPermits/index.html?OBKey__19_1=834313,834313,20480,ROYAL STONE DR,2026-07-22T00:00:54,ESD-Street Files/Building Permits,PERMITS,,
4450016011,20542 SEABOARD RD,25-1182,BUILDING,FINALLED,2025-05-14T00:00:00,2025-08-13T00:00:00,"DEBRIS REMOVAL DUE TO PALISADES FIRE. PRIOR TO COMMENCEMENT OF DEBRIS REMOVAL, ALL ONSITE WASTEWATER TREATMENT SYSTEM COMPONENTS MUST BE LOCATED, PROTECTED IN PLACE, AND CAPPED AS NECESSARY WHERE APPLICABLE.    SCHEDULE A PRE-SITE MEETING WITH A CITY",False,False,https://publicaccess.ci.malibu.ca.us/onbase-portal/BuildingPermits/index.html?OBKey__19_1=808031,808031,20542,SEABOARD RD,2025-05-14T00:00:00,ESD-Street Files/Building Permits,PERMITS,,
4450016012,20540 SEABOARD RD,25-0703,BUILDING,FINALLED,2025-04-21T00:00:00,2025-07-14T00:00:00,"DEBRIS REMOVAL DUE TO PALISADES FIRE. PRIOR TO COMMENCEMENT OF DEBRIS REMOVAL, ALL ONSITE WASTEWATER TREATMENT SYSTEM COMPONENTS MUST BE LOCATED, PROTECTED IN PLACE, AND CAPPED AS NECESSARY WHERE APPLICABLE.   SCHEDULE A PRE- SITE MEETING WITH A CITY",False,False,https://publicaccess.ci.malibu.ca.us/onbase-portal/BuildingPermits/index.html?OBKey__19_1=799277,799277,20540,SEABOARD RD,2025-04-21T00:00:00,ESD-Street Files/Building Permits,PERMITS,,
4450016013,20538 SEABOARD RD,25-0466,BUILDING,FINALLED,2025-03-26T00:00:00,2025-09-18T00:00:00,"DEBRIS REMOVAL OF SFR DUE TO PALISADES FIRE. PRIOR TO COMMENCEMENT OF DEBRIS REMOVAL, ALL ONSITE WASTEWATER TREATMENT SYSTEM COMPONENTS MUST BE LOCATED, PROTECTED IN PLACE, AND CAPPED AS NECESSARY WHERE APPLICABLE.   SCHEDULE A PRE-CONSTRUCTION SITE",False,False,https://publicaccess.ci.malibu.ca.us/onbase-portal/BuildingPermits/index.html?OBKey__19_1=806838,806838,20538,SEABOARD RD,2025-03-26T00:00:00,ESD-Street Files/Building Permits,PERMITS,,
4450016014,20536 SEABOARD RD,26-0577,BUILDING,ISSUED,2026-03-16T00:00:00,,"NSFR/ATT. GARAGE - PALISADES FIRE REBUILD  SINGLE STORY: 1,985 SF  ATT. GARAGE: 480 SF  TOTAL: 2,465 SF",True,False,https://publicaccess.ci.malibu.ca.us/onbase-portal/BuildingPermits/index.html?OBKey__19_1=824461,824461,20536,SEABOARD RD,2026-03-16T00:00:00,ESD-Street Files/Building Permits,PERMITS,,
4450016017,20522 ROCA CHICA DR,25-0332,BUILDING,ISSUED,2025-03-06T00:00:00,,"DEBRIS REMOVAL OF ESFR DUE TO PALISADES FIRE. PRIOR TO COMMENCEMENT OF DEBRIS REMOVAL, ALL ONSITE WASTEWATER TREATMENT SYSTEM COMPONENTS MUST BE LOCATED, PROTECTED IN PLACE, AND CAPPED AS NECESSARY WHERE APPLICABLE. PRE-SITE CITY INSPECTOR MEETING RE",False,False,https://publicaccess.ci.malibu.ca.us/onbase-portal/BuildingPermits/index.html?OBKey__19_1=785171,785171,20522,ROCA CHICA DR,2025-03-06T00:00:00,ESD-Street Files/Building Permits,PERMITS,,
4450016023,20534 ROCA CHICA DR,,BUILDING,PLAN CHECK ONLY,2026-06-02T00:00:00,,,False,False,https://publicaccess.ci.malibu.ca.us/onbase-portal/BuildingPermits/index.html?OBKey__19_1=831297,831297,20534,ROCA CHICA DR,2026-06-08T20:00:55,ESD-Street Files/Building Permits,PERMITS,,
4450017011,20790 ROCKPOINT WAY,25-1028,BUILDING,FINALLED,2025-06-03T00:00:00,2025-08-06T00:00:00,"DEBRIS REMOVAL DUE TO PALISADES FIRE. PRIOR TO COMMENCEMENT OF DEBRIS REMOVAL, ALL ONSITE WASTEWATER TREATMENT SYSTEM COMPONENTS MUST BE LOCATED, PROTECTED IN PLACE, AND CAPPED AS NECESSARY WHERE APPLICABLE.   SCHEDULE A PRE-SITE MEETING WITH A CITY",False,False,https://publicaccess.ci.malibu.ca.us/onbase-portal/BuildingPermits/index.html?OBKey__19_1=808027,808027,20790,ROCKPOINT WAY,2025-06-03T00:00:00,ESD-Street Files/Building Permits,PERMITS,,
4450017016,20672 ROCKPOINT WAY,25-0445,BUILDING,FINALLED,2025-03-24T00:00:00,2025-04-02T00:00:00,"RESIDENTIAL REROOF, OVERLAY ASPHALT SHINGLES ON TOP OF ONE LAYER OF EXISTING ASPHALT SHINGLES (27 SQUARES) MUST MEET CLASS A AND CRRC REQUIREMENTS. NO STRUCTURAL CHANGES AUTHORIZED.",False,False,https://publicaccess.ci.malibu.ca.us/onbase-portal/BuildingPermits/index.html?OBKey__19_1=789032,789032,20672,ROCKPOINT WAY,2025-03-24T00:00:00,ESD-Street Files/Building Permits,PERMITS,,
4450018015,20548 PINNACLE WAY,26-0450,BUILDING,OPENED,2026-02-27T00:00:00,,,False,False,https://publicaccess.ci.malibu.ca.us/onbase-portal/BuildingPermits/index.html?OBKey__19_1=823179,823179,20548,PINNACLE WAY,2026-02-28T00:01:29,ESD-Street Files/Building Permits,PERMITS,,
4450018018,20595 SEABOARD RD,25-1950,BUILDING,ISSUED,2025-10-23T00:00:00,,"ESFR: RESTORE DRIVEWAY APRON: TEMPORARY WOOD SHORING TO BE REMOVED ALONG WITH LOOSE SOIL AND ROCK MATERIAL, REPLACE PAVING AS NEEDED WITH MINOR GRADING.PRE-SITE BUILDING SAFETY INSPECTOR MEETING REQUIRED PRIOR TO THE START OF ANY WORK.",False,False,https://publicaccess.ci.malibu.ca.us/onbase-portal/BuildingPermits/index.html?OBKey__19_1=812986,812986,20595,SEABOARD RD,2025-10-23T00:00:00,ESD-Street Files/Building Permits,PERMITS,,
4450018020,20566 PINNACLE WAY,25-5059,SEPTIC,ISSUED,2025-07-17T00:00:00,,"ABANDONMENT OF EXISTING OWTS AND INSTALL A NEW 2,500GAL AOWTS W/A TRAFFIC RATED SLAB.",False,False,https://publicaccess.ci.malibu.ca.us/onbase-portal/BuildingPermits/index.html?OBKey__19_1=799837,799837,20566,PINNACLE WAY,2025-07-17T00:00:00,ESD-Street Files/Building Permits,PERMITS,,
4450018022,20616 SEABOARD RD,25-1527,BUILDING,ISSUED,2025-08-25T00:00:00,,ESFR REMODEL - WALLS TO REMAIN AS EXISTING UNDER APR 19-020  DESTROYED IN PALASADES FIRE. PRE-SITE BUILDING INSPECTOR MEETING REQUIRED BEFORE STARTING ANY WORK.,False,False,https://publicaccess.ci.malibu.ca.us/onbase-portal/BuildingPermits/index.html?OBKey__19_1=804293,804293,20616,SEABOARD RD,2025-08-25T00:00:00,ESD-Street Files/Building Permits,PERMITS,,
4450018025,20433 SEABOARD RD,25-0347,BUILDING,ISSUED,2025-03-10T00:00:00,,"ESFR REPAIRS FROM PALASADES FIRE - REPLACE STUCCO ON 2 EXTERIOR WALLS, ROOF REPAIR AS NEEDED, REPLACE (3) WINDOWS LIKE FOR LIKE (MUST MEET TITLE 24 AND HIGH FIRE COMPLIANCE)",False,False,https://publicaccess.ci.malibu.ca.us/onbase-portal/BuildingPermits/index.html?OBKey__19_1=785609,785609,20433,SEABOARD RD,2025-03-10T00:00:00,ESD-Street Files/Building Permits,PERMITS,,
4450019022,20525 LITTLE ROCK WAY,25-2423,BUILDING,FINALLED,2025-12-15T00:00:00,2026-02-17T00:00:00,REPLACE EXISTING ROOFING WITH METAL ROOFING.(21 SQUARES)OWENS CORNING TITANIUM FR HIGH TEMP SELF ADHERED UNDERLAYMENT. MUST MEET CLASS A AND CRRC REQUIREMENTS. ROOF MAY NOT BE REFLECTIVE. NO STRUCTURAL CHANGES AUTHORIZED.,False,False,https://publicaccess.ci.malibu.ca.us/onbase-portal/BuildingPermits/index.html?OBKey__19_1=822268,822268,20525,LITTLE ROCK WAY,2025-12-15T00:00:00,ESD-Street Files/Building Permits,PERMITS,,
4450019023,20533 LITTLE ROCK WAY,,BUILDING,PLAN CHECK ONLY,2026-04-07T00:00:00,,,False,False,https://publicaccess.ci.malibu.ca.us/onbase-portal/BuildingPermits/index.html?OBKey__19_1=826961,826961,20533,LITTLE ROCK WAY,2026-04-16T00:00:47,ESD-Street Files/Building Permits,PERMITS,,
4450019025,20549 LITTLE ROCK WAY,25-0973,BUILDING,FINALLED,2025-05-27T00:00:00,2025-08-19T00:00:00,"DEBRIS REMOVAL DUE TO PALISADES FIRE. PRIOR TO COMMENCEMENT OF DEBRIS REMOVAL, ALL ONSITE WASTEWATER TREATMENT SYSTEM COMPONENTS MUST BE LOCATED, PROTECTED IN PLACE, AND CAPPED AS NECESSARY WHERE APPLICABLE. SCHEDULE A PRE-SITE MEETING WITH A CITY IN",False,False,https://publicaccess.ci.malibu.ca.us/onbase-portal/BuildingPermits/index.html?OBKey__19_1=808040,808040,20549,LITTLE ROCK WAY,2025-05-27T00:00:00,ESD-Street Files/Building Permits,PERMITS,,
4450019030,20565 LITTLE ROCK WAY,26-0627,BUILDING,ISSUED,2026-04-06T00:00:00,,"CHANGES IN FOUNDATION, ADDITION OF [N] PAD FOOTINGS AND GRADEBEAM +/- 250 LF  REF: 26-0120",False,False,https://publicaccess.ci.malibu.ca.us/onbase-portal/BuildingPermits/index.html?OBKey__19_1=826130,826130,20565,LITTLE ROCK WAY,2026-04-06T00:00:00,ESD-Street Files/Building Permits,PERMITS,,
4450019031,20573 LITTLE ROCK WAY,,BUILDING,PLAN CHECK ONLY,2026-07-22T00:00:00,,,False,False,https://publicaccess.ci.malibu.ca.us/onbase-portal/BuildingPermits/index.html?OBKey__19_1=834810,834810,20573,LITTLE ROCK WAY,2026-07-29T00:00:57,ESD-Street Files/Building Permits,PERMITS,,
4450019032,20512 LITTLE ROCK WAY,25-0702,BUILDING,ISSUED,2025-05-01T00:00:00,,"REMOVE/REPLACE WINDOWS IN EXISTING LOCATIONS, NO CHANGE IN SIZE. NO STRUCTURAL CHANGES AUTHORIZED. MINOR DAMAGES DUE TO PALISADES FIRE.",False,False,https://publicaccess.ci.malibu.ca.us/onbase-portal/BuildingPermits/index.html?OBKey__19_1=791963,791963,20512,LITTLE ROCK WAY,2025-05-01T00:00:00,ESD-Street Files/Building Permits,PERMITS,,
4450020027,20749 COOL OAK WAY,25-1187,BUILDING,ISSUED,2025-06-20T00:00:00,,"ESFR INT. REMODEL/ EXT. ALTERATION: KITCHEN/BATHROOM, (N) MASTER BATHROOM SLIDING GLASS DOOR 12' WIDE. RESTORE EXISTING GARAGE TO 2 CAR GARAGE. CONVERT BEDROOM TO DEN.",False,False,https://publicaccess.ci.malibu.ca.us/onbase-portal/BuildingPermits/index.html?OBKey__19_1=797454,797454,20749,COOL OAK WAY,2025-06-27T00:00:19,ESD-Street Files/Building Permits,PERMITS,,
4450020028,20737 COOL OAK WAY,26-0012,BUILDING,ISSUED,2026-01-05T00:00:00,,,False,False,https://publicaccess.ci.malibu.ca.us/onbase-portal/BuildingPermits/index.html?OBKey__19_1=816612,816612,20737,COOL OAK WAY,2026-01-05T20:01:35,ESD-Street Files/Building Permits,PERMITS,,
4450020029,20754 COOL OAK WAY,26-1591,BUILDING,ISSUED,2026-07-10T00:00:00,,DETACHED GARAGE - PALISADES FIRE REBUILD  TOTAL: 603 SF,True,False,https://publicaccess.ci.malibu.ca.us/onbase-portal/BuildingPermits/index.html?OBKey__19_1=833937,833937,20754,COOL OAK WAY,2026-07-15T11:16:53,ESD-Street Files/Building Permits,PERMITS,,
4450021050,20677 ROCKPOINT WAY,25-0894,BUILDING,ISSUED,2025-05-14T00:00:00,,"DEBRIS REMOVAL DUE TO PALISADES FIRE. PRIOR TO COMMENCEMENT OF DEBRIS REMOVAL, ALL ONSITE WASTEWATER TREATMENT SYSTEM COMPONENTS MUST BE LOCATED, PROTECTED IN PLACE, AND CAPPED AS NECESSARY WHERE APPLICABLE.   SCHEDULE A PRE-SITE MEETING WITH A CITY",False,False,https://publicaccess.ci.malibu.ca.us/onbase-portal/BuildingPermits/index.html?OBKey__19_1=793013,793013,20677,ROCKPOINT WAY,2025-05-14T00:00:00,ESD-Street Files/Building Permits,PERMITS,,
4450022051,20765 ROCKPOINT WAY,26-0365,BUILDING,ISSUED,2026-02-19T00:00:00,,ADDITION TO NSFR FOUNDATION SYSTEM  6 PIERS @ 24” IN DIAMETER  +/- 100 LF OF GRADEBEAM,False,False,https://publicaccess.ci.malibu.ca.us/onbase-portal/BuildingPermits/index.html?OBKey__19_1=822861,822861,20765,ROCKPOINT WAY,2026-02-19T00:00:00,ESD-Street Files/Building Permits,PERMITS,,
4450022054,21000 SEABOARD RD,25-0045,EXCAVATION,EXPIRED,2025-01-17T00:00:00,,EXCAVATION - BORINGS (4),False,False,https://publicaccess.ci.malibu.ca.us/onbase-portal/BuildingPermits/index.html?OBKey__19_1=816848,816848,21000,SEABOARD RD,2025-01-17T00:00:00,ESD-Street Files/Building Permits,PERMITS,,
4450025035,3915 SIERKS WAY,25-0074,ELECTRICAL,OPENED,2025-01-30T00:00:00,,,False,False,https://publicaccess.ci.malibu.ca.us/onbase-portal/BuildingPermits/index.html?OBKey__19_1=781309,781309,3915,SIERKS WAY,2025-01-31T00:00:52,ESD-Street Files/Building Permits,PERMITS,,
4450025042,3938 LAS FLORES CANYON RD,25-2409,BUILDING,OPENED,2025-12-12T00:00:00,,,False,False,https://publicaccess.ci.malibu.ca.us/onbase-portal/BuildingPermits/index.html?OBKey__19_1=815309,815309,3938,LAS FLORES CANYON RD,2025-12-13T00:00:32,ESD-Street Files/Building Permits,PERMITS,,
4450026068,21132 LAS FLORES MESA DR,25-2161,BUILDING,ISSUED,2025-11-15T00:00:00,,"ESFR W/ ATT'D GARAGE DAMAGED BY PALISDES FIRE- REPLACE DAMAGED WINDOWS/EXTERIOR DOORS, KITCHEN/BATH FIXTURES. RE-ROOF 17 SQUARES WITH ASPHALT SHINGLES ICC ESR-1300, REPLACE PLYWOOD, REPLACE SKYLIGHTS. NEW HEADER AT ENTRY.",False,False,https://publicaccess.ci.malibu.ca.us/onbase-portal/BuildingPermits/index.html?OBKey__19_1=814774,814774,21132,LAS FLORES MESA DR,2025-11-15T00:00:00,ESD-Street Files/Building Permits,PERMITS,,
4450026070,21108 LAS FLORES MESA DR,25-0319,BUILDING,ISSUED,2025-03-05T00:00:00,,,False,False,https://publicaccess.ci.malibu.ca.us/onbase-portal/BuildingPermits/index.html?OBKey__19_1=784811,784811,21108,LAS FLORES MESA DR,2025-03-06T00:01:20,ESD-Street Files/Building Permits,PERMITS,,
4450026072,21070 LAS FLORES MESA DR,26-1189,BUILDING,ISSUED,2026-06-01T00:00:00,,"ESFR RE-ROOF - TEAR-OFF TO PLYWOOD, REPLACE AS NEEDED. INSTALL 55 SQUARES BITUMEN ROOFING MEMBRANE ICC ESR 2018. MUST MEET CLASS ""A"" AND CRRC REQUIREMENTS. NO STRUCTURAL CHANGES AUTHORIZED.",False,False,https://publicaccess.ci.malibu.ca.us/onbase-portal/BuildingPermits/index.html?OBKey__19_1=830856,830856,21070,LAS FLORES MESA DR,2026-06-01T00:00:00,ESD-Street Files/Building Permits,PERMITS,,
4450026073,21066 LAS FLORES MESA DR,26-0916,BUILDING,ISSUED,2026-04-23T00:00:00,,"DECK REPAIR - REPLACE DECKING FROM SPA RELOCATION.  REF: IPC 26-0138 , 26-0917",False,False,https://publicaccess.ci.malibu.ca.us/onbase-portal/BuildingPermits/index.html?OBKey__19_1=828079,828079,21066,LAS FLORES MESA DR,2026-04-30T00:01:25,ESD-Street Files/Building Permits,PERMITS,,
4450026077,3900 LAS FLORES CANYON RD,25-0637,BUILDING,FINALLED,2025-04-15T00:00:00,2025-08-28T00:00:00,"DEBRIS REMOVAL OF DUE TO PALISADES FIRE. PRIOR TO COMMENCEMENT OF DEBRIS REMOVAL, ALL ONSITE WASTEWATER TREATMENT SYSTEM COMPONENTS MUST BE LOCATED, PROTECTED IN PLACE, AND CAPPED AS NECESSARY WHERE APPLICABLE.   SCHEDULE A PRE- SITE MEETING WITH A C",False,False,https://publicaccess.ci.malibu.ca.us/onbase-portal/BuildingPermits/index.html?OBKey__19_1=806884,806884,3900,LAS FLORES CANYON RD,2025-04-15T00:00:00,ESD-Street Files/Building Permits,PERMITS,,
4450026078,3872 LAS FLORES CANYON RD,26-0460,BUILDING,OPENED,2026-03-03T00:00:00,,,False,False,https://publicaccess.ci.malibu.ca.us/onbase-portal/BuildingPermits/index.html?OBKey__19_1=823433,823433,3872,LAS FLORES CANYON RD,2026-03-04T00:01:21,ESD-Street Files/Building Permits,PERMITS,,
4450026079,3864 LAS FLORES CANYON RD,26-1403,BUILDING,ISSUED,2026-06-12T00:00:00,,"NSFR, CONCRETE SLAB FOUNDATION - PALISADES FIRE REBUILD  SINGLE STORY: 1,566 SF  [N] ROOFTOP DECK",True,False,https://publicaccess.ci.malibu.ca.us/onbase-portal/BuildingPermits/index.html?OBKey__19_1=834391,834391,3864,LAS FLORES CANYON RD,2026-07-23T00:01:15,ESD-Street Files/Building Permits,PERMITS,,
4450026082,3806 LAS FLORES CANYON RD,26-0550,BUILDING,FINALLED,2026-03-12T00:00:00,2026-06-01T00:00:00,"ESFR - RE-ROOF 18 SQUARES/ TEAR OFF TO PLYWOOD. REPLACE AS NEEDED. INSTALL 18 SQUARES OF SHARKSKIN ULTRA SA 4.5 UNDERLAYMENT (ICC ESR –1708), BERRIDGE CEE-LOCK ROOFING (ICC ESR-3486)  MUST MEET ICC ESR-3486 AND MANUFACTURER SPECS BERRIDGE CEE-LOCK. M",False,False,https://publicaccess.ci.malibu.ca.us/onbase-portal/BuildingPermits/index.html?OBKey__19_1=830765,830765,3806,LAS FLORES CANYON RD,2026-03-12T00:00:00,ESD-Street Files/Building Permits,PERMITS,,
4450026093,3740 LAS FLORES CANYON RD,25-0606,BUILDING,FINALLED,2025-04-11T00:00:00,2025-07-15T00:00:00,"DEBRIS REMOVAL OF SFR DUE TO PALISADES FIRE. PRIOR TO COMMENCEMENT OF DEBRIS REMOVAL, ALL ONSITE WASTEWATER TREATMENT SYSTEM COMPONENTS MUST BE LOCATED, PROTECTED IN PLACE, AND CAPPED AS NECESSARY WHERE APPLICABLE.   SCHEDULE A PRE- SITE MEETING WITH",False,False,https://publicaccess.ci.malibu.ca.us/onbase-portal/BuildingPermits/index.html?OBKey__19_1=799546,799546,3740,LAS FLORES CANYON RD,2025-04-11T00:00:00,ESD-Street Files/Building Permits,PERMITS,,
4450027012,21119 LAS FLORES MESA DR,26-0797,BUILDING,ISSUED,2026-04-10T00:00:00,,"NSFR/ATT.GARAGE W/BASEMENT - PALISADES FIRE REBUILD  1ST FLOOR: 3,493 SF  2ND FLOOR: 1,344 SF  ATT. GARAGE: 459 SF  TOTAL: 5,296 SF  ATT. BALCONIES/DECKS",True,False,https://publicaccess.ci.malibu.ca.us/onbase-portal/BuildingPermits/index.html?OBKey__19_1=826684,826684,21119,LAS FLORES MESA DR,2026-04-10T00:00:00,ESD-Street Files/Building Permits,PERMITS,,
4450029025,20607 EAGLEPASS DR,26-1884,BUILDING,ISSUED,2026-07-23T00:00:00,,"INTERIOR/EXTERIOR REMODEL OF AN ESFR INCLUDING KITCHEN, BATH. REPLACEMENT OF DOORS/WINDOWS, REPLACE GAS FIREPLACE IN BEDROOM, REMOVE AND REBUILD EXTERIOR CONCRETE STOOP AND STAIRS LANDING AND STEPS WITHIN EXISTING FOOTPRINT. RELOCATE AND REPLACE EXIS",True,False,https://publicaccess.ci.malibu.ca.us/onbase-portal/BuildingPermits/index.html?OBKey__19_1=834937,834937,20607,EAGLEPASS DR,2026-07-31T00:01:07,ESD-Street Files/Building Permits,PERMITS,,
4450029033,20734 LAS FLORES MESA DR,25-1259,BUILDING,ISSUED,2025-07-07T00:00:00,,"DEBRIS REMOVAL DUE TO PALISADES FIRE. PRIOR TO COMMENCEMENT OF DEBRIS REMOVAL, ALL ONSITE WASTEWATER TREATMENT SYSTEM COMPONENTS MUST BE LOCATED, PROTECTED IN PLACE, AND CAPPED AS NECESSARY WHERE APPLICABLE.   SCHEDULE A PRE-SITE MEETING WITH A CITY",False,False,https://publicaccess.ci.malibu.ca.us/onbase-portal/BuildingPermits/index.html?OBKey__19_1=798656,798656,20734,LAS FLORES MESA DR,2025-07-07T00:00:00,ESD-Street Files/Building Permits,PERMITS,,
4450029040,20731 EAGLEPASS DR,25-1935,BUILDING,ISSUED,2025-10-23T00:00:00,,"NSFR/ATT GARAGE – SINGLE STOY 2,973 SF  PALISADES FIRE REBUILD  PRE-SITE INSPECTION REQUIRED PRIOR TO START OF WORK. CITY OF MALIBU ASSUMPTION OF RISK & RELEASE TO BE COMPLETED AND RECORDED WITH MALIBU CITY CLERK PRIOR TO CERTIFICATE OF OCCUPANCY.",True,False,https://publicaccess.ci.malibu.ca.us/onbase-portal/BuildingPermits/index.html?OBKey__19_1=811173,811173,20731,EAGLEPASS DR,2025-10-23T00:00:00,ESD-Street Files/Building Permits,PERMITS,,
4450030024,3656 LAS FLORES CANYON RD,25-2188,ELECTRICAL,FINALLED,2025-11-19T00:00:00,2026-02-24T00:00:00,"SYMBIUM ESFR ROOF MOUNTED SOLAR 7.48KW PV SYSTEM (17) JA SOLAR JAM54D41 MB (440W) PV MODULES, (1) TESLA POWERWALL 3.",False,False,https://publicaccess.ci.malibu.ca.us/onbase-portal/BuildingPermits/index.html?OBKey__19_1=822903,822903,3656,LAS FLORES CANYON RD,2025-11-19T00:00:00,ESD-Street Files/Building Permits,PERMITS,,
4450031032,3600 LAS FLORES CANYON RD,26-1411,BUILDING,ISSUED,2026-06-29T00:00:00,,"REUSE OF EXISTING FOUNDATION, CONCRETE SLAB W/ADDITION OF [N] FOOTINGS AND GRADEBEAM",False,False,https://publicaccess.ci.malibu.ca.us/onbase-portal/BuildingPermits/index.html?OBKey__19_1=832899,832899,3600,LAS FLORES CANYON RD,2026-07-01T00:01:49,ESD-Street Files/Building Permits,PERMITS,3600,
4450031033,3590 LAS FLORES CANYON RD,,BUILDING,PLAN CHECK ONLY,2026-04-03T00:00:00,,,False,False,https://publicaccess.ci.malibu.ca.us/onbase-portal/BuildingPermits/index.html?OBKey__19_1=828338,828338,3590,LAS FLORES CANYON RD,2026-05-02T00:01:24,ESD-Street Files/Building Permits,PERMITS,,
4450031034,3570 LAS FLORES CANYON RD,25-1873,BUILDING,ISSUED,2025-10-21T00:00:00,,"NSFR W/ATT. GARAGE/CARPORT, ATT. CONCRETE DECK, (N) BALCONIES (2) AND SKYLIGHTS - PALISADES FIRE REBUILD  MAIN FLOOR: 633 SF  SECOND FLOOR: 1083 SF  ATT. GARAGE: 452 SF  TOTAL: 2,168 SF  BALCONIES: 92 SF, 42 SF",True,False,https://publicaccess.ci.malibu.ca.us/onbase-portal/BuildingPermits/index.html?OBKey__19_1=810864,810864,3570,LAS FLORES CANYON RD,2025-10-21T00:00:00,ESD-Street Files/Building Permits,PERMITS,,
4450031035,3504 LAS FLORES CANYON RD,26-1084,PLUMBING,FINALLED,2026-05-19T00:00:00,2026-05-26T00:00:00,(E) PRIVATE SCHOOL - INSTALLATION OF (01) 1.5” LITTLE FIREFIGHTER SGSOV FOR POINT OF SALE,False,False,https://publicaccess.ci.malibu.ca.us/onbase-portal/BuildingPermits/index.html?OBKey__19_1=830311,830311,3504,LAS FLORES CANYON RD,2026-05-19T00:00:00,ESD-Street Files/Building Permits,PERMITS,,
4451001012,21336 PACIFIC COAST HWY,26-0783,BUILDING,ISSUED,2026-04-09T00:00:00,,"NSFR/ATT. GARAGE – PALISADES FIRE REBUILD  1ST FL: 1,253 SF  2ND FL: 1,621 SF  ATT. GARAGE: 498 SF  TOTAL: 3,372 SF  ATT. DECK",True,False,https://publicaccess.ci.malibu.ca.us/onbase-portal/BuildingPermits/index.html?OBKey__19_1=826668,826668,21336,PACIFIC COAST HWY,2026-04-09T00:00:00,ESD-Street Files/Building Permits,PERMITS,,
4451001013,21332 PACIFIC COAST HWY,25-0424,BUILDING,FINALLED,2025-03-20T00:00:00,2025-08-13T00:00:00,"DEBRIS REMOVAL OF SFR DUE TO PALISADES FIRE. PRIOR TO COMMENCEMENT OF DEBRIS REMOVAL, ALL ONSITE WASTEWATER TREATMENT SYSTEM COMPONENTS MUST BE LOCATED, PROTECTED IN PLACE, AND CAPPED AS NECESSARY WHERE APPLICABLE.   FOR SAFETY PURPOSES, SCHEDULE A P",False,False,https://publicaccess.ci.malibu.ca.us/onbase-portal/BuildingPermits/index.html?OBKey__19_1=808011,808011,21332,PACIFIC COAST HWY,2025-03-20T00:00:00,ESD-Street Files/Building Permits,PERMITS,,
4451001014,21330 PACIFIC COAST HWY,25-0380,BUILDING,FINALLED,2025-03-12T00:00:00,2025-09-17T00:00:00,"DEBRIS REMOVAL OF SFR DUE TO PALISADES FIRE. PRIOR TO COMMENCEMENT OF DEBRIS REMOVAL, ALL ONSITE WASTEWATER TREATMENT SYSTEM COMPONENTS MUST BE LOCATED, PROTECTED IN PLACE, AND CAPPED AS NECESSARY WHERE APPLICABLE.   FOR SAFETY PURPOSES, SCHEDULE A P",False,False,https://publicaccess.ci.malibu.ca.us/onbase-portal/BuildingPermits/index.html?OBKey__19_1=806836,806836,21330,PACIFIC COAST HWY,2025-03-12T00:00:00,ESD-Street Files/Building Permits,PERMITS,,
4451001015,21324 PACIFIC COAST HWY,25-0331,BUILDING,FINALLED,2025-03-06T00:00:00,2025-09-17T00:00:00,"DEBRIS REMOVAL OF ESFR DUE TO PALISADES FIRE. PRIOR TO COMMENCEMENT OF DEBRIS REMOVAL, ALL ONSITE WASTEWATER TREATMENT SYSTEM COMPONENTS MUST BE LOCATED, PROTECTED IN PLACE, AND CAPPED AS NECESSARY WHERE APPLICABLE. PRE-SITE CITY INSPECTOR MEETING RE",False,False,https://publicaccess.ci.malibu.ca.us/onbase-portal/BuildingPermits/index.html?OBKey__19_1=806835,806835,21324,PACIFIC COAST HWY,2025-03-06T00:00:00,ESD-Street Files/Building Permits,PERMITS,,
4451001016,21322 PACIFIC COAST HWY,25-0360,BUILDING,FINALLED,2025-03-10T00:00:00,2025-09-24T00:00:00,"DEBRIS REMOVAL OF ESFR DUE TO PALISADES FIRE. PRIOR TO COMMENCEMENT OF DEBRIS REMOVAL, ALL ONSITE WASTEWATER TREATMENT SYSTEM COMPONENTS MUST BE LOCATED, PROTECTED IN PLACE, AND CAPPED AS NECESSARY WHERE APPLICABLE.   FOR SAFETY PURPOSES, SCHEDULE A",False,False,https://publicaccess.ci.malibu.ca.us/onbase-portal/BuildingPermits/index.html?OBKey__19_1=807907,807907,21322,PACIFIC COAST HWY,2025-03-10T00:00:00,ESD-Street Files/Building Permits,PERMITS,,
4451001019,21310 PACIFIC COAST HWY,25-5046,SEPTIC,FINALLED,2025-06-18T00:00:00,2025-08-19T00:00:00,"PUMP SEPTIC TANK, REMOVAL OF EXISTING SEPTIC TANKS AND OR LEECH FIELD DUE TO PALISADES FIRE. FOR SAFETY PURPOSES SCHEDULE A PRE-CONSTRUCTION SITE VISIT WITH A CITY  INSPECTOR PRIOR TO THE START OF WORK. CONTACT CALTRANS IF ENCROACHMENT PERMIT REQUIRE",False,False,https://publicaccess.ci.malibu.ca.us/onbase-portal/BuildingPermits/index.html?OBKey__19_1=808010,808010,21310,PACIFIC COAST HWY,2025-06-18T00:00:00,ESD-Street Files/Building Permits,PERMITS,,
4451001029,21216 PACIFIC COAST HWY,26-1428,BUILDING,ISSUED,2026-06-16T00:00:00,,EMERGENCY TEMP SHORING DUE TO VEHICLE COLLISION,False,False,https://publicaccess.ci.malibu.ca.us/onbase-portal/BuildingPermits/index.html?OBKey__19_1=832200,832200,21216,PACIFIC COAST HWY,2026-06-16T00:00:00,ESD-Street Files/Building Permits,PERMITS,,
4451001030,21228 PACIFIC COAST HWY,26-1896,BUILDING,ISSUED,2026-07-26T00:00:00,,"ESFR LIKE IN KIND REPAIR DUE TO DAMAGE BY PALISADES FIRE -  WINDOWS/GLAZED DOORS, INTERIOR FIXTURES, DECK REPAIR, REPLACE FIREPLACE, REPLACE DAMAGED SIDING AND STUCCO, RE-ROOF, TO MEET CLASS ""A"" AND CRRC REQUIREMENTS. PRE-SITE INSPECTION REQUIRED PRI",False,False,https://publicaccess.ci.malibu.ca.us/onbase-portal/BuildingPermits/index.html?OBKey__19_1=834734,834734,21228,PACIFIC COAST HWY,2026-07-27T21:01:24,ESD-Street Files/Building Permits,PERMITS,,
4451001031,21226 PACIFIC COAST HWY,26-1900,BUILDING,ISSUED,2026-07-26T00:00:00,,"ESFR LIKE IN KIND REPAIR DUE TO DAMAGE BY PALISADES FIRE -  WINDOWS/GLAZED DOORS, INTERIOR FIXTURES, REPLACE FIREPLACES, DECK AND BALCONY REPAIR, REPLACE DAMAGED SIDING AND STUCCO, RE-ROOF, TO MEET CLASS ""A"" AND CRRC REQUIREMENTS. PRE-SITE INSPECTION",False,False,https://publicaccess.ci.malibu.ca.us/onbase-portal/BuildingPermits/index.html?OBKey__19_1=834738,834738,21226,PACIFIC COAST HWY,2026-07-27T21:01:24,ESD-Street Files/Building Permits,PERMITS,2,
4451001032,21224 PACIFIC COAST HWY,,BUILDING,PLAN CHECK ONLY,2025-03-11T00:00:00,,,False,False,https://publicaccess.ci.malibu.ca.us/onbase-portal/BuildingPermits/index.html?OBKey__19_1=785591,785591,21224,PACIFIC COAST HWY,2025-03-12T00:00:50,ESD-Street Files/Building Permits,PERMITS,,
4451001034,21220 PACIFIC COAST HWY,25-1322,PLUMBING,ISSUED,2025-07-23T00:00:00,,REPLACE EXISTING GAS LINE FROM THE GAS METER TO THE BUILDING WITH NEW PIPES AND FITTINGS IN AN EXISTING CONDOMINIUM.,False,False,https://publicaccess.ci.malibu.ca.us/onbase-portal/BuildingPermits/index.html?OBKey__19_1=800867,800867,21220,PACIFIC COAST HWY,2025-07-23T00:00:00,ESD-Street Files/Building Permits,PERMITS,,
4451002007,21602 PACIFIC COAST HWY,25-0462,BUILDING,ISSUED,2025-03-26T00:00:00,,"DEBRIS REMOVAL OF SFR DUE TO PALISADES FIRE. PRIOR TO COMMENCEMENT OF DEBRIS REMOVAL, ALL ONSITE WASTEWATER TREATMENT SYSTEM COMPONENTS MUST BE LOCATED, PROTECTED IN PLACE, AND CAPPED AS NECESSARY WHERE APPLICABLE.   SCHEDULE A PRE-CONSTRUCTION SITE",False,False,https://publicaccess.ci.malibu.ca.us/onbase-portal/BuildingPermits/index.html?OBKey__19_1=787559,787559,21602,PACIFIC COAST HWY,2025-03-26T00:00:00,ESD-Street Files/Building Permits,PERMITS,,
4451002010,21554 PACIFIC COAST HWY,26-0462,BUILDING,ISSUED,2026-03-03T00:00:00,,"ADMINISTRATIVE CHANGE IN CONTRACTOR  REF: 26-0260, 26-0261",False,False,https://publicaccess.ci.malibu.ca.us/onbase-portal/BuildingPermits/index.html?OBKey__19_1=823599,823599,21554,PACIFIC COAST HWY,2026-03-03T00:00:00,ESD-Street Files/Building Permits,PERMITS,,
4451002014,21540 PACIFIC COAST HWY,25-5040,SEPTIC,FINALLED,2025-06-12T00:00:00,2025-08-19T00:00:00,"PUMP SEPTIC TANK, REMOVAL OF EXISTING SEPTIC TANKS AND LEECH FIELD DUE TO PALISADES FIRE. FOR SAFETY PURPOSES, SCHEDULE A PRE-CONSTRUCTION SITE VISIT WITH A CITY INSPECTOR PRIOR TO THE START OF WORK. CONTACT CALTRANS IF ENCROACHMENT PERMIT REQUIRED",False,False,https://publicaccess.ci.malibu.ca.us/onbase-portal/BuildingPermits/index.html?OBKey__19_1=808012,808012,21540,PACIFIC COAST HWY,2025-06-12T00:00:00,ESD-Street Files/Building Permits,PERMITS,,
4451002017,21528 PACIFIC COAST HWY,25-0323,BUILDING,FINALLED,2025-03-10T00:00:00,2025-07-02T00:00:00,"DEBRIS REMOVAL OF SFR DUE TO PALISADES FIRE. PRIOR TO COMMENCEMENT OF DEBRIS REMOVAL, ALL ONSITE WASTEWATER TREATMENT SYSTEM COMPONENTS MUST BE LOCATED, PROTECTED IN PLACE, AND CAPPED AS NECESSARY WHERE APPLICABLE.   FOR SAFETY PURPOSES, SCHEDULE A P",False,False,https://publicaccess.ci.malibu.ca.us/onbase-portal/BuildingPermits/index.html?OBKey__19_1=797897,797897,21528,PACIFIC COAST HWY,2025-03-10T00:00:00,ESD-Street Files/Building Permits,PERMITS,,
4451002021,21506 PACIFIC COAST HWY,25-5037,SEPTIC,FINALLED,2025-06-10T00:00:00,,"PUMP SEPTIC TANK, REMOVAL OF EXISTING SEPTIC TANKS AND LEECH FIELD DUE TO PALISADES FIRE. FOR SAFETY PURPOSES, SCHEDULE A PRE-CONSTRUCTION SITE VISIT WITH A CITY INSPECTOR PRIOR TO THE START OF WORK. CONTACT CALTRANS IF ENCROACHMENT PERMIT REQUIRED",False,False,https://publicaccess.ci.malibu.ca.us/onbase-portal/BuildingPermits/index.html?OBKey__19_1=797526,797526,21506,PACIFIC COAST HWY,2025-06-10T00:00:00,ESD-Street Files/Building Permits,PERMITS,,
4451002026,21434 PACIFIC COAST HWY,25-0961,BUILDING,FINALLED,2025-05-22T00:00:00,,"RE-ROOFING THE EXISTING 1 STORY PITCHED TILE ROOF. (24 SQUARES) NEW LIGHTWEIGHT CLAY ""S"" TILES. XFR POLYGLASS UNDERLAYMENT. MUST MEET CLASS A AND CRRC REQUIREMENTS. NO STRUCTURAL CHANGES AUTHORIZED.",False,False,https://publicaccess.ci.malibu.ca.us/onbase-portal/BuildingPermits/index.html?OBKey__19_1=797527,797527,21434,PACIFIC COAST HWY,2025-05-22T00:00:00,ESD-Street Files/Building Permits,PERMITS,,
4451002027,21424 PACIFIC COAST HWY,25-0926,BUILDING,ISSUED,2025-05-12T00:00:00,,"DEBRIS REMOVAL DUE TO PALISADES FIRE. PRIOR TO COMMENCEMENT OF DEBRIS REMOVAL, ALL ONSITE WASTEWATER TREATMENT SYSTEM COMPONENTS MUST BE LOCATED, PROTECTED IN PLACE, AND CAPPED AS NECESSARY WHERE APPLICABLE. SCHEDULE A PRE-SITE MEETING WITH A CITY IN",False,False,https://publicaccess.ci.malibu.ca.us/onbase-portal/BuildingPermits/index.html?OBKey__19_1=793364,793364,21424,PACIFIC COAST HWY,2025-05-12T00:00:00,ESD-Street Files/Building Permits,PERMITS,,
4451002030,21414 PACIFIC COAST HWY,26-1401,BUILDING,ISSUED,2026-07-09T00:00:00,,NEW SEAWALL FOR NEW AOWTS  12 PILES @ 36” IN DIAMETER  108 LF @ 18' MAX HEIGHT    *SHARED SEAWALL WITH NEIGHBORING PROPERTY 21408 PCH REF: BP# 26-1358,False,False,https://publicaccess.ci.malibu.ca.us/onbase-portal/BuildingPermits/index.html?OBKey__19_1=833570,833570,21414,PACIFIC COAST HWY,2026-07-10T00:01:09,ESD-Street Files/Building Permits,PERMITS,,
4451002031,21408 PACIFIC COAST HWY,26-1354,BUILDING,ISSUED,2026-07-10T00:00:00,,"FOUNDATION - NSFR/ATT. GARAGE  9 PILES @ 36"" IN DIAMETER  +/- 250 LF OF GRADBEAM",False,False,https://publicaccess.ci.malibu.ca.us/onbase-portal/BuildingPermits/index.html?OBKey__19_1=834305,834305,21408,PACIFIC COAST HWY,2026-07-22T00:00:54,ESD-Street Files/Building Permits,PERMITS,,
4451002033,21536 PACIFIC COAST HWY,25-0599,BUILDING,FINALLED,2025-04-10T00:00:00,2025-09-18T00:00:00,"DEBRIS REMOVAL OF SFR DUE TO PALISADES FIRE. PRIOR TO COMMENCEMENT OF DEBRIS REMOVAL, ALL ONSITE WASTEWATER TREATMENT SYSTEM COMPONENTS MUST BE LOCATED, PROTECTED IN PLACE, AND CAPPED AS NECESSARY WHERE APPLICABLE.   SCHEDULE A PRE- SITE MEETING WITH",False,False,https://publicaccess.ci.malibu.ca.us/onbase-portal/BuildingPermits/index.html?OBKey__19_1=806837,806837,21536,PACIFIC COAST HWY,2025-04-10T00:00:00,ESD-Street Files/Building Permits,PERMITS,,
4451003021,21658 PACIFIC COAST HWY,,BUILDING,PLAN CHECK ONLY,2026-02-12T00:00:00,,,False,False,https://publicaccess.ci.malibu.ca.us/onbase-portal/BuildingPermits/index.html?OBKey__19_1=824452,824452,21658,PACIFIC COAST HWY,2026-03-18T00:01:11,ESD-Street Files/Building Permits,PERMITS,,
4451003022,21650 PACIFIC COAST HWY,26-0310,BUILDING,FINALLED,2026-02-10T00:00:00,2026-04-28T00:00:00,REPAIR/REPLACE EXISTING EXTERIOR DECK AND RETRACTABLE BEACH ACCESS STAIR DMAGED BY PALISADES FIRE.,False,False,https://publicaccess.ci.malibu.ca.us/onbase-portal/BuildingPermits/index.html?OBKey__19_1=828005,828005,21650,PACIFIC COAST HWY,2026-02-10T00:00:00,ESD-Street Files/Building Permits,PERMITS,,
4451003023,21644 PACIFIC COAST HWY,25-2392,BUILDING,ISSUED,2025-12-11T00:00:00,,"NSFR/ATT. GARAGE – PALISADES FIRE REBUILD  MAIN FLOOR: 1,505 SF  2ND FLOOR: 1,557 SF  ATT. GARAGE: 404 SF  TOTAL: 3,466 SF  ATT. DECKS    PRE-SITE BUILDING SAFETY INSPECTOR MEETING REQUIRED PRIOR TO THE START OF WORK. ADMINISTRATIVE CHANGE IN CONTRAC",True,False,https://publicaccess.ci.malibu.ca.us/onbase-portal/BuildingPermits/index.html?OBKey__19_1=816016,816016,21644,PACIFIC COAST HWY,2025-12-11T00:00:00,ESD-Street Files/Building Permits,PERMITS,,
4451003024,21640 PACIFIC COAST HWY,25-0429,BUILDING,ISSUED,2025-03-20T00:00:00,,"DEBRIS REMOVAL OF SFR DUE TO PALISADES FIRE. PRIOR TO COMMENCEMENT OF DEBRIS REMOVAL, ALL ONSITE WASTEWATER TREATMENT SYSTEM COMPONENTS MUST BE LOCATED, PROTECTED IN PLACE, AND CAPPED AS NECESSARY WHERE APPLICABLE.   FOR SAFETY PURPOSES, SCHEDULE A P",False,False,https://publicaccess.ci.malibu.ca.us/onbase-portal/BuildingPermits/index.html?OBKey__19_1=787301,787301,21640,PACIFIC COAST HWY,2025-03-20T00:00:00,ESD-Street Files/Building Permits,PERMITS,,
4451003025,21634 PACIFIC COAST HWY,25-5070,SEPTIC,FINALLED,2025-08-04T00:00:00,2025-08-19T00:00:00,"PUMP SEPTIC TANK, REMOVAL OF EXISTING SEPTIC TANKS AND OR LEECH FIELD DUE TO PALISADES FIRE. FOR SAFETY PURPOSES SCHEDULE A PRE-CONSTRUCTION SITE VISIT WITH A CITY  INSPECTOR PRIOR TO THE START OF WORK. CONTACT CALTRANS IF ENCROACHMENT PERMIT REQUIRE",False,False,https://publicaccess.ci.malibu.ca.us/onbase-portal/BuildingPermits/index.html?OBKey__19_1=808014,808014,21634,PACIFIC COAST HWY,2025-08-04T00:00:00,ESD-Street Files/Building Permits,PERMITS,,
4451003031,21614 PACIFIC COAST HWY,25-0532,BUILDING,FINALLED,2025-04-02T00:00:00,2025-09-30T00:00:00,"DEBRIS REMOVAL OF SFR DUE TO PALISADES FIRE. PRIOR TO COMMENCEMENT OF DEBRIS REMOVAL, ALL ONSITE WASTEWATER TREATMENT SYSTEM COMPONENTS MUST BE LOCATED, PROTECTED IN PLACE, AND CAPPED AS NECESSARY WHERE APPLICABLE.   SCHEDULE A PRE- SITE MEETING WITH",False,False,https://publicaccess.ci.malibu.ca.us/onbase-portal/BuildingPermits/index.html?OBKey__19_1=808077,808077,21614,PACIFIC COAST HWY,2025-04-02T00:00:00,ESD-Street Files/Building Permits,PERMITS,,
4451004010,21920 PACIFIC COAST HWY,25-0808,BUILDING,OPENED,2025-05-01T00:00:00,,,False,False,https://publicaccess.ci.malibu.ca.us/onbase-portal/BuildingPermits/index.html?OBKey__19_1=791717,791717,21920,PACIFIC COAST HWY,2025-05-03T00:01:32,ESD-Street Files/Building Permits,PERMITS,,
4451004011,21916 PACIFIC COAST HWY,25-0601,BUILDING,FINALLED,2025-04-10T00:00:00,2025-07-14T00:00:00,"DEBRIS REMOVAL OF SFR DUE TO PALISADES FIRE. PRIOR TO COMMENCEMENT OF DEBRIS REMOVAL, ALL ONSITE WASTEWATER TREATMENT SYSTEM COMPONENTS MUST BE LOCATED, PROTECTED IN PLACE, AND CAPPED AS NECESSARY WHERE APPLICABLE.   SCHEDULE A PRE- SITE MEETING WITH",False,False,https://publicaccess.ci.malibu.ca.us/onbase-portal/BuildingPermits/index.html?OBKey__19_1=799284,799284,21916,PACIFIC COAST HWY,2025-04-10T00:00:00,ESD-Street Files/Building Permits,PERMITS,,
4451004012,21910 PACIFIC COAST HWY,25-0704,BUILDING,ISSUED,2025-04-21T00:00:00,,"DEBRIS REMOVAL DUE TO PALISADES FIRE. PRIOR TO COMMENCEMENT OF DEBRIS REMOVAL, ALL ONSITE WASTEWATER TREATMENT SYSTEM COMPONENTS MUST BE LOCATED, PROTECTED IN PLACE, AND CAPPED AS NECESSARY WHERE APPLICABLE.   SCHEDULE A PRE-SITE MEETING WITH A CITY",False,False,https://publicaccess.ci.malibu.ca.us/onbase-portal/BuildingPermits/index.html?OBKey__19_1=790014,790014,21910,PACIFIC COAST HWY,2025-04-21T00:00:00,ESD-Street Files/Building Permits,PERMITS,,
4451004013,21906 PACIFIC COAST HWY,25-0699,BUILDING,ISSUED,2025-04-21T00:00:00,,"DEBRIS REMOVAL DUE TO PALISADES FIRE. PRIOR TO COMMENCEMENT OF DEBRIS REMOVAL, ALL ONSITE WASTEWATER TREATMENT SYSTEM COMPONENTS MUST BE LOCATED, PROTECTED IN PLACE, AND CAPPED AS NECESSARY WHERE APPLICABLE.   SCHEDULE A PRE-SITE MEETING WITH A CITY",False,False,https://publicaccess.ci.malibu.ca.us/onbase-portal/BuildingPermits/index.html?OBKey__19_1=790026,790026,21906,PACIFIC COAST HWY,2025-04-21T00:00:00,ESD-Street Files/Building Permits,PERMITS,,
4451004014,21900 PACIFIC COAST HWY,25-0463,BUILDING,FINALLED,2025-03-26T00:00:00,2025-08-01T00:00:00,"DEBRIS REMOVAL OF SFR DUE TO PALISADES FIRE. PRIOR TO COMMENCEMENT OF DEBRIS REMOVAL, ALL ONSITE WASTEWATER TREATMENT SYSTEM COMPONENTS MUST BE LOCATED, PROTECTED IN PLACE, AND CAPPED AS NECESSARY WHERE APPLICABLE.   FOR SAFETY PURPOSES, SCHEDULE A P",False,False,https://publicaccess.ci.malibu.ca.us/onbase-portal/BuildingPermits/index.html?OBKey__19_1=801779,801779,21900,PACIFIC COAST HWY,2025-03-26T00:00:00,ESD-Street Files/Building Permits,PERMITS,,
4451004016,21848 PACIFIC COAST HWY,25-5041,SEPTIC,FINALLED,2025-06-12T00:00:00,2025-08-19T00:00:00,"PUMP SEPTIC TANK, REMOVAL OF EXISTING SEPTIC TANKS AND OR LEECH FIELD DUE TO PALISADES FIRE. FOR SAFETY PURPOSES SCHEDULE A PRE-CONSTRUCTION SITE VISIT WITH A CITY  INSPECTOR PRIOR TO THE START OF WORK. CONTACT CALTRANS IF ENCROACHMENT PERMIT REQUIRE",False,False,https://publicaccess.ci.malibu.ca.us/onbase-portal/BuildingPermits/index.html?OBKey__19_1=808015,808015,21848,PACIFIC COAST HWY,2025-06-12T00:00:00,ESD-Street Files/Building Permits,PERMITS,,
4451004019,21836 PACIFIC COAST HWY,26-5023,SEPTIC,ISSUED,2026-02-26T00:00:00,,SEPTIC TANK (1000GAL) TO BE REMOVED AND VERIFIED PRIOR TO COVER - PALISADES FIRE,False,False,https://publicaccess.ci.malibu.ca.us/onbase-portal/BuildingPermits/index.html?OBKey__19_1=823128,823128,21836,PACIFIC COAST HWY,2026-02-26T00:00:00,ESD-Street Files/Building Permits,PERMITS,,
4451004021,21822 PACIFIC COAST HWY,25-1365,BUILDING,ISSUED,2025-07-30T00:00:00,,"NEW SINGLE-FAMILY RESIDENCE/ATTACHED GARAGE-PALISADES FIRE REBUILD.  MAIN LEVEL/ATTACHED GARAGE 3,412 SQ.FT. GARAGE 460 SQ. FT.  UPPER LEVEL 3,048 SQ. FT.  TOTAL 6,920 SQ. FT.  2+DECKS, TERRACE, BALCONY, SKYLIGHT, ROOF GARDEN",True,False,https://publicaccess.ci.malibu.ca.us/onbase-portal/BuildingPermits/index.html?OBKey__19_1=801668,801668,21822,PACIFIC COAST HWY,2025-07-30T00:00:00,ESD-Street Files/Building Permits,PERMITS,,
4451004022,21818 PACIFIC COAST HWY,25-0526,BUILDING,ISSUED,2025-04-01T00:00:00,,"DEBRIS REMOVAL OF SFR DUE TO PALISADES FIRE. PRIOR TO COMMENCEMENT OF DEBRIS REMOVAL, ALL ONSITE WASTEWATER TREATMENT SYSTEM COMPONENTS MUST BE LOCATED, PROTECTED IN PLACE, AND CAPPED AS NECESSARY WHERE APPLICABLE.   SCHEDULE A PRE- SITE MEETING WITH",False,False,https://publicaccess.ci.malibu.ca.us/onbase-portal/BuildingPermits/index.html?OBKey__19_1=787960,787960,21818,PACIFIC COAST HWY,2025-04-01T00:00:00,ESD-Street Files/Building Permits,PERMITS,,
4451004023,21812 PACIFIC COAST HWY,25-0449,BUILDING,FINALLED,2025-03-24T00:00:00,2025-07-25T00:00:00,"DEBRIS REMOVAL OF ESFR DUE TO PALISADES FIRE. PRIOR TO COMMENCEMENT OF DEBRIS REMOVAL, ALL ONSITE WASTEWATER TREATMENT SYSTEM COMPONENTS MUST BE LOCATED, PROTECTED IN PLACE, AND CAPPED AS NECESSARY WHERE APPLICABLE.   FOR SAFETY PURPOSES, SCHEDULE A",False,False,https://publicaccess.ci.malibu.ca.us/onbase-portal/BuildingPermits/index.html?OBKey__19_1=800887,800887,21812,PACIFIC COAST HWY,2025-03-24T00:00:00,ESD-Street Files/Building Permits,PERMITS,,
4451004024,21808 PACIFIC COAST HWY,25-2347,BUILDING,ISSUED,2025-12-08T00:00:00,,"ESFR INT/EXT STRUCTURAL REMODEL/REPAIRS DUE TO PALISADES FIRE DAMAGE: KITCHEN/BATHS, LAUNDRY ROOM, WINDOWS/DOORS, 1ST FL DECKING W/ 42"" GLASS GUARDRAIL/FENCING, 2ND FL. BALCONY W/42"" GLASS GUARDRAIL AND PERGOLLA, OUTDOOR KITCHEN, EXT. SIDING AS NEEDE",False,False,https://publicaccess.ci.malibu.ca.us/onbase-portal/BuildingPermits/index.html?OBKey__19_1=814807,814807,21808,PACIFIC COAST HWY,2025-12-08T00:00:00,ESD-Street Files/Building Permits,PERMITS,,
4451005008,22070 PACIFIC COAST HWY,25-0274,BUILDING,FINALLED,2025-02-28T00:00:00,2025-08-07T00:00:00,"DEBRIS REMOVAL OF ESFR DUE TO PALISADES FIRE. PRIOR TO COMMENCEMENT OF DEBRIS REMOVAL, ALL ONSITE WASTEWATER TREATMENT SYSTEM COMPONENTS MUST BE LOCATED, PROTECTED IN PLACE, AND CAPPED AS NECESSARY WHERE APPLICABLE. PRE-SITE CITY INSPECTOR MEETING RE",False,False,https://publicaccess.ci.malibu.ca.us/onbase-portal/BuildingPermits/index.html?OBKey__19_1=808019,808019,22070,PACIFIC COAST HWY,2025-02-28T00:00:00,ESD-Street Files/Building Permits,PERMITS,,
4451005013,22048 PACIFIC COAST HWY,26-1248,BUILDING,ISSUED,2026-06-08T00:00:00,,NEW FOUNDATION – PALISADE FIRE REBUILD  15 PILES @ 30” IN DIAMETER  CONCRETE GRADEBEAM AT +/- 250 LF,True,False,https://publicaccess.ci.malibu.ca.us/onbase-portal/BuildingPermits/index.html?OBKey__19_1=831729,831729,22048,PACIFIC COAST HWY,2026-06-08T00:00:00,ESD-Street Files/Building Permits,PERMITS,,
4451005016,22038 PACIFIC COAST HWY,25-0457,BUILDING,FINALLED,2025-03-17T00:00:00,2025-08-11T00:00:00,"DEBRIS REMOVAL OF SFR DUE TO PALISADES FIRE. PRIOR TO COMMENCEMENT OF DEBRIS REMOVAL, ALL ONSITE WASTEWATER TREATMENT SYSTEM COMPONENTS MUST BE LOCATED, PROTECTED IN PLACE, AND CAPPED AS NECESSARY WHERE APPLICABLE.   SCHEDULE A PRE-SITE CONSTRUCTION",False,False,https://publicaccess.ci.malibu.ca.us/onbase-portal/BuildingPermits/index.html?OBKey__19_1=808018,808018,22038,PACIFIC COAST HWY,2025-03-17T00:00:00,ESD-Street Files/Building Permits,PERMITS,,
4451005017,22030 PACIFIC COAST HWY,25-0468,BUILDING,FINALLED,2025-03-26T00:00:00,2025-08-25T00:00:00,"DEBRIS REMOVAL OF SFR DUE TO PALISADES FIRE. PRIOR TO COMMENCEMENT OF DEBRIS REMOVAL, ALL ONSITE WASTEWATER TREATMENT SYSTEM COMPONENTS MUST BE LOCATED, PROTECTED IN PLACE, AND CAPPED AS NECESSARY WHERE APPLICABLE.   SCHEDULE A PRE-CONSTRUCTION SITE",False,False,https://publicaccess.ci.malibu.ca.us/onbase-portal/BuildingPermits/index.html?OBKey__19_1=808017,808017,22030,PACIFIC COAST HWY,2025-03-26T00:00:00,ESD-Street Files/Building Permits,PERMITS,,
4451005018,22028 PACIFIC COAST HWY,25-0595,BUILDING,ISSUED,2025-04-10T00:00:00,,"DEBRIS REMOVAL OF SFR DUE TO PALISADES FIRE. PRIOR TO COMMENCEMENT OF DEBRIS REMOVAL, ALL ONSITE WASTEWATER TREATMENT SYSTEM COMPONENTS MUST BE LOCATED, PROTECTED IN PLACE, AND CAPPED AS NECESSARY WHERE APPLICABLE.   SCHEDULE A PRE- SITE MEETING WITH",False,False,https://publicaccess.ci.malibu.ca.us/onbase-portal/BuildingPermits/index.html?OBKey__19_1=789221,789221,22028,PACIFIC COAST HWY,2025-04-10T00:00:00,ESD-Street Files/Building Permits,PERMITS,,
4451005019,22024 PACIFIC COAST HWY,26-1756,BUILDING,ISSUED,2026-07-27T00:00:00,,REUSE OF [E] BASEMENT FOUNDATIONS  4 PILES @ 36” IN DIAMETER W/9' RETAINING WALLS  TEMP SHORING 8 PILES @ 30” IN DIAMETER,False,False,https://publicaccess.ci.malibu.ca.us/onbase-portal/BuildingPermits/index.html?OBKey__19_1=834753,834753,22024,PACIFIC COAST HWY,2026-07-27T21:01:24,ESD-Street Files/Building Permits,PERMITS,,
4451005021,22012 PACIFIC COAST HWY,25-0565,BUILDING,FINALLED,2025-04-05T00:00:00,2025-08-13T00:00:00,"DEBRIS REMOVAL OF SFR DUE TO PALISADES FIRE. PRIOR TO COMMENCEMENT OF DEBRIS REMOVAL, ALL ONSITE WASTEWATER TREATMENT SYSTEM COMPONENTS MUST BE LOCATED, PROTECTED IN PLACE, AND CAPPED AS NECESSARY WHERE APPLICABLE.   SCHEDULE A PRE-CONSTRUCTION SITE",False,False,https://publicaccess.ci.malibu.ca.us/onbase-portal/BuildingPermits/index.html?OBKey__19_1=808016,808016,22012,PACIFIC COAST HWY,2025-04-05T00:00:00,ESD-Street Files/Building Permits,PERMITS,,
4451005032,21928 PACIFIC COAST HWY,25-0650,BUILDING,ISSUED,2025-04-16T00:00:00,,"DEBRIS REMOVAL OF SFR DUE TO PALISADES FIRE. PRIOR TO COMMENCEMENT OF DEBRIS REMOVAL, ALL ONSITE WASTEWATER TREATMENT SYSTEM COMPONENTS MUST BE LOCATED, PROTECTED IN PLACE, AND CAPPED AS NECESSARY WHERE APPLICABLE.   SCHEDULE A PRE- SITE MEETING WITH",False,False,https://publicaccess.ci.malibu.ca.us/onbase-portal/BuildingPermits/index.html?OBKey__19_1=791846,791846,21928,PACIFIC COAST HWY,2025-04-16T00:00:00,ESD-Street Files/Building Permits,PERMITS,,
4451006015,22244 PACIFIC COAST HWY,,BUILDING,PLAN CHECK ONLY,2026-03-19T00:00:00,,,False,False,https://publicaccess.ci.malibu.ca.us/onbase-portal/BuildingPermits/index.html?OBKey__19_1=824664,824664,22244,PACIFIC COAST HWY,2026-03-20T00:01:19,ESD-Street Files/Building Permits,PERMITS,,
4451006016,22240 PACIFIC COAST HWY,25-0665,BUILDING,FINALLED,2025-04-16T00:00:00,2025-09-02T00:00:00,"DEBRIS REMOVAL OF SFR DUE TO PALISADES FIRE. PRIOR TO COMMENCEMENT OF DEBRIS REMOVAL, ALL ONSITE WASTEWATER TREATMENT SYSTEM COMPONENTS MUST BE LOCATED, PROTECTED IN PLACE, AND CAPPED AS NECESSARY WHERE APPLICABLE.   SCHEDULE A PRE- SITE MEETING WITH",False,False,https://publicaccess.ci.malibu.ca.us/onbase-portal/BuildingPermits/index.html?OBKey__19_1=807942,807942,22240,PACIFIC COAST HWY,2025-04-16T00:00:00,ESD-Street Files/Building Permits,PERMITS,,
4451006017,22234 PACIFIC COAST HWY,25-0666,BUILDING,FINALLED,2025-04-16T00:00:00,2025-09-02T00:00:00,"DEBRIS REMOVAL OF SFR DUE TO PALISADES FIRE. PRIOR TO COMMENCEMENT OF DEBRIS REMOVAL, ALL ONSITE WASTEWATER TREATMENT SYSTEM COMPONENTS MUST BE LOCATED, PROTECTED IN PLACE, AND CAPPED AS NECESSARY WHERE APPLICABLE.   SCHEDULE A PRE- SITE MEETING WITH",False,False,https://publicaccess.ci.malibu.ca.us/onbase-portal/BuildingPermits/index.html?OBKey__19_1=807940,807940,22234,PACIFIC COAST HWY,2025-04-16T00:00:00,ESD-Street Files/Building Permits,PERMITS,,
4451006022,22202 PACIFIC COAST HWY,26-1195,BUILDING,ISSUED,2026-06-02T00:00:00,,INSTALLATION OF GLAZED DOORS/WINDOWS TO REPLACE EXISTING.,False,False,https://publicaccess.ci.malibu.ca.us/onbase-portal/BuildingPermits/index.html?OBKey__19_1=830986,830986,22202,PACIFIC COAST HWY,2026-06-02T00:00:00,ESD-Street Files/Building Permits,PERMITS,,
4451006024,22164 PACIFIC COAST HWY,25-1544,BUILDING,OPENED,2025-08-28T00:00:00,,,False,False,https://publicaccess.ci.malibu.ca.us/onbase-portal/BuildingPermits/index.html?OBKey__19_1=804681,804681,22164,PACIFIC COAST HWY,2025-08-29T00:00:56,ESD-Street Files/Building Permits,PERMITS,,
4451006034,22208 PACIFIC COAST HWY,25-0589,BUILDING,FINALLED,2025-04-09T00:00:00,,ESFR - RE-ROOF. REMOVE EXISTING MATERIALS AND INSTALL 2 LAYERS OF MBTECHNOLOGY LAYFAST TU35 ULD AND 45SQ OF NEW ASPHALT SHINGLES. [ESR 1389]. CALL FOR CITY INSPECTION AT THE COMPLETION OF TEARDOWN. MUST MEET CLASS A REQUIREMENTS. NO STRUCTURAL CHANGE,False,False,https://publicaccess.ci.malibu.ca.us/onbase-portal/BuildingPermits/index.html?OBKey__19_1=799879,799879,22208,PACIFIC COAST HWY,2025-04-09T00:00:00,ESD-Street Files/Building Permits,PERMITS,,
4451006035,22108 PACIFIC COAST HWY,25-0487,BUILDING,ISSUED,2025-03-27T00:00:00,,"DEBRIS REMOVAL OF SFR DUE TO PALISADES FIRE. PRIOR TO COMMENCEMENT OF DEBRIS REMOVAL, ALL ONSITE WASTEWATER TREATMENT SYSTEM COMPONENTS MUST BE LOCATED, PROTECTED IN PLACE, AND CAPPED AS NECESSARY WHERE APPLICABLE.   SCHEDULE A PRE-CONSTRUCTION SITE",False,False,https://publicaccess.ci.malibu.ca.us/onbase-portal/BuildingPermits/index.html?OBKey__19_1=787958,787958,22108,PACIFIC COAST HWY,2025-03-27T00:00:00,ESD-Street Files/Building Permits,PERMITS,,
4451006039,22126 PACIFIC COAST HWY,25-1019,BUILDING,ISSUED,2025-06-02T00:00:00,,"DEBRIS REMOVAL DUE TO PALISADES FIRE. PRIOR TO COMMENCEMENT OF DEBRIS REMOVAL, ALL ONSITE WASTEWATER TREATMENT SYSTEM COMPONENTS MUST BE LOCATED, PROTECTED IN PLACE, AND CAPPED AS NECESSARY WHERE APPLICABLE. SCHEDULE A PRE-SITE MEETING WITH A CITY IN",False,False,https://publicaccess.ci.malibu.ca.us/onbase-portal/BuildingPermits/index.html?OBKey__19_1=795150,795150,22126,PACIFIC COAST HWY,2025-06-02T00:00:00,ESD-Street Files/Building Permits,PERMITS,,
4451006041,22210 PACIFIC COAST HWY,25-1499,BUILDING,FINALLED,2025-08-19T00:00:00,2026-04-10T00:00:00,"ESFR. ADDITION OF (N) RETRACTABLE INTERIOR STAIRS FOR EQUIPMENT ACCESS, IN GARAGE. ADDITION OF EXTERIOR ACCESS DOOR ALONG (E) SITE WALL.",False,False,https://publicaccess.ci.malibu.ca.us/onbase-portal/BuildingPermits/index.html?OBKey__19_1=826705,826705,22210,PACIFIC COAST HWY,2025-08-19T00:00:00,ESD-Street Files/Building Permits,PERMITS,,
4451007001,22585 CARBON MESA RD,25-0701,BUILDING,FINALLED,2025-04-21T00:00:00,2025-06-09T00:00:00,"DEBRIS REMOVAL OF SFR DUE TO PALISADES FIRE. PRIOR TO COMMENCEMENT OF DEBRIS REMOVAL, ALL ONSITE WASTEWATER TREATMENT SYSTEM COMPONENTS MUST BE LOCATED, PROTECTED IN PLACE, AND CAPPED AS NECESSARY WHERE APPLICABLE.   SCHEDULE A PRE- SITE MEETING WITH",False,False,https://publicaccess.ci.malibu.ca.us/onbase-portal/BuildingPermits/index.html?OBKey__19_1=795795,795795,22585,CARBON MESA RD,2025-04-21T00:00:00,ESD-Street Files/Building Permits,PERMITS,,
4451007002,22575 CARBON MESA RD,26-1140,BUILDING,ISSUED,2026-05-27T00:00:00,,INSTALLATION OF (N) ATTACHED TRELLIS – PALISADES FIRE REBUILD,True,False,https://publicaccess.ci.malibu.ca.us/onbase-portal/BuildingPermits/index.html?OBKey__19_1=830650,830650,22575,CARBON MESA RD,2026-05-27T00:00:00,ESD-Street Files/Building Permits,PERMITS,,
4451007006,22511 CARBON MESA RD,25-0825,BUILDING,ISSUED,2025-05-06T00:00:00,,DECK REPAIR  REF: 16-0622,False,False,https://publicaccess.ci.malibu.ca.us/onbase-portal/BuildingPermits/index.html?OBKey__19_1=792190,792190,22511,CARBON MESA RD,2025-05-06T00:00:00,ESD-Street Files/Building Permits,PERMITS,,
4451007015,22053 PACIFIC COAST HWY,25-1517,BUILDING,FINALLED,2025-08-23T00:00:00,2025-11-04T00:00:00,"AFTER THE FACT - REPAIR EXISTING BALCONY AND GUARDRAIL, ADDING A TOP RAIL ON THE EXISTING GAURDRAIL, INCLUDING REPAIR OF ASSOCIATED JOISTS, BEAMS AND POSTS, AT UNIT 3, REPLACE EXTERIOR SIDING AND WATERPROOFING AS NEEDED. REF: CC 25-0067, VERIFICATION",False,False,https://publicaccess.ci.malibu.ca.us/onbase-portal/BuildingPermits/index.html?OBKey__19_1=813219,813219,22053,PACIFIC COAST HWY,2025-08-23T00:00:00,ESD-Street Files/Building Permits,PERMITS,,
4451007028,22001 PACIFIC COAST HWY,25-0536,BUILDING,ISSUED,2025-04-02T00:00:00,,"DEBRIS REMOVAL ON PROPERTY DUE TO PALISADES FIRE. PRIOR TO COMMENCEMENT OF DEBRIS REMOVAL, ALL ONSITE WASTEWATER TREATMENT SYSTEM COMPONENTS MUST BE LOCATED, PROTECTED IN PLACE, AND CAPPED AS NECESSARY WHERE APPLICABLE.   SCHEDULE A PRE- SITE MEETING",False,False,https://publicaccess.ci.malibu.ca.us/onbase-portal/BuildingPermits/index.html?OBKey__19_1=788829,788829,22001,PACIFIC COAST HWY,2025-04-02T00:00:00,ESD-Street Files/Building Permits,PERMITS,,
4451008008,22165 PACIFIC COAST HWY,26-0770,BUILDING,ISSUED,2026-04-08T00:00:00,,,False,False,https://publicaccess.ci.malibu.ca.us/onbase-portal/BuildingPermits/index.html?OBKey__19_1=826389,826389,22165,PACIFIC COAST HWY,2026-04-09T00:01:14,ESD-Street Files/Building Permits,PERMITS,,
4451008800,22211 PACIFIC COAST HWY,25-0492,BUILDING,EXPIRED,2025-03-28T00:00:00,,SITE INSPECTION REQUIRED AS PER CODE ENFORCEMENT,False,False,https://publicaccess.ci.malibu.ca.us/onbase-portal/BuildingPermits/index.html?OBKey__19_1=816787,816787,22211,PACIFIC COAST HWY,2025-03-28T00:00:00,ESD-Street Files/Building Permits,PERMITS,,
4451009017,21930 CARBON MESA RD,26-1710,BUILDING,ISSUED,2026-07-09T00:00:00,,"NSFR/ATT. GARAGE, CONCRETE SLAB - PALISADES FIRE REBUILD  1ST FLOOR: 2,334 SF  2ND FLOOR: 1,886 SF  ATT. GARAGE: 524 SF  TOTAL: 4,744 SF  ADMINISTRATIVE CHANGE FROM OWNER/BUILDER TO LICENSED CONTRACTOR REQUIRED PRIOR TO THE START OF WORK.",True,False,https://publicaccess.ci.malibu.ca.us/onbase-portal/BuildingPermits/index.html?OBKey__19_1=834730,834730,21930,CARBON MESA RD,2026-07-27T21:01:24,ESD-Street Files/Building Permits,PERMITS,,
4451009025,22062 CARBON MESA RD,25-1082,BUILDING,FINALLED,2025-06-09T00:00:00,2025-08-12T00:00:00,"DEBRIS REMOVAL DUE TO PALISADES FIRE. PRIOR TO COMMENCEMENT OF DEBRIS REMOVAL, ALL ONSITE WASTEWATER TREATMENT SYSTEM COMPONENTS MUST BE LOCATED, PROTECTED IN PLACE, AND CAPPED AS NECESSARY WHERE APPLICABLE.   SCHEDULE A PRE-SITE MEETING WITH A CITY",False,False,https://publicaccess.ci.malibu.ca.us/onbase-portal/BuildingPermits/index.html?OBKey__19_1=807954,807954,22062,CARBON MESA RD,2025-06-09T00:00:00,ESD-Street Files/Building Permits,PERMITS,,
4451009026,22080 CARBON MESA RD,25-2307,BUILDING,ISSUED,2025-12-03T00:00:00,,,False,False,https://publicaccess.ci.malibu.ca.us/onbase-portal/BuildingPermits/index.html?OBKey__19_1=814406,814406,22080,CARBON MESA RD,2025-12-04T00:00:07,ESD-Street Files/Building Permits,PERMITS,,
4451009029,22456 CARBON MESA RD,26-2014,BUILDING,ISSUED,2026-08-06T00:00:00,,ESFR WITH ATT GARAGE – RE-ROOF/ TEAR OFF OF 1 SQUARE TO PLYWOOD. REPLACE ROOFING AS NEEDED. INSTALL 1 SQUARE OF UNDERLAYMENT AND CERTAINTEED LANDMARK TL SOLARIS ASPHALT SHINGLE (ICC ESR-1389) AFTER THE FACT - CE  MUST MEET CLASS A AND CRRC REQUIREMEN,False,False,https://publicaccess.ci.malibu.ca.us/onbase-portal/BuildingPermits/index.html?OBKey__19_1=835364,835364,22456,CARBON MESA RD,2026-08-07T00:01:06,ESD-Street Files/Building Permits,PERMITS,,
4451009030,22476 CARBON MESA RD,26-1116,BUILDING,ISSUED,2026-05-21T00:00:00,,,False,False,https://publicaccess.ci.malibu.ca.us/onbase-portal/BuildingPermits/index.html?OBKey__19_1=830011,830011,22476,CARBON MESA RD,2026-05-22T00:01:18,ESD-Street Files/Building Permits,PERMITS,,
4451009033,22560 CARBON MESA RD,25-0999,BUILDING,FINALLED,2025-05-28T00:00:00,2025-07-15T00:00:00,"DEBRIS REMOVAL DUE TO PALISADES FIRE. PRIOR TO COMMENCEMENT OF DEBRIS REMOVAL, ALL ONSITE WASTEWATER TREATMENT SYSTEM COMPONENTS MUST BE LOCATED, PROTECTED IN PLACE, AND CAPPED AS NECESSARY WHERE APPLICABLE.   SCHEDULE A PRE-SITE MEETING WITH A CITY",False,False,https://publicaccess.ci.malibu.ca.us/onbase-portal/BuildingPermits/index.html?OBKey__19_1=799547,799547,22560,CARBON MESA RD,2025-05-28T00:00:00,ESD-Street Files/Building Permits,PERMITS,,
4451009039,22250 CARBON MESA RD,25-1043,BUILDING,FINALLED,2025-06-04T00:00:00,2025-08-20T00:00:00,"DEBRIS REMOVAL DUE TO PALISADES FIRE. PRIOR TO COMMENCEMENT OF DEBRIS REMOVAL, ALL ONSITE WASTEWATER TREATMENT SYSTEM COMPONENTS MUST BE LOCATED, PROTECTED IN PLACE, AND CAPPED AS NECESSARY WHERE APPLICABLE.   SCHEDULE A PRE-SITE MEETING WITH A CITY",False,False,https://publicaccess.ci.malibu.ca.us/onbase-portal/BuildingPermits/index.html?OBKey__19_1=807955,807955,22250,CARBON MESA RD,2025-06-04T00:00:00,ESD-Street Files/Building Permits,PERMITS,,
4451010010,21967 PACIFIC COAST HWY,25-0276,BUILDING,ISSUED,2025-02-28T00:00:00,,"DEBRIS REMOVAL OF ESFR DUE TO PALISADES FIRE. PRIOR TO COMMENCEMENT OF DEBRIS REMOVAL, ALL ONSITE WASTEWATER TREATMENT SYSTEM COMPONENTS MUST BE LOCATED, PROTECTED IN PLACE, AND CAPPED AS NECESSARY WHERE APPLICABLE. PRE-SITE CITY INSPECTOR MEETING RE",False,False,https://publicaccess.ci.malibu.ca.us/onbase-portal/BuildingPermits/index.html?OBKey__19_1=783971,783971,21967,PACIFIC COAST HWY,2025-02-28T00:00:00,ESD-Street Files/Building Permits,PERMITS,,
4451010020,3903 CARBON CANYON RD,25-0941,BUILDING,ISSUED,2025-05-12T00:00:00,,"DEBRIS REMOVAL DUE TO PALISADES FIRE. PRIOR TO COMMENCEMENT OF DEBRIS REMOVAL, ALL ONSITE WASTEWATER TREATMENT SYSTEM COMPONENTS MUST BE LOCATED, PROTECTED IN PLACE, AND CAPPED AS NECESSARY WHERE APPLICABLE.   SCHEDULE A PRE-SITE MEETING WITH A CITY",False,False,https://publicaccess.ci.malibu.ca.us/onbase-portal/BuildingPermits/index.html?OBKey__19_1=793008,793008,3903,CARBON CANYON RD,2025-05-12T00:00:00,ESD-Street Files/Building Permits,PERMITS,,
4451011011,3989 VILLA COSTERA,25-0706,BUILDING,FINALLED,2025-04-21T00:00:00,2025-06-09T00:00:00,"DEBRIS REMOVAL OF SFR DUE TO PALISADES FIRE. PRIOR TO COMMENCEMENT OF DEBRIS REMOVAL, ALL ONSITE WASTEWATER TREATMENT SYSTEM COMPONENTS MUST BE LOCATED, PROTECTED IN PLACE, AND CAPPED AS NECESSARY WHERE APPLICABLE.   SCHEDULE A PRE-SITE MEETING WITH",False,False,https://publicaccess.ci.malibu.ca.us/onbase-portal/BuildingPermits/index.html?OBKey__19_1=795796,795796,3989,VILLA COSTERA,2025-04-21T00:00:00,ESD-Street Files/Building Permits,PERMITS,,
4451011018,3367 RAMBLA PACIFICO ST,25-1449,BUILDING,FINALLED,2025-08-12T00:00:00,2025-11-12T00:00:00,"ESFR: CHANGE (1) WINDOW IN THE SAME OPENING IN THE EXISTING 2ND FLOOR BATHROOM, NO FRAMING CHANGE. SAME SIZE, SAME LOCATION.",False,False,https://publicaccess.ci.malibu.ca.us/onbase-portal/BuildingPermits/index.html?OBKey__19_1=813034,813034,3367,RAMBLA PACIFICO ST,2025-08-12T00:00:00,ESD-Street Files/Building Permits,PERMITS,,
4451011022,3345 RAMBLA PACIFICO ST,26-0014,BUILDING,EXPIRED,2026-01-06T00:00:00,2026-01-29T00:00:00,"ESFR PARTIAL RE-ROOF DUE TO DAMAGE FROM PALISADES FIRE, 11 SQUARES TEAR OFF TO PLYWOOD, REPLACE AS NEEDED. INSTALL POLYGLASS ELASTOFLEX SA V FR (2) LAYERS. TORCH DOWN, POLYGLASS FRESCO GFR, UL PRODUCT SPECTM – TGFU.R14571. MUST MEET CLASS A REQUIREME",False,False,https://publicaccess.ci.malibu.ca.us/onbase-portal/BuildingPermits/index.html?OBKey__19_1=821302,821302,3345,RAMBLA PACIFICO ST,2026-01-06T00:00:00,ESD-Street Files/Building Permits,PERMITS,,
4451011035,3287 RAMBLA PACIFICO ST,25-0399,BUILDING,FINALLED,2025-03-17T00:00:00,2025-08-28T00:00:00,"DEBRIS REMOVAL OF SFR DUE TO PALISADES FIRE. PRIOR TO COMMENCEMENT OF DEBRIS REMOVAL, ALL ONSITE WASTEWATER TREATMENT SYSTEM COMPONENTS MUST BE LOCATED, PROTECTED IN PLACE, AND CAPPED AS NECESSARY WHERE APPLICABLE.   SCHEDULE A PRE-CONSTRUCTION SITE",False,False,https://publicaccess.ci.malibu.ca.us/onbase-portal/BuildingPermits/index.html?OBKey__19_1=808022,808022,3287,RAMBLA PACIFICO ST,2025-03-17T00:00:00,ESD-Street Files/Building Permits,PERMITS,,
4451011036,3279 RAMBLA PACIFICO ST,25-0577,BUILDING,FINALLED,2025-04-08T00:00:00,2025-08-13T00:00:00,"DEBRIS REMOVAL OF SFR DUE TO PALISADES FIRE. PRIOR TO COMMENCEMENT OF DEBRIS REMOVAL, ALL ONSITE WASTEWATER TREATMENT SYSTEM COMPONENTS MUST BE LOCATED, PROTECTED IN PLACE, AND CAPPED AS NECESSARY WHERE APPLICABLE.   SCHEDULE A PRE- SITE MEETING WITH",False,False,https://publicaccess.ci.malibu.ca.us/onbase-portal/BuildingPermits/index.html?OBKey__19_1=808021,808021,3279,RAMBLA PACIFICO ST,2025-04-08T00:00:00,ESD-Street Files/Building Permits,PERMITS,,
4451011037,21605 RAMBLA VISTA,25-0739,BUILDING,FINALLED,2025-04-24T00:00:00,2025-07-14T00:00:00,"DEBRIS REMOVAL OF SFR DUE TO PALISADES FIRE. PRIOR TO COMMENCEMENT OF DEBRIS REMOVAL, ALL ONSITE WASTEWATER TREATMENT SYSTEM COMPONENTS MUST BE LOCATED, PROTECTED IN PLACE, AND CAPPED AS NECESSARY WHERE APPLICABLE.   SCHEDULE A PRE-SITE MEETING WITH",False,False,https://publicaccess.ci.malibu.ca.us/onbase-portal/BuildingPermits/index.html?OBKey__19_1=799486,799486,21605,RAMBLA VISTA,2025-04-24T00:00:00,ESD-Street Files/Building Permits,PERMITS,,
4451011038,21607 RAMBLA VISTA,25-0298,MECHANICAL,ISSUED,2025-03-03T00:00:00,,REPLACEMENT: 3TON A/C (SAME LOCATION IN SIDE YARD),False,False,https://publicaccess.ci.malibu.ca.us/onbase-portal/BuildingPermits/index.html?OBKey__19_1=783964,783964,21607,RAMBLA VISTA,2025-03-03T00:00:00,ESD-Street Files/Building Permits,PERMITS,,
4451011040,21613 RAMBLA VISTA,26-0848,BUILDING,FINALLED,2026-04-17T00:00:00,2026-05-27T00:00:00,"ESFR – RE-ROOF/ TEAR OFF OF 40 SQUARES TO PLYWOOD. REPLACE AS NEEDED. INSTALL 40 SQUARES OF LAYFAST SBS ROOF UNDERLAYMENT TU35 (ICC ESR-2799), EAGLELITE MALIBU TILE (5.5 LBS PER SQUARE FOOT) (UES ER – 1900) (CRRC: 0918-0058)  MUST MEET CLASS A AND CR",False,False,https://publicaccess.ci.malibu.ca.us/onbase-portal/BuildingPermits/index.html?OBKey__19_1=830456,830456,21613,RAMBLA VISTA,2026-04-17T00:00:00,ESD-Street Files/Building Permits,PERMITS,,
4451011053,3909 VILLA COSTERA,26-1138,BUILDING,ISSUED,2026-06-05T00:00:00,,"REBUILD SITE RETIANING WALL DAMAGED BY THE PALISADES FIRE  APROX. 218 LN FT X 6' MAX HEIGHT W/ 42"" GUARDRAIL.  PRE-SITE MEETING REQUIRED PRIOR TO START OF WORK.",True,False,https://publicaccess.ci.malibu.ca.us/onbase-portal/BuildingPermits/index.html?OBKey__19_1=831183,831183,3909,VILLA COSTERA,2026-06-05T00:00:00,ESD-Street Files/Building Permits,PERMITS,,
4451011056,3939 VILLA COSTERA,25-2118,BUILDING,ISSUED,2025-11-12T00:00:00,,"REMOVE PALISADES FIRE DAMAGED MODULES, RACKING AND RAILS  INSTALLATION OF GROUND MOUNTED PV SYSTEM, 15.660KW, 36 HYUNDAI MODULES, 36 IQ8A-72-2-US ENPHASE MICROINVERTERS",False,False,https://publicaccess.ci.malibu.ca.us/onbase-portal/BuildingPermits/index.html?OBKey__19_1=812831,812831,3939,VILLA COSTERA,2025-11-12T00:00:00,ESD-Street Files/Building Permits,PERMITS,,
4451011066,3910 VILLA COSTERA,25-0600,BUILDING,FINALLED,2025-04-10T00:00:00,2025-07-14T00:00:00,"DEBRIS REMOVAL OF SFR DUE TO PALISADES FIRE. PRIOR TO COMMENCEMENT OF DEBRIS REMOVAL, ALL ONSITE WASTEWATER TREATMENT SYSTEM COMPONENTS MUST BE LOCATED, PROTECTED IN PLACE, AND CAPPED AS NECESSARY WHERE APPLICABLE.   SCHEDULE A PRE- SITE MEETING WITH",False,False,https://publicaccess.ci.malibu.ca.us/onbase-portal/BuildingPermits/index.html?OBKey__19_1=799278,799278,3910,VILLA COSTERA,2025-04-10T00:00:00,ESD-Street Files/Building Permits,PERMITS,,
4451011068,21500 CALLE DEL BARCO,26-1832,BUILDING,ISSUED,2026-07-14T00:00:00,,"CONSTRUCT NEW FOUNDATION STABILIZATION WALL FOR GUEST HOUSE. RW 1: 5 PILES @ 36” IN DIAMETER, 17' MAX HEIGHT  GRADEBEAM +/- 100 LF",False,False,https://publicaccess.ci.malibu.ca.us/onbase-portal/BuildingPermits/index.html?OBKey__19_1=833945,833945,21500,CALLE DEL BARCO,2026-07-15T11:16:53,ESD-Street Files/Building Permits,PERMITS,,
4451011075,3347 RAMBLA PACIFICO ST,26-1056,BUILDING,ISSUED,2026-05-14T00:00:00,,"ADMINISTRATIVE CHANGE IN CONTRACTOR  REF: 26-0996, 26-0997",False,False,https://publicaccess.ci.malibu.ca.us/onbase-portal/BuildingPermits/index.html?OBKey__19_1=829335,829335,3347,RAMBLA PACIFICO ST,2026-05-14T00:00:00,ESD-Street Files/Building Permits,PERMITS,,
4451011076,3231 RAMBLA PACIFICO ST,25-1828,BUILDING,ISSUED,2025-10-15T00:00:00,,"REPAIRS TO ESFR DUE TO PALISADES FIRE:  REPLACE FIRE DAMAGED STANDING SEAM ROOF, PRE-CLAD ICC-ESR-4173. (2) LAYERS GAF VERSA SHIELD ICC ESR-2053. CLASS A. REPLACE SOFFIT AND FACIA PLYWOOD UNDERLAYMENT (WHERE DESTROYED). REPLACE ROOF INSULATION WHERE",False,False,https://publicaccess.ci.malibu.ca.us/onbase-portal/BuildingPermits/index.html?OBKey__19_1=810875,810875,3231,RAMBLA PACIFICO ST,2025-10-15T00:00:00,ESD-Street Files/Building Permits,PERMITS,,
4451011077,21653 RAMBLA VISTA,25-0862,BUILDING,FINALLED,2025-05-07T00:00:00,2025-10-13T00:00:00,"DEBRIS REMOVAL OF SFR DUE TO PALISADES FIRE. PRIOR TO COMMENCEMENT OF DEBRIS REMOVAL, ALL ONSITE WASTEWATER TREATMENT SYSTEM COMPONENTS MUST BE LOCATED, PROTECTED IN PLACE, AND CAPPED AS NECESSARY WHERE APPLICABLE.   SCHEDULE A PRE-SITE MEETING WITH",False,False,https://publicaccess.ci.malibu.ca.us/onbase-portal/BuildingPermits/index.html?OBKey__19_1=809254,809254,21653,RAMBLA VISTA,2025-05-07T00:00:00,ESD-Street Files/Building Permits,PERMITS,,
4451012021,22251 CARBON MESA RD,,BUILDING,PLAN CHECK ONLY,2026-05-04T00:00:00,,,False,False,https://publicaccess.ci.malibu.ca.us/onbase-portal/BuildingPermits/index.html?OBKey__19_1=828443,828443,22251,CARBON MESA RD,2026-05-04T20:01:19,ESD-Street Files/Building Permits,PERMITS,,
4451012026,22105 CARBON MESA RD,25-0975,BUILDING,ISSUED,2025-05-27T00:00:00,,"DEBRIS REMOVAL DUE TO PALISADES FIRE. PRIOR TO COMMENCEMENT OF DEBRIS REMOVAL, ALL ONSITE WASTEWATER TREATMENT SYSTEM COMPONENTS MUST BE LOCATED, PROTECTED IN PLACE, AND CAPPED AS NECESSARY WHERE APPLICABLE.   SCHEDULE A PRE-SITE MEETING WITH A CITY",False,False,https://publicaccess.ci.malibu.ca.us/onbase-portal/BuildingPermits/index.html?OBKey__19_1=794968,794968,22105,CARBON MESA RD,2025-05-27T00:00:00,ESD-Street Files/Building Permits,PERMITS,,
4451012032,21965 CARBON MESA RD,25-1034,BUILDING,FINALLED,2025-06-03T00:00:00,2025-08-28T00:00:00,"DEBRIS REMOVAL OF SFR DUE TO PALISADES FIRE. PRIOR TO COMMENCEMENT OF DEBRIS REMOVAL, ALL ONSITE WASTEWATER TREATMENT SYSTEM COMPONENTS MUST BE LOCATED, PROTECTED IN PLACE, AND CAPPED AS NECESSARY WHERE APPLICABLE.    SCHEDULE A PRE-SITE MEETING WITH",False,False,https://publicaccess.ci.malibu.ca.us/onbase-portal/BuildingPermits/index.html?OBKey__19_1=807953,807953,21965,CARBON MESA RD,2025-06-03T00:00:00,ESD-Street Files/Building Permits,PERMITS,,
4451012035,22407 CARBON MESA RD,26-0382,BUILDING,ISSUED,2026-04-02T00:00:00,,"FOUNDATION FOR POOL/SPA  4 PILES @ 30"" IN DIAMETER  GRADEBEAM +/- 100 LF",False,False,https://publicaccess.ci.malibu.ca.us/onbase-portal/BuildingPermits/index.html?OBKey__19_1=825912,825912,22407,CARBON MESA RD,2026-04-02T00:00:00,ESD-Street Files/Building Permits,PERMITS,,
4451012036,22355 CARBON MESA RD,26-0444,BUILDING,ISSUED,2026-02-26T00:00:00,,"ESFR – INTERIOR REMODEL. REMOVE AND REPLACE FIXTURES AND FINISHES IN KITCHEN AND BATHROOMS, REMOVAL OF DRYWALL IN ATTACHED GARAGE TO REVERT GARAGE BACK TO ORIGINAL LAYOUT.  PRE-SITE INSPECTION REQUIRED PRIOR TO START OF WORK",False,False,https://publicaccess.ci.malibu.ca.us/onbase-portal/BuildingPermits/index.html?OBKey__19_1=823267,823267,22355,CARBON MESA RD,2026-02-26T00:00:00,ESD-Street Files/Building Permits,PERMITS,,
4451012038,22329 CARBON MESA RD,25-0320,BUILDING,FINALLED,2025-03-13T00:00:00,2025-07-24T00:00:00,"DEBRIS REMOVAL OF SFR DUE TO PALISADES. PRIOR TO COMMENCEMENT OF DEBRIS REMOVAL, ALL ONSITE WASTEWATER TREATMENT SYSTEM COMPONENTS MUST BE LOCATED, PROTECTED IN PLACE, AND CAPPED AS NECESSARY WHERE APPLICABLE. PRE-SITE CITY INSPECTOR MEETING REQUIRED",False,False,https://publicaccess.ci.malibu.ca.us/onbase-portal/BuildingPermits/index.html?OBKey__19_1=800718,800718,22329,CARBON MESA RD,2025-03-13T00:00:00,ESD-Street Files/Building Permits,PERMITS,,
4451012041,22031 CARBON MESA RD,26-1870,BUILDING,ISSUED,2026-07-21T00:00:00,,ADMINISTRATIVE CHANGE FROM OWNER/BUILDER TO CONTRACTOR  REF: 26-1360,False,False,https://publicaccess.ci.malibu.ca.us/onbase-portal/BuildingPermits/index.html?OBKey__19_1=834585,834585,22031,CARBON MESA RD,2026-07-25T00:01:14,ESD-Street Files/Building Permits,PERMITS,,
4451013023,3211 RAMBLA PACIFICO ST,26-1245,POOL/SPA,ISSUED,2026-06-04T00:00:00,,"ESFR – REPLASTER (E) POOL AND SPA, REMOVE AND REPLACE POOL EQUIPMENT IN SAME LOCATION DUE TO PALISADES FIRE DAMAGE (CE)",False,False,https://publicaccess.ci.malibu.ca.us/onbase-portal/BuildingPermits/index.html?OBKey__19_1=831075,831075,3211,RAMBLA PACIFICO ST,2026-06-04T00:00:00,ESD-Street Files/Building Permits,PERMITS,,
4451013024,3714 CARBON CANYON RD,25-1418,ELECTRICAL,FINALLED,2025-08-06T00:00:00,,"ESFR ROOF MOUNTED SOLAR 21.600KW PV SYSTEM, (54) PHONO SOLAR PS400M6-18/VBH MODULES, (54) ENPHASE LQ8PLUS-72-2-US MICRO-INVERTERS, (1) FRANKLIN AGATE, (3) FRANKLIN APOWER 2 ESS BATTERIES, (1) 200A SUB-PANEL",False,False,https://publicaccess.ci.malibu.ca.us/onbase-portal/BuildingPermits/index.html?OBKey__19_1=809721,809721,3714,CARBON CANYON RD,2025-08-06T00:00:00,ESD-Street Files/Building Permits,PERMITS,,
4451013031,3081 RAMBLA PACIFICO ST,25-2248,ELECTRICAL,FINALLED,2025-11-24T00:00:00,2026-02-02T00:00:00,"ESFR - INSTALL (1) TESLA POWERWALL 3 ESS, (3) TESLA POWERWALL 3 ESS EXPANSIONS, (1) TESLA GATEWAY 3, (N) 200AMP BACKUP LOAD PANEL TO (E) ROOF MOUNTED SOLAR.  (1) TESLA EV CHARGER - TIER LL",False,False,https://publicaccess.ci.malibu.ca.us/onbase-portal/BuildingPermits/index.html?OBKey__19_1=821290,821290,3081,RAMBLA PACIFICO ST,2025-11-24T00:00:00,ESD-Street Files/Building Permits,PERMITS,,
4451013032,3077 RAMBLA PACIFICO ST,25-0643,BUILDING,FINALLED,2025-04-15T00:00:00,2025-07-14T00:00:00,"DEBRIS REMOVAL OF SFR DUE TO PALISADES FIRE. PRIOR TO COMMENCEMENT OF DEBRIS REMOVAL, ALL ONSITE WASTEWATER TREATMENT SYSTEM COMPONENTS MUST BE LOCATED, PROTECTED IN PLACE, AND CAPPED AS NECESSARY WHERE APPLICABLE.   SCHEDULE A PRE- SITE MEETING WITH",False,False,https://publicaccess.ci.malibu.ca.us/onbase-portal/BuildingPermits/index.html?OBKey__19_1=799276,799276,3077,RAMBLA PACIFICO ST,2025-04-15T00:00:00,ESD-Street Files/Building Permits,PERMITS,,
4451014050,21569 PASEO SERRA ST,25-1238,BUILDING,VOID,2025-07-01T00:00:00,,"DEBRIS REMOVAL DUE TO PALISADES FIRE. PRIOR TO COMMENCEMENT OF DEBRIS REMOVAL, ALL ONSITE WASTEWATER TREATMENT SYSTEM COMPONENTS MUST BE LOCATED, PROTECTED IN PLACE, AND CAPPED AS NECESSARY WHERE APPLICABLE.   SCHEDULE A PRE-SITE MEETING WITH A CITY",False,False,https://publicaccess.ci.malibu.ca.us/onbase-portal/BuildingPermits/index.html?OBKey__19_1=808479,808479,21569,PASEO SERRA ST,2025-07-01T00:00:00,ESD-Street Files/Building Permits,PERMITS,,
4451014051,21580 RAMBLA VISTA,25-1523,BUILDING,OPENED,2025-08-25T00:00:00,,,False,False,https://publicaccess.ci.malibu.ca.us/onbase-portal/BuildingPermits/index.html?OBKey__19_1=805557,805557,21580,RAMBLA VISTA,2025-09-08T20:00:12,ESD-Street Files/Building Permits,PERMITS,,
4451014067,21571 RAMBLA VISTA,25-1210,BUILDING,FINALLED,2025-06-25T00:00:00,2025-11-04T00:00:00,"DEBRIS REMOVAL DUE TO PALISADES FIRE. PRIOR TO COMMENCEMENT OF DEBRIS REMOVAL, ALL ONSITE WASTEWATER TREATMENT SYSTEM COMPONENTS MUST BE LOCATED, PROTECTED IN PLACE, AND CAPPED AS NECESSARY WHERE APPLICABLE.      SCHEDULE A PRE-SITE MEETING WITH A CI",False,False,https://publicaccess.ci.malibu.ca.us/onbase-portal/BuildingPermits/index.html?OBKey__19_1=811991,811991,21571,RAMBLA VISTA,2025-06-25T00:00:00,ESD-Street Files/Building Permits,PERMITS,,
4451014077,21547 RAMBLA VISTA,25-0477,ELECTRICAL,FINALLED,2025-03-27T00:00:00,2025-04-24T00:00:00,TRADITIONAL SERVICE PANEL REPLACEMENT 200 AMP PANEL SAME LOCATION,False,False,https://publicaccess.ci.malibu.ca.us/onbase-portal/BuildingPermits/index.html?OBKey__19_1=817248,817248,21547,RAMBLA VISTA,2025-03-27T00:00:00,ESD-Street Files/Building Permits,PERMITS,,
4451015031,21426 CALLE DEL BARCO,26-1501,BUILDING,ISSUED,2026-07-13T00:00:00,,"REUSE OF EXISTING FOUNDATION, FOOTINGS W/ADDITION [N] CONCRETE SLAB",False,False,https://publicaccess.ci.malibu.ca.us/onbase-portal/BuildingPermits/index.html?OBKey__19_1=833928,833928,21426,CALLE DEL BARCO,2026-07-15T11:16:53,ESD-Street Files/Building Permits,PERMITS,,
4451015032,21420 CALLE DEL BARCO,25-1407,BUILDING,ISSUED,2025-08-05T00:00:00,,"DEBRIS REMOVAL DUE TO PALISADES FIRE. PRIOR TO COMMENCEMENT OF DEBRIS REMOVAL, ALL ONSITE WASTEWATER TREATMENT SYSTEM COMPONENTS MUST BE LOCATED, PROTECTED IN PLACE, AND CAPPED AS NECESSARY WHERE APPLICABLE.   SCHEDULE A PRE-SITE MEETING WITH A CITY",False,False,https://publicaccess.ci.malibu.ca.us/onbase-portal/BuildingPermits/index.html?OBKey__19_1=802159,802159,21420,CALLE DEL BARCO,2025-08-05T00:00:00,ESD-Street Files/Building Permits,PERMITS,,
4451015034,3840 PASEO HIDALGO ST,25-5074,SEPTIC,FINALLED,2025-08-07T00:00:00,2025-10-13T00:00:00,"PUMP SEPTIC TANK, REMOVAL OF EXISTING SEPTIC TANKS AND LEECH FIELD DUE TO PALISADES FIRE. FOR SAFETY PURPOSES, SCHEDULE A PRE-CONSTRUCTION SITE VISIT WITH A CITY INSPECTOR PRIOR TO THE START OF WORK.",False,False,https://publicaccess.ci.malibu.ca.us/onbase-portal/BuildingPermits/index.html?OBKey__19_1=809732,809732,3840,PASEO HIDALGO ST,2025-08-07T00:00:00,ESD-Street Files/Building Permits,PERMITS,,
4451015035,3897 RAMBLA ORIENTA ST,25-5018,SEPTIC,FINALLED,2025-04-21T00:00:00,,INSTALLATION OF A DIVERTER VALVE FROM THE EXISTING SEPTIC TANK TO THE EXISTING SEEPAGE PIT AND THE INSTALLATION OF FUTURE EXPANSION SEEPAGE PIT FOR THE EXISTING CONVENTIONAL OWTS.,False,False,https://publicaccess.ci.malibu.ca.us/onbase-portal/BuildingPermits/index.html?OBKey__19_1=798976,798976,3897,RAMBLA ORIENTA ST,2025-04-21T00:00:00,ESD-Street Files/Building Permits,PERMITS,,
4451015042,3824 PASEO HIDALGO ST,25-0927,BUILDING,FINALLED,2025-05-19T00:00:00,2025-07-14T00:00:00,"DEBRIS REMOVAL DUE TO PALISADES FIRE. PRIOR TO COMMENCEMENT OF DEBRIS REMOVAL, ALL ONSITE WASTEWATER TREATMENT SYSTEM COMPONENTS MUST BE LOCATED, PROTECTED IN PLACE, AND CAPPED AS NECESSARY WHERE APPLICABLE.    SCHEDULE A PRE-SITE MEETING WITH A CITY",False,False,https://publicaccess.ci.malibu.ca.us/onbase-portal/BuildingPermits/index.html?OBKey__19_1=799275,799275,3824,PASEO HIDALGO ST,2025-05-19T00:00:00,ESD-Street Files/Building Permits,PERMITS,,
4451015064,21455 CALLE DEL BARCO,25-0627,ELECTRICAL,FINALLED,2025-04-15T00:00:00,,SYMBIUM: INSTALL (1) 13.5 KW TESLA POWERWALL 3 ESS UNIT ON AN EXTERIOR WALL.,False,False,https://publicaccess.ci.malibu.ca.us/onbase-portal/BuildingPermits/index.html?OBKey__19_1=806459,806459,21455,CALLE DEL BARCO,2025-04-15T00:00:00,ESD-Street Files/Building Permits,PERMITS,,
4451015075,3453 RAMBLA PACIFICO ST,25-0568,BUILDING,FINALLED,2025-04-07T00:00:00,2025-09-22T00:00:00,"DEBRIS REMOVAL OF SFR DUE TO PALISADES FIRE. PRIOR TO COMMENCEMENT OF DEBRIS REMOVAL, ALL ONSITE WASTEWATER TREATMENT SYSTEM COMPONENTS MUST BE LOCATED, PROTECTED IN PLACE, AND CAPPED AS NECESSARY WHERE APPLICABLE.   SCHEDULE A PRE- SITE MEETING WITH",False,False,https://publicaccess.ci.malibu.ca.us/onbase-portal/BuildingPermits/index.html?OBKey__19_1=807908,807908,3453,RAMBLA PACIFICO ST,2025-04-07T00:00:00,ESD-Street Files/Building Permits,PERMITS,,
4451015083,3433 RAMBLA PACIFICO ST,25-0558,BUILDING,FINALLED,2025-04-04T00:00:00,2025-08-19T00:00:00,"DEBRIS REMOVAL OF SFR DUE TO PALISADES FIRE. PRIOR TO COMMENCEMENT OF DEBRIS REMOVAL, ALL ONSITE WASTEWATER TREATMENT SYSTEM COMPONENTS MUST BE LOCATED, PROTECTED IN PLACE, AND CAPPED AS NECESSARY WHERE APPLICABLE.   SCHEDULE A PRE-CONSTRUCTION SITE",False,False,https://publicaccess.ci.malibu.ca.us/onbase-portal/BuildingPermits/index.html?OBKey__19_1=808023,808023,3433,RAMBLA PACIFICO ST,2025-04-04T00:00:00,ESD-Street Files/Building Permits,PERMITS,,
4451016002,3327 SUMAC RIDGE RD,25-2414,BUILDING,OPENED,2025-12-12T00:00:00,,,False,False,https://publicaccess.ci.malibu.ca.us/onbase-portal/BuildingPermits/index.html?OBKey__19_1=815315,815315,3327,SUMAC RIDGE RD,2025-12-13T00:00:32,ESD-Street Files/Building Permits,PERMITS,,
4451016007,3220 SUMAC RIDGE RD,26-0856,BUILDING,ISSUED,2026-04-20T00:00:00,,"NSFR/ATT. GARAGE, CONCRETE SLAB FOUNDATION – PALISADES FIRE  1ST FLOOR: 1,812 SF  2ND FLOOR: 2,320 SF  GARAGE: 500 SF  TOTAL: 4,632 SF  ATT. BALCONIES/DECKS",False,False,https://publicaccess.ci.malibu.ca.us/onbase-portal/BuildingPermits/index.html?OBKey__19_1=827607,827607,3220,SUMAC RIDGE RD,2026-04-20T00:00:00,ESD-Street Files/Building Permits,PERMITS,,
4451016008,3240 SUMAC RIDGE RD,25-0602,BUILDING,FINALLED,2025-04-10T00:00:00,2025-06-23T00:00:00,"DEBRIS REMOVAL DUE TO PALISADES FIRE. PRIOR TO COMMENCEMENT OF DEBRIS REMOVAL, ALL ONSITE WASTEWATER TREATMENT SYSTEM COMPONENTS MUST BE LOCATED, PROTECTED IN PLACE, AND CAPPED AS NECESSARY WHERE APPLICABLE.   SCHEDULE A PRE-SITE MEETING WITH A CITY",False,False,https://publicaccess.ci.malibu.ca.us/onbase-portal/BuildingPermits/index.html?OBKey__19_1=796996,796996,3240,SUMAC RIDGE RD,2025-04-10T00:00:00,ESD-Street Files/Building Permits,PERMITS,,
4451016021,3294 RAMBLA PACIFICO ST,26-1300,BUILDING,ISSUED,2026-06-10T00:00:00,,REUSE OF EXISTING FOUNDATION - CONCRETE SLABS W/ADDITION OF [N] FOOTINGS AND ~ 75 LF OF GRADEBEAM,False,False,https://publicaccess.ci.malibu.ca.us/onbase-portal/BuildingPermits/index.html?OBKey__19_1=831714,831714,3294,RAMBLA PACIFICO ST,2026-06-10T00:00:00,ESD-Street Files/Building Permits,PERMITS,,
4451016022,3222 RAMBLA PACIFICO ST,25-1021,BUILDING,FINALLED,2025-05-30T00:00:00,2025-10-09T00:00:00,"DEBRIS REMOVAL DUE TO PALISADES FIRE. PRIOR TO COMMENCEMENT OF DEBRIS REMOVAL, ALL ONSITE WASTEWATER TREATMENT SYSTEM COMPONENTS MUST BE LOCATED, PROTECTED IN PLACE, AND CAPPED AS NECESSARY WHERE APPLICABLE. SCHEDULE A PRE-SITE MEETING WITH A CITY IN",False,False,https://publicaccess.ci.malibu.ca.us/onbase-portal/BuildingPermits/index.html?OBKey__19_1=809173,809173,3222,RAMBLA PACIFICO ST,2025-05-30T00:00:00,ESD-Street Files/Building Permits,PERMITS,,
4451016025,21511 DEERPATH LN,26-0936,BUILDING,ISSUED,2026-04-28T00:00:00,,REPLACEMENT OF WINDOWS AND DOORS THAT HAVE BEEN COMPROMISED BY HIGH HEAT/ESFR.  RELATED DRYWALL AND STUCCO REPAIRS. MASTER BATH REMODEL.  NO STRUCTURAL CHANGES.,False,False,https://publicaccess.ci.malibu.ca.us/onbase-portal/BuildingPermits/index.html?OBKey__19_1=828092,828092,21511,DEERPATH LN,2026-04-30T00:01:25,ESD-Street Files/Building Permits,PERMITS,,
4451016027,3217 SUMAC RIDGE RD,25-1512,BUILDING,ISSUED,2025-08-22T00:00:00,,,False,False,https://publicaccess.ci.malibu.ca.us/onbase-portal/BuildingPermits/index.html?OBKey__19_1=804062,804062,3217,SUMAC RIDGE RD,2025-08-23T00:00:34,ESD-Street Files/Building Permits,PERMITS,,
4451016030,3112 SUMAC RIDGE RD,26-1284,BUILDING,ISSUED,2026-06-05T00:00:00,,"NSFR/ATT. GARAGE AND GUEST STUDIO – PALISADES FIRE  1ST FLOOR: 2,596 SF  2ND FLOOR: 1,224 SF  ATT. GARAGE: 736 SF  GUEST STUDIO: 512 SF  TOTAL: 5,067 SF  ATT. DECKS",False,False,https://publicaccess.ci.malibu.ca.us/onbase-portal/BuildingPermits/index.html?OBKey__19_1=831305,831305,3112,SUMAC RIDGE RD,2026-06-05T00:00:00,ESD-Street Files/Building Permits,PERMITS,,
4451016033,3140 SUMAC RIDGE RD,25-0713,BUILDING,FINALLED,2025-04-22T00:00:00,2025-08-11T00:00:00,"DEBRIS REMOVAL OF SFR DUE TO PALISADES FIRE. PRIOR TO COMMENCEMENT OF DEBRIS REMOVAL, ALL ONSITE WASTEWATER TREATMENT SYSTEM COMPONENTS MUST BE LOCATED, PROTECTED IN PLACE, AND CAPPED AS NECESSARY WHERE APPLICABLE.   SCHEDULE A PRE-SITE MEETING WITH",False,False,https://publicaccess.ci.malibu.ca.us/onbase-portal/BuildingPermits/index.html?OBKey__19_1=808032,808032,3140,SUMAC RIDGE RD,2025-04-22T00:00:00,ESD-Street Files/Building Permits,PERMITS,,
4451016036,3205 SUMAC RIDGE RD,25-0543,BUILDING,FINALLED,2025-04-03T00:00:00,2025-08-13T00:00:00,"DEBRIS REMOVAL OF SFR DUE TO PALISADES FIRE. PRIOR TO COMMENCEMENT OF DEBRIS REMOVAL, ALL ONSITE WASTEWATER TREATMENT SYSTEM COMPONENTS MUST BE LOCATED, PROTECTED IN PLACE, AND CAPPED AS NECESSARY WHERE APPLICABLE.   SCHEDULE A PRE- SITE MEETING WITH",False,False,https://publicaccess.ci.malibu.ca.us/onbase-portal/BuildingPermits/index.html?OBKey__19_1=808034,808034,3205,SUMAC RIDGE RD,2025-04-03T00:00:00,ESD-Street Files/Building Permits,PERMITS,,
4451016037,21424 DEERPATH LN,26-1233,BUILDING,ISSUED,2026-06-08T00:00:00,,NEW FOUNDATION – PALISADE FIRE REBUILD  5 PILES @ 42” IN DIAMETER  +/- 175 LF GRADEBEAM  RW 1: 80 LF AT ~ 12' IN HEIGHT,True,False,https://publicaccess.ci.malibu.ca.us/onbase-portal/BuildingPermits/index.html?OBKey__19_1=831836,831836,21424,DEERPATH LN,2026-06-08T00:00:00,ESD-Street Files/Building Permits,PERMITS,,
4451016039,21501 DEERPATH LN,25-1199,BUILDING,OPENED,2025-06-24T00:00:00,,,False,False,https://publicaccess.ci.malibu.ca.us/onbase-portal/BuildingPermits/index.html?OBKey__19_1=797190,797190,21501,DEERPATH LN,2025-06-25T00:00:20,ESD-Street Files/Building Permits,PERMITS,,
4451016040,21425 DEERPATH LN,25-1198,BUILDING,OPENED,2025-06-24T00:00:00,,,False,False,https://publicaccess.ci.malibu.ca.us/onbase-portal/BuildingPermits/index.html?OBKey__19_1=797189,797189,21425,DEERPATH LN,2025-06-25T00:00:20,ESD-Street Files/Building Permits,PERMITS,,
4451016044,3180 SUMAC RIDGE RD,25-0719,BUILDING,FINALLED,2025-04-22T00:00:00,2025-08-11T00:00:00,"DEBRIS REMOVAL OF SFR DUE TO PALISADES FIRE. PRIOR TO COMMENCEMENT OF DEBRIS REMOVAL, ALL ONSITE WASTEWATER TREATMENT SYSTEM COMPONENTS MUST BE LOCATED, PROTECTED IN PLACE, AND CAPPED AS NECESSARY WHERE APPLICABLE.   SCHEDULE A PRE-SITE MEETING WITH",False,False,https://publicaccess.ci.malibu.ca.us/onbase-portal/BuildingPermits/index.html?OBKey__19_1=808033,808033,3180,SUMAC RIDGE RD,2025-04-22T00:00:00,ESD-Street Files/Building Permits,PERMITS,,
4451016055,21533 DEERPATH LN,26-0806,BUILDING,ISSUED,2026-04-13T00:00:00,,,False,False,https://publicaccess.ci.malibu.ca.us/onbase-portal/BuildingPermits/index.html?OBKey__19_1=826745,826745,21533,DEERPATH LN,2026-04-13T20:00:22,ESD-Street Files/Building Permits,PERMITS,,
4451016056,21515 DEERPATH LN,26-1382,BUILDING,ISSUED,2026-06-30T00:00:00,,DETACHED GARAGE W/ATT. GUEST STUDIO  GARAGE: 585 SF  2ND FL GUEST HOUSE: 352 SF  TOTAL: 937 SF,False,False,https://publicaccess.ci.malibu.ca.us/onbase-portal/BuildingPermits/index.html?OBKey__19_1=833449,833449,21515,DEERPATH LN,2026-07-09T00:01:20,ESD-Street Files/Building Permits,PERMITS,,
4451017014,21537 PACIFIC COAST HWY,25-1209,BUILDING,FINALLED,2025-06-25T00:00:00,2025-10-21T00:00:00,"DEBRIS REMOVAL DUE TO PALISADES FIRE. PRIOR TO COMMENCEMENT OF DEBRIS REMOVAL, ALL ONSITE WASTEWATER TREATMENT SYSTEM COMPONENTS MUST BE LOCATED, PROTECTED IN PLACE, AND CAPPED AS NECESSARY WHERE APPLICABLE. SCHEDULE A PRE-SITE MEETING WITH A CITY IN",False,False,https://publicaccess.ci.malibu.ca.us/onbase-portal/BuildingPermits/index.html?OBKey__19_1=810248,810248,21537,PACIFIC COAST HWY,2025-06-25T00:00:00,ESD-Street Files/Building Permits,PERMITS,,
4451017016,21549 PACIFIC COAST HWY,25-0903,ELECTRICAL,FINALLED,2025-05-15T00:00:00,,ESFR: REPLACE EXISTING 200 AMP PANEL WITH NEW TRADITIONAL PANEL IN THE SAME LOCATION.,False,False,https://publicaccess.ci.malibu.ca.us/onbase-portal/BuildingPermits/index.html?OBKey__19_1=797090,797090,21549,PACIFIC COAST HWY,2025-05-15T00:00:00,ESD-Street Files/Building Permits,PERMITS,,
4451017021,21609 PACIFIC COAST HWY,25-1442,BUILDING,FINALLED,2025-08-07T00:00:00,2026-06-05T00:00:00,"EXTERIOR REMODEL OF ESFR, NEW HARDSCAPE, OUTDOOR BBQ AND OUTDOOR FIREPLACE. - PF",False,False,https://publicaccess.ci.malibu.ca.us/onbase-portal/BuildingPermits/index.html?OBKey__19_1=831407,831407,21609,PACIFIC COAST HWY,2025-08-07T00:00:00,ESD-Street Files/Building Permits,PERMITS,,
4451017023,21619 PACIFIC COAST HWY,25-1979,BUILDING,ISSUED,2025-10-27T00:00:00,,"REROOFING 28 SQUARES OF ASPHALT SHINGLES, DEMO & RE ROOF WITH OWENS & CORNING "" NIGHT SKY "" CRRC#0890-0026,OWENS CORNING WEATHERLOCK MAT ICE AND WATER BARRIER (UNDERLAYMENT) DEMO & HAUL AWAY TRASH. MUST MEET CLASS A AND CRRC REQUIREMENTS. NO STRUCTUR",False,False,https://publicaccess.ci.malibu.ca.us/onbase-portal/BuildingPermits/index.html?OBKey__19_1=811185,811185,21619,PACIFIC COAST HWY,2025-10-27T00:00:00,ESD-Street Files/Building Permits,PERMITS,,
4451017025,21629 PACIFIC COAST HWY,26-0953,BUILDING,FINALLED,2026-04-30T00:00:00,2026-05-14T00:00:00,"ESFR RE-ROOF  27 SQUARES - INSTALL GAF COMP SHINGLE ICC ESR 1475, TIGER PAW UNDERLAYMENT ICC ESR 2808. NO STRUCTURAL CHANGES AUTHORIZED, MUST MEET CLASS ""A"" AND CRRC REQUIREMENTS.",False,False,https://publicaccess.ci.malibu.ca.us/onbase-portal/BuildingPermits/index.html?OBKey__19_1=829350,829350,21629,PACIFIC COAST HWY,2026-04-30T00:00:00,ESD-Street Files/Building Permits,PERMITS,,
4451017037,21628 RAMBLA VISTA,25-0902,BUILDING,FINALLED,2025-05-15T00:00:00,2025-07-25T00:00:00,"ESFR RE-ROOF DUE TO DAMAGE FROM PALISADES FIRE. 32 SQUARES TEAR OFF TO PLYWOOD, REPLACE AS NEEDED. INSTALL CERTAINTEED FLINTLASTIC/CERTAINTEED MODIFIED BITUMEN TORCH DOWN ESR-1388, ON FLAT ROOF, INSTALL POLYSTICK ESR-1697 UNDERLAYMENT, STANDING SEAM",False,False,https://publicaccess.ci.malibu.ca.us/onbase-portal/BuildingPermits/index.html?OBKey__19_1=817249,817249,21628,RAMBLA VISTA,2025-05-15T00:00:00,ESD-Street Files/Building Permits,PERMITS,,
4451017038,21612 RAMBLA VISTA,25-0232,EXCAVATION,EXPIRED,2025-02-19T00:00:00,,EXPLORATION APPLICATION APPROVED FOR THE SUBJECT PROPERTY BY COLI TURNER ON 2/19/2025 LIMITING HORIZON TESTING.,False,False,https://publicaccess.ci.malibu.ca.us/onbase-portal/BuildingPermits/index.html?OBKey__19_1=816831,816831,21612,RAMBLA VISTA,2025-02-19T00:00:00,ESD-Street Files/Building Permits,PERMITS,,
4451017039,21604 PASEO SERRA ST,26-0605,BUILDING,FINALLED,2026-03-19T00:00:00,2026-04-29T00:00:00,"ESFR: REMOVING APPROXIMATELY 935 SQ. FT. OF EXISTING WATERPROOFING FROM DECKS AROUND HOUSE DOWN TO PLYWOOD, REPLACE PLYWOOD AS NEEDED. REINSTALL NEW URETHANE WATERPROOFING SYSTEM POLY COAT ESR-2785.",False,False,https://publicaccess.ci.malibu.ca.us/onbase-portal/BuildingPermits/index.html?OBKey__19_1=828102,828102,21604,PASEO SERRA ST,2026-03-19T00:00:00,ESD-Street Files/Building Permits,PERMITS,,
4451017041,21584 PASEO SERRA ST,,ELECTRICAL,PLAN CHECK ONLY,2025-10-29T00:00:00,,,False,False,https://publicaccess.ci.malibu.ca.us/onbase-portal/BuildingPermits/index.html?OBKey__19_1=812716,812716,21584,PASEO SERRA ST,2025-11-13T00:01:19,ESD-Street Files/Building Permits,PERMITS,,
4451017043,21566 PASEO SERRA ST,26-1244,ELECTRICAL,ISSUED,2026-06-04T00:00:00,,SYMBIUM: ESFR - INSTALLATION OF (01) TELSA POWERWALL 3 13.5KWH ON EXTERIOR WALL FOR (E) ROOF MOUNTED PV SYSTEM,False,False,https://publicaccess.ci.malibu.ca.us/onbase-portal/BuildingPermits/index.html?OBKey__19_1=831185,831185,21566,PASEO SERRA ST,2026-06-04T00:00:00,ESD-Street Files/Building Permits,PERMITS,,
4451017047,21532 PASEO SERRA ST,26-1580,BUILDING,ISSUED,2026-06-26T00:00:00,,"NSFR/ATT. GARAGE – PALISADES FIRE REBUILD  1ST FLOOR: 1,347 SF // 2ND FLOOR: 1,000 SF  GARAGE: 290 SF  TOTAL: 2,637 SF  ATT. BALCONY/DECK  ADMINISTRATIVE CHANGE FROM OWNER/BUILDER TO REGISTERED LICENSED CONTRACTOR REQUIRED PRIOR TO THE START OF WORK.",True,False,https://publicaccess.ci.malibu.ca.us/onbase-portal/BuildingPermits/index.html?OBKey__19_1=834407,834407,21532,PASEO SERRA ST,2026-07-23T00:01:15,ESD-Street Files/Building Permits,PERMITS,,
4451017049,21531 PACIFIC COAST HWY,25-0495,BUILDING,ISSUED,2025-03-28T00:00:00,,"DEBRIS REMOVAL OF SFR DUE TO PALISADES FIRE. PRIOR TO COMMENCEMENT OF DEBRIS REMOVAL, ALL ONSITE WASTEWATER TREATMENT SYSTEM COMPONENTS MUST BE LOCATED, PROTECTED IN PLACE, AND CAPPED AS NECESSARY WHERE APPLICABLE.   SCHEDULE A PRE- SITE MEETING WITH",False,False,https://publicaccess.ci.malibu.ca.us/onbase-portal/BuildingPermits/index.html?OBKey__19_1=787940,787940,21531,PACIFIC COAST HWY,2025-03-28T00:00:00,ESD-Street Files/Building Permits,PERMITS,,
4451018005,3880 RAMBLA ORIENTA ST,26-0791,BUILDING,ISSUED,2026-04-09T00:00:00,,"NSFR/ATT. GARAGE – PALISADES FIRE REBUILD  LOWER LEVEL: 1,290 SF  UPPER LEVEL: 1,506 SF  ATT. GARAGE: 367  TOTAL: 3,163 SF  ATT. DECKS",True,False,https://publicaccess.ci.malibu.ca.us/onbase-portal/BuildingPermits/index.html?OBKey__19_1=826677,826677,3880,RAMBLA ORIENTA ST,2026-04-09T00:00:00,ESD-Street Files/Building Permits,PERMITS,,
4451018007,3890 RAMBLA ORIENTA ST,,BUILDING,PLAN CHECK ONLY,2026-07-01T00:00:00,,,False,False,https://publicaccess.ci.malibu.ca.us/onbase-portal/BuildingPermits/index.html?OBKey__19_1=833545,833545,3890,RAMBLA ORIENTA ST,2026-07-10T00:01:08,ESD-Street Files/Building Permits,PERMITS,,
4451018009,3900 RAMBLA ORIENTA ST,26-0646,BUILDING,ISSUED,2026-03-25T00:00:00,,"ESFR INTERIOR REMODEL/EXTERIOR ALTERATIONS TO REPAIR DAMAGES FROM PALISADES FIRE: WINDOWS/GLAZED DOORS, KITCHEN/BATHROOMS, REFINISH DECK AND LANDING, NEW 42"" GUARDRAILS, INT/EXT HANDRAILS TO BE REPLACED.",False,False,https://publicaccess.ci.malibu.ca.us/onbase-portal/BuildingPermits/index.html?OBKey__19_1=825551,825551,3900,RAMBLA ORIENTA ST,2026-03-25T00:00:00,ESD-Street Files/Building Permits,PERMITS,,
4451018012,3922 RAMBLA ORIENTA ST,26-0534,BUILDING,ISSUED,2026-03-10T00:00:00,,,False,False,https://publicaccess.ci.malibu.ca.us/onbase-portal/BuildingPermits/index.html?OBKey__19_1=823951,823951,3922,RAMBLA ORIENTA ST,2026-03-11T00:01:12,ESD-Street Files/Building Permits,PERMITS,,
4451018034,21470 RAMBLA VISTA,25-0619,BUILDING,FINALLED,2025-04-14T00:00:00,2025-08-28T00:00:00,"DEBRIS REMOVAL OF SFR DUE TO PALISADES FIRE. PRIOR TO COMMENCEMENT OF DEBRIS REMOVAL, ALL ONSITE WASTEWATER TREATMENT SYSTEM COMPONENTS MUST BE LOCATED, PROTECTED IN PLACE, AND CAPPED AS NECESSARY WHERE APPLICABLE.   SCHEDULE A PRE- SITE MEETING WITH",False,False,https://publicaccess.ci.malibu.ca.us/onbase-portal/BuildingPermits/index.html?OBKey__19_1=808024,808024,21470,RAMBLA VISTA,2025-04-14T00:00:00,ESD-Street Files/Building Permits,PERMITS,,
4451019023,3709 LAS FLORES CANYON RD,25-1537,BUILDING,FINALLED,2025-08-27T00:00:00,2025-01-05T00:00:00,"EMFR – WINDOW CHANGE OUT DUE TO FIRE DAMAGE. REMOVE/REPLACE [22] WINDOWS AND [1] PATIO DOOR IN SAME LOCATIONS FOR UNITS A-D, NO CHANGE IN HEIGHT AUTHORIZED. ALL WINDOWS MUST BE HIGH FIRE COMPLIANT AND MUST MEET EGRESS REQUIREMENTS. - PF",False,False,https://publicaccess.ci.malibu.ca.us/onbase-portal/BuildingPermits/index.html?OBKey__19_1=817306,817306,3709,LAS FLORES CANYON RD,2025-08-27T00:00:00,ESD-Street Files/Building Permits,PERMITS,,
4451019032,3541 LAS FLORES CANYON RD,25-0700,BUILDING,FINALLED,2025-04-21T00:00:00,2025-08-11T00:00:00,"DEBRIS REMOVAL OF SFR DUE TO PALISADES FIRE. PRIOR TO COMMENCEMENT OF DEBRIS REMOVAL, ALL ONSITE WASTEWATER TREATMENT SYSTEM COMPONENTS MUST BE LOCATED, PROTECTED IN PLACE, AND CAPPED AS NECESSARY WHERE APPLICABLE.   SCHEDULE A PRE-SITE MEETING WITH",False,False,https://publicaccess.ci.malibu.ca.us/onbase-portal/BuildingPermits/index.html?OBKey__19_1=807962,807962,3541,LAS FLORES CANYON RD,2025-04-21T00:00:00,ESD-Street Files/Building Permits,PERMITS,,
4451019905,3659 LAS FLORES CANYON RD,26-1746,ELECTRICAL,FINALLED,2026-07-10T00:00:00,2026-07-16T00:00:00,REMOVE AND REPLACE 100AMP IRRIGATION PEDESTAL IN SAME LOCATION DUE TO PALISADES FIRE DAMAGE – LAS FLORES CREEK PARK,False,False,https://publicaccess.ci.malibu.ca.us/onbase-portal/BuildingPermits/index.html?OBKey__19_1=834107,834107,3659,LAS FLORES CANYON RD,2026-07-10T00:00:00,ESD-Street Files/Building Permits,PERMITS,,
4451020011,3945 LAS FLORES CANYON RD,25-1462,BUILDING,FINALLED,2025-08-14T00:00:00,2026-01-02T00:00:00,INTERIOR AND EXTERIOR REMODEL OF AN EXISTING UNIT 3949. REPLACE WINDOWS LIKE FOR LIKE SAME SIZE AND SAME LOCATION. CEILING INSULATION AND FINISHES.,False,False,https://publicaccess.ci.malibu.ca.us/onbase-portal/BuildingPermits/index.html?OBKey__19_1=817289,817289,3945,LAS FLORES CANYON RD,2025-08-14T00:00:00,ESD-Street Files/Building Permits,PERMITS,,
4451020903,3805 LAS FLORES CANYON RD,26-1430,ELECTRICAL,VOID,2026-06-15T00:00:00,,REMOVE AND REPLACE 400AMP IRRIGATION PEDESTAL IN SAME LOCATION DUE TO PALISADES FIRE DAMAGE – LAS FLORES CREEK PARK,False,False,https://publicaccess.ci.malibu.ca.us/onbase-portal/BuildingPermits/index.html?OBKey__19_1=833857,833857,3805,LAS FLORES CANYON RD,2026-06-15T00:00:00,ESD-Street Files/Building Permits,PERMITS,,
4451021005,21235 PACIFIC COAST HWY,25-2492,PLUMBING,ISSUED,2025-12-22T00:00:00,,,False,False,https://publicaccess.ci.malibu.ca.us/onbase-portal/BuildingPermits/index.html?OBKey__19_1=816012,816012,21235,PACIFIC COAST HWY,2025-12-22T20:01:27,ESD-Street Files/Building Permits,PERMITS,,
4451021006,21247 PACIFIC COAST HWY,25-1440,BUILDING,ISSUED,2025-08-07T00:00:00,,DETACHED GARAGE - INSTALLATION OF (3) SKILIGHTS,False,False,https://publicaccess.ci.malibu.ca.us/onbase-portal/BuildingPermits/index.html?OBKey__19_1=802274,802274,21247,PACIFIC COAST HWY,2025-08-08T00:00:39,ESD-Street Files/Building Permits,PERMITS,,
4451022016,21335 RAMBLA VISTA,25-0583,BUILDING,ISSUED,2025-04-08T00:00:00,,"DEBRIS REMOVAL DUE TO PALISADES FIRE. PRIOR TO COMMENCEMENT OF DEBRIS REMOVAL, ALL ONSITE WASTEWATER TREATMENT SYSTEM COMPONENTS MUST BE LOCATED, PROTECTED IN PLACE, AND CAPPED AS NECESSARY WHERE APPLICABLE.   SCHEDULE A PRE- SITE MEETING WITH A CITY",False,False,https://publicaccess.ci.malibu.ca.us/onbase-portal/BuildingPermits/index.html?OBKey__19_1=788950,788950,21335,RAMBLA VISTA,2025-04-08T00:00:00,ESD-Street Files/Building Permits,PERMITS,,
4451022020,21351 RAMBLA VISTA,25-1206,BUILDING,ISSUED,2025-06-24T00:00:00,,"DEBRIS REMOVAL FOR MULTI-FAMILY DUE TO PALISADES FIRE. PRIOR TO COMMENCEMENT OF DEBRIS REMOVAL, ALL ONSITE WASTEWATER TREATMENT SYSTEM COMPONENTS MUST BE LOCATED, PROTECTED IN PLACE, AND CAPPED AS NECESSARY WHERE APPLICABLE.   SCHEDULE A PRE-SITE MEE",False,False,https://publicaccess.ci.malibu.ca.us/onbase-portal/BuildingPermits/index.html?OBKey__19_1=797306,797306,21351,RAMBLA VISTA,2025-06-24T00:00:00,ESD-Street Files/Building Permits,PERMITS,,
4451022039,3854 RAMBLA ORIENTA ST,25-0689,BUILDING,FINALLED,2025-04-21T00:00:00,2025-08-25T00:00:00,"DEBRIS REMOVAL OF SFR DUE TO PALISADES FIRE. PRIOR TO COMMENCEMENT OF DEBRIS REMOVAL, ALL ONSITE WASTEWATER TREATMENT SYSTEM COMPONENTS MUST BE LOCATED, PROTECTED IN PLACE, AND CAPPED AS NECESSARY WHERE APPLICABLE.   SCHEDULE A PRE- SITE MEETING WITH",False,False,https://publicaccess.ci.malibu.ca.us/onbase-portal/BuildingPermits/index.html?OBKey__19_1=808020,808020,3854,RAMBLA ORIENTA ST,2025-04-21T00:00:00,ESD-Street Files/Building Permits,PERMITS,,
4451022043,21337 PACIFIC COAST HWY,25-1296,BUILDING,FINALLED,2025-07-18T00:00:00,2025-10-09T00:00:00,"DEBRIS REMOVAL DUE TO PALISADES FIRE. PRIOR TO COMMENCEMENT OF DEBRIS REMOVAL, ALL ONSITE WASTEWATER TREATMENT SYSTEM COMPONENTS MUST BE LOCATED, PROTECTED IN PLACE, AND CAPPED AS NECESSARY WHERE APPLICABLE.   SCHEDULE A PRE-SITE MEETING WITH A CITY",False,False,https://publicaccess.ci.malibu.ca.us/onbase-portal/BuildingPermits/index.html?OBKey__19_1=809171,809171,21337,PACIFIC COAST HWY,2025-07-18T00:00:00,ESD-Street Files/Building Permits,PERMITS,,
4451022050,21361 PACIFIC COAST HWY,25-1774,BUILDING,ISSUED,2025-10-06T00:00:00,,"DEBRIS REMOVAL OF MULTIFAMILY/COMMERCIAL PROPERTY DUE TO PALISADES FIRE. PRIOR TO COMMENCEMENT OF DEBRIS REMOVAL, ALL ONSITE WASTEWATER TREATMENT SYSTEM COMPONENTS MUST BE LOCATED, PROTECTED IN PLACE, AND CAPPED AS NECESSARY WHERE APPLICABLE.   SCHED",False,False,https://publicaccess.ci.malibu.ca.us/onbase-portal/BuildingPermits/index.html?OBKey__19_1=808545,808545,21361,PACIFIC COAST HWY,2025-10-06T00:00:00,ESD-Street Files/Building Permits,PERMITS,,
4451022051,21362 RAMBLA VISTA,26-0198,BUILDING,FINALLED,2026-01-28T00:00:00,2026-03-25T00:00:00,"ESFR - REMOVE AND REPLACE INSULATION IN UNITS 21360, 21360 1/2, 21362 1/2 UNDER FLOOR VENT AND APROX. 35 SQ FT OF STUCCO PATCHING,DAMAGED BY PALISADES FIRE.",False,False,https://publicaccess.ci.malibu.ca.us/onbase-portal/BuildingPermits/index.html?OBKey__19_1=825306,825306,21362,RAMBLA VISTA,2026-01-28T00:00:00,ESD-Street Files/Building Permits,PERMITS,,
4451022052,21368 RAMBLA VISTA,26-0027,BUILDING,ISSUED,2026-01-07T00:00:00,,"REPAIR/ REPLACE STUCCO OF EXISTING TRASH ENCLOSURE DAMAGED BY PALISADES FIRE. EXISTING TRASH ENCLOSURE TO REMAIN, RE- STUCCO ONLY. UNIT B",False,False,https://publicaccess.ci.malibu.ca.us/onbase-portal/BuildingPermits/index.html?OBKey__19_1=818065,818065,21368,RAMBLA VISTA,2026-01-07T00:00:00,ESD-Street Files/Building Permits,PERMITS,,
4451022057,21355 PACIFIC COAST HWY,25-1297,BUILDING,FINALLED,2025-07-18T00:00:00,2025-10-09T00:00:00,"DEBRIS REMOVAL DUE TO PALISADES FIRE. PRIOR TO COMMENCEMENT OF DEBRIS REMOVAL, ALL ONSITE WASTEWATER TREATMENT SYSTEM COMPONENTS MUST BE LOCATED, PROTECTED IN PLACE, AND CAPPED AS NECESSARY WHERE APPLICABLE.   SCHEDULE A PRE-SITE MEETING WITH A CITY",False,False,https://publicaccess.ci.malibu.ca.us/onbase-portal/BuildingPermits/index.html?OBKey__19_1=809172,809172,21355,PACIFIC COAST HWY,2025-07-18T00:00:00,ESD-Street Files/Building Permits,PERMITS,,
4451023025,21415 PACIFIC COAST HWY,25-0299,BUILDING,FINALLED,2025-03-03T00:00:00,2025-07-16T00:00:00,"DEBRIS REMOVAL OF ESFR DUE TO PALISADES FIRE. PRIOR TO COMMENCEMENT OF DEBRIS REMOVAL, ALL ONSITE WASTEWATER TREATMENT SYSTEM COMPONENTS MUST BE LOCATED, PROTECTED IN PLACE, AND CAPPED AS NECESSARY WHERE APPLICABLE. PRE-SITE CITY INSPECTOR MEETING RE",False,False,https://publicaccess.ci.malibu.ca.us/onbase-portal/BuildingPermits/index.html?OBKey__19_1=799612,799612,21415,PACIFIC COAST HWY,2025-03-03T00:00:00,ESD-Street Files/Building Permits,PERMITS,,
4451023027,21423 PACIFIC COAST HWY,25-0569,BUILDING,FINALLED,2025-04-07T00:00:00,2025-08-01T00:00:00,"DEBRIS REMOVAL OF SFR DUE TO PALISADES FIRE. PRIOR TO COMMENCEMENT OF DEBRIS REMOVAL, ALL ONSITE WASTEWATER TREATMENT SYSTEM COMPONENTS MUST BE LOCATED, PROTECTED IN PLACE, AND CAPPED AS NECESSARY WHERE APPLICABLE.   SCHEDULE A PRE- SITE MEETING WITH",False,False,https://publicaccess.ci.malibu.ca.us/onbase-portal/BuildingPermits/index.html?OBKey__19_1=801773,801773,21423,PACIFIC COAST HWY,2025-04-07T00:00:00,ESD-Street Files/Building Permits,PERMITS,,
4451023028,21429 PACIFIC COAST HWY,25-0496,BUILDING,ISSUED,2025-03-28T00:00:00,,"DEBRIS REMOVAL OF SFR DUE TO PALISADES FIRE. PRIOR TO COMMENCEMENT OF DEBRIS REMOVAL, ALL ONSITE WASTEWATER TREATMENT SYSTEM COMPONENTS MUST BE LOCATED, PROTECTED IN PLACE, AND CAPPED AS NECESSARY WHERE APPLICABLE.   SCHEDULE A PRE- SITE MEETING WITH",False,False,https://publicaccess.ci.malibu.ca.us/onbase-portal/BuildingPermits/index.html?OBKey__19_1=788063,788063,21429,PACIFIC COAST HWY,2025-03-28T00:00:00,ESD-Street Files/Building Permits,PERMITS,,
4451023032,21469 PACIFIC COAST HWY,25-0275,BUILDING,FINALLED,2025-02-28T00:00:00,2025-06-20T00:00:00,"DEBRIS REMOVAL OF ESFR DUE TO PALISADES FIRE. PRIOR TO COMMENCEMENT OF DEBRIS REMOVAL, ALL ONSITE WASTEWATER TREATMENT SYSTEM COMPONENTS MUST BE LOCATED, PROTECTED IN PLACE, AND CAPPED AS NECESSARY WHERE APPLICABLE. PRE-SITE CITY INSPECTOR MEETING RE",False,False,https://publicaccess.ci.malibu.ca.us/onbase-portal/BuildingPermits/index.html?OBKey__19_1=796847,796847,21469,PACIFIC COAST HWY,2025-02-28T00:00:00,ESD-Street Files/Building Permits,PERMITS,,
4451023034,21507 PACIFIC COAST HWY,25-0497,BUILDING,ISSUED,2025-03-28T00:00:00,,"DEBRIS REMOVAL OF SFR DUE TO PALISADES FIRE. PRIOR TO COMMENCEMENT OF DEBRIS REMOVAL, ALL ONSITE WASTEWATER TREATMENT SYSTEM COMPONENTS MUST BE LOCATED, PROTECTED IN PLACE, AND CAPPED AS NECESSARY WHERE APPLICABLE.   SCHEDULE A PRE- SITE MEETING WITH",False,False,https://publicaccess.ci.malibu.ca.us/onbase-portal/BuildingPermits/index.html?OBKey__19_1=787941,787941,21507,PACIFIC COAST HWY,2025-03-28T00:00:00,ESD-Street Files/Building Permits,PERMITS,,
4451023037,21490 PASEO PORTOLA ST,25-1673,BUILDING,ISSUED,2025-09-18T00:00:00,,"NEW SINGLE FAMILY RESIDENCE/ATT. GARAGE   LOWER LEVEL 1,565 SQ. FT  MAIN LEVEL 1,049 SQ. FT  UPPER 340SQ. FT, GARAGE 434 SQ. FT  TOTAL 3,388 SQ. FT  DECK PRE-FAB. SPA",True,False,https://publicaccess.ci.malibu.ca.us/onbase-portal/BuildingPermits/index.html?OBKey__19_1=807447,807447,21490,PASEO PORTOLA ST,2025-09-18T00:00:00,ESD-Street Files/Building Permits,PERMITS,,
4451023042,21461 PACIFIC COAST HWY,26-1329,BUILDING,ISSUED,2026-06-10T00:00:00,,"NSFR/ATT. GARAGE – PALISADES FIRE  MAIN FLOOR: 2,210 SF  ATT. GARAGE: 550 SF  TOTAL: 2,760 SF  ATT. DECKS/ROOF TOP DECKS",False,False,https://publicaccess.ci.malibu.ca.us/onbase-portal/BuildingPermits/index.html?OBKey__19_1=831641,831641,21461,PACIFIC COAST HWY,2026-06-10T00:00:00,ESD-Street Files/Building Permits,PERMITS,,
4451023047,21442 PASEO PORTOLA ST,25-0538,BUILDING,FINALLED,2025-04-02T00:00:00,2025-07-22T00:00:00,"DEBRIS REMOVAL OF SFR DUE TO PALISADES FIRE. PRIOR TO COMMENCEMENT OF DEBRIS REMOVAL, ALL ONSITE WASTEWATER TREATMENT SYSTEM COMPONENTS MUST BE LOCATED, PROTECTED IN PLACE, AND CAPPED AS NECESSARY WHERE APPLICABLE.   SCHEDULE A PRE- SITE MEETING WITH",False,False,https://publicaccess.ci.malibu.ca.us/onbase-portal/BuildingPermits/index.html?OBKey__19_1=800146,800146,21442,PASEO PORTOLA ST,2025-04-02T00:00:00,ESD-Street Files/Building Permits,PERMITS,,
4451023054,21420 RAMBLA VISTA,25-0603,BUILDING,ISSUED,2025-04-11T00:00:00,,"DEBRIS REMOVAL OF SFR DUE TO PALISADES FIRE. PRIOR TO COMMENCEMENT OF DEBRIS REMOVAL, ALL ONSITE WASTEWATER TREATMENT SYSTEM COMPONENTS MUST BE LOCATED, PROTECTED IN PLACE, AND CAPPED AS NECESSARY WHERE APPLICABLE.   SCHEDULE A PRE- SITE MEETING WITH",False,False,https://publicaccess.ci.malibu.ca.us/onbase-portal/BuildingPermits/index.html?OBKey__19_1=789482,789482,21420,RAMBLA VISTA,2025-04-11T00:00:00,ESD-Street Files/Building Permits,PERMITS,,
4452001020,22368 PACIFIC COAST HWY,25-1183,ELECTRICAL,ISSUED,2025-06-20T00:00:00,,,False,False,https://publicaccess.ci.malibu.ca.us/onbase-portal/BuildingPermits/index.html?OBKey__19_1=797012,797012,22368,PACIFIC COAST HWY,2025-06-23T20:00:36,ESD-Street Files/Building Permits,PERMITS,,
4452002018,22440 PACIFIC COAST HWY,25-0267,BUILDING,ISSUED,2025-02-27T00:00:00,,[N] EXTERIOR WOOD SIDING. REMOVAL OF ROOF EAVES.,False,False,https://publicaccess.ci.malibu.ca.us/onbase-portal/BuildingPermits/index.html?OBKey__19_1=783780,783780,22440,PACIFIC COAST HWY,2025-02-27T00:00:00,ESD-Street Files/Building Permits,PERMITS,,
4452002020,22416 PACIFIC COAST HWY,26-0138,BUILDING,ISSUED,2026-01-20T00:00:00,,"ESFR - INTERIOR REMODEL: INTERIOR MOVENT OF WALLS, NEW LAUNDRY ROOM IN GARAGE, NEW 1ST FL FULL BATH, REMOVE POWDER 1ST FL, REMODEL EXISTING 2ND FLOOR BATHS, ADDITION OF 2ND FLOOR 4TH BATHROOM. ALL EXISTING EXTERIOR DOORS/WINDOWS TO REMAIN.",False,False,https://publicaccess.ci.malibu.ca.us/onbase-portal/BuildingPermits/index.html?OBKey__19_1=819570,819570,22416,PACIFIC COAST HWY,2026-01-20T00:00:00,ESD-Street Files/Building Permits,PERMITS,,
4452003016,22514 PACIFIC COAST HWY,25-1252,BUILDING,ISSUED,2025-07-03T00:00:00,,REPLACE THE EXISTING ROOF SURFACE WITH A NEW ROOF SURFACE (EXISTING SFR) (TREMCO ALPHA GUARD MTS LIQUID APPLIED ROOFING SYSTEM (75 SQUARES)CRRC 0612-0016) NO STRUCTURAL CHANGES AUTHORIZED. MUST MEET CLASS A AND CRRC REQUIREMENTS.,False,False,https://publicaccess.ci.malibu.ca.us/onbase-portal/BuildingPermits/index.html?OBKey__19_1=798144,798144,22514,PACIFIC COAST HWY,2025-07-03T00:00:00,ESD-Street Files/Building Permits,PERMITS,,
4452003027,22660 PACIFIC COAST HWY,25-1848,BUILDING,ISSUED,2025-10-16T00:00:00,,"MALIBU BEACH CLUB APARTMENTS- UNIT 106 INTERIOR REMODEL, BALCONY REPAIR. PRE-SITE BUILDING SAFETY INSPECTOR MEETING REQUIRED PRIOR TO THE START OF WORK. CODE ENFORCEMENT FINAL INSPECTIONS REQUIRED",False,False,https://publicaccess.ci.malibu.ca.us/onbase-portal/BuildingPermits/index.html?OBKey__19_1=810177,810177,22660,PACIFIC COAST HWY,2025-10-16T00:00:00,ESD-Street Files/Building Permits,PERMITS,106,
4452003029,22616 PACIFIC COAST HWY,26-1376,BUILDING,ISSUED,2026-06-12T00:00:00,,"ESFR INTERIOR/EXTERIOR REMODEL INCLUDING TO RAISE EXISTING DECK TO ALIGN WITH FLOOR LEVEL 2' X17'-0"" TO MATCH THE REST OF THE HOME FLOOR ELEVATION TO 19' - 0"".  NEW RAISED GLASS GUARD RAILS PROPOSED AT THE NEW RAISED DECK. REPLACE DECK SLIDER DOOR, N",False,False,https://publicaccess.ci.malibu.ca.us/onbase-portal/BuildingPermits/index.html?OBKey__19_1=831718,831718,22616,PACIFIC COAST HWY,2026-06-12T00:00:00,ESD-Street Files/Building Permits,PERMITS,,
4452003075,"22626 PACIFIC COAST HWY, 1",25-1091,BUILDING,ISSUED,2025-06-11T00:00:00,,,False,False,https://publicaccess.ci.malibu.ca.us/onbase-portal/BuildingPermits/index.html?OBKey__19_1=795986,795986,22626,PACIFIC COAST HWY,2025-06-12T00:01:31,ESD-Street Files/Building Permits,PERMITS,1,
4452004029,22838 PACIFIC COAST HWY,26-1877,BUILDING,ISSUED,2026-07-23T00:00:00,,"PILE REPAIR - (5) 12"" TIMBER PILES, FILL CRACKS W/EPOXY. INSTALL CARBON FIBER PILE WRAPS/POLY HDRE JACKETS, REPAIR/REPLACE BRACING AND HARDWARE AS NEEDED. NO NEW FOUNDATION WORK, NO MECHANIZED EQUIPMENT ON THE BEACH.  REF: 24-0664",False,False,https://publicaccess.ci.malibu.ca.us/onbase-portal/BuildingPermits/index.html?OBKey__19_1=834506,834506,22838,PACIFIC COAST HWY,2026-07-24T00:01:10,ESD-Street Files/Building Permits,PERMITS,,
4452004067,"22664 PACIFIC COAST HWY, 2",26-2009,PLUMBING,ISSUED,2026-08-06T00:00:00,,INSTALLATION OF (01) 1.25” LITTLE FIREFIGHTER SGSOV FOR POINT OF SALE,False,False,https://publicaccess.ci.malibu.ca.us/onbase-portal/BuildingPermits/index.html?OBKey__19_1=835362,835362,22664,PACIFIC COAST HWY,2026-08-07T00:01:06,ESD-Street Files/Building Permits,PERMITS,2,
4452005002,23034 PACIFIC COAST HWY,25-0222,BUILDING,FINALLED,2025-02-18T00:00:00,2025-12-11T00:00:00,RE-ROOF FOR STRUCTURAL INTERIOR REMODEL OF ESFR. REMOVE/REPLACE EXISTING FLAT ROOF ROOFING MATERIALS AND INSTALL 13SQ OF CERTAINTEED FLINTASTIC GTA COOLSTAR [ESR-1388]. MUST MEET CLASS A REQUIREMENTS. NO STRUCTURAL CHANGES TO ROOF HEIGHT AUTHORIZED.,False,False,https://publicaccess.ci.malibu.ca.us/onbase-portal/BuildingPermits/index.html?OBKey__19_1=815206,815206,23034,PACIFIC COAST HWY,2025-02-18T00:00:00,ESD-Street Files/Building Permits,PERMITS,,
4452005022,23022 PACIFIC COAST HWY,25-0040,ELECTRICAL,FINALLED,2025-01-10T00:00:00,2025-03-17T00:00:00,"INSTALL ROOF MOUNTED SOLAR 4200W PV SYSTEM (10) REC SOLAR REC420AA PURE 2 (403.3 W PTC), 1 SOLAREDGE INVERTER SE3800H-US 240V [SI1]",False,False,https://publicaccess.ci.malibu.ca.us/onbase-portal/BuildingPermits/index.html?OBKey__19_1=788756,788756,23022,PACIFIC COAST HWY,2025-01-10T00:00:00,ESD-Street Files/Building Permits,PERMITS,,
4452005025,23006 PACIFIC COAST HWY,25-0540,MECHANICAL,FINALLED,2025-04-03T00:00:00,2025-05-21T00:00:00,REPLACE (1) 40K BTU FURNACE UNDER HOUSE,False,False,https://publicaccess.ci.malibu.ca.us/onbase-portal/BuildingPermits/index.html?OBKey__19_1=793265,793265,23006,PACIFIC COAST HWY,2025-04-03T00:00:00,ESD-Street Files/Building Permits,PERMITS,,
4452008014,23318 MALIBU COLONY,25-1489,BUILDING,ISSUED,2025-08-18T00:00:00,,,False,False,https://publicaccess.ci.malibu.ca.us/onbase-portal/BuildingPermits/index.html?OBKey__19_1=803450,803450,23318,MALIBU COLONY,2025-08-18T20:01:14,ESD-Street Files/Building Permits,PERMITS,,
4452008017,23314 MALIBU COLONY,,BUILDING,PLAN CHECK ONLY,2025-08-22T00:00:00,,,False,False,https://publicaccess.ci.malibu.ca.us/onbase-portal/BuildingPermits/index.html?OBKey__19_1=805635,805635,23314,MALIBU COLONY,2025-09-10T00:01:17,ESD-Street Files/Building Permits,PERMITS,,
4452008019,23402 MALIBU COLONY,26-0375,MECHANICAL,ISSUED,2026-02-20T00:00:00,,"INSTALL NEW HVAC, TO REPLACE EXISTING IN SAME LOCATIONS.",False,False,https://publicaccess.ci.malibu.ca.us/onbase-portal/BuildingPermits/index.html?OBKey__19_1=822559,822559,23402,MALIBU COLONY,2026-02-20T00:00:00,ESD-Street Files/Building Permits,PERMITS,,
4452008023,23350 MALIBU COLONY,26-1614,BUILDING,ISSUED,2026-06-30T00:00:00,,"ESFR W/ ATT GARAGE – INTERIOR STRUCTURAL REMODEL WITH EXTERIOR ALTERATIONS. REMOVE/ REPLACE FIXTURES, WINDOWS AND DOORS, STUCCO, AND WOOD SIDING, STANDING SEAM RE-ROOF, (N) CUPOLA, (N) DECK ON SECOND FLOOR, ADDITION OF 182 SQFT ON SECOND FLOOR",False,False,https://publicaccess.ci.malibu.ca.us/onbase-portal/BuildingPermits/index.html?OBKey__19_1=832994,832994,23350,MALIBU COLONY,2026-07-02T00:01:23,ESD-Street Files/Building Permits,PERMITS,,
4452008027,23334 MALIBU COLONY,25-1715,ELECTRICAL,FINALLED,2025-09-24T00:00:00,2025-12-23T00:00:00,"SYMBIUM – DET. GARAGE: INSTALL NEW 18.86KW ROOF MOUNTED PV SYSTEM, [22] REC SOLAR REC460AA-PURE-RX MODULES, [22] EHPHASE IQ8X-80-M-US (240V) MICROINVERTERS, [1] IQ GATEWAY, [N] 200A COMBINER SUBPANEL",False,False,https://publicaccess.ci.malibu.ca.us/onbase-portal/BuildingPermits/index.html?OBKey__19_1=817275,817275,23334,MALIBU COLONY,2025-09-24T00:00:00,ESD-Street Files/Building Permits,PERMITS,,
4452008030,23324 MALIBU COLONY,25-0516,ELECTRICAL,FINALLED,2025-03-31T00:00:00,2025-09-02T00:00:00,SYMBIUM: INSTALL ROOF MOUNTED 27 REC 460AA-PURE-RX (12.42KW) PV MODULES. (27) TIGO TS4-A-O OPTIMIZERS WITH GOODWE GW7600 A-MS INVERTER.,False,False,https://publicaccess.ci.malibu.ca.us/onbase-portal/BuildingPermits/index.html?OBKey__19_1=806043,806043,23324,MALIBU COLONY,2025-03-31T00:00:00,ESD-Street Files/Building Permits,PERMITS,,
4452009015,23456 MALIBU COLONY,25-1326,PLUMBING,ISSUED,2025-07-24T00:00:00,,"INSTALLATION OF 2"" LITTLE FIREFIGHTER SGSOV FOR POINT OF SALE",False,False,https://publicaccess.ci.malibu.ca.us/onbase-portal/BuildingPermits/index.html?OBKey__19_1=800837,800837,23456,MALIBU COLONY,2025-07-24T00:00:00,ESD-Street Files/Building Permits,PERMITS,,
4452009017,23416 MALIBU COLONY,26-1611,BUILDING,ISSUED,2026-06-30T00:00:00,,ESFR - REROOF/TEAR OFF EXISTING ROOF AND REROOF WITH COMPOSITION SHINGLES 27 SQS. CERTAINTEED LANDMARK SOLARIS - GRAPHITE SYNTHETIC UNDERLAYMENT. CRRC 0668-0155. ICC ESR - 1389.   MUST MEET CLASS A AND CRRC REQUIREMENTS. NO STRUCTURAL CHANGES AUTHORI,False,False,https://publicaccess.ci.malibu.ca.us/onbase-portal/BuildingPermits/index.html?OBKey__19_1=832907,832907,23416,MALIBU COLONY,2026-07-01T00:01:49,ESD-Street Files/Building Permits,PERMITS,,
4452009018,23438 MALIBU COLONY,25-1084,BUILDING,ISSUED,2025-06-10T00:00:00,,PARTIAL DECK REPAIR OF EXISTING DECK. NO NEW FOUNDATIONS AUTHORIZED. REF: 24-0845,False,False,https://publicaccess.ci.malibu.ca.us/onbase-portal/BuildingPermits/index.html?OBKey__19_1=796013,796013,23438,MALIBU COLONY,2025-06-10T00:00:00,ESD-Street Files/Building Permits,PERMITS,,
4452009019,"23440 MALIBU COLONY, 92",25-1337,BUILDING,ISSUED,2025-07-24T00:00:00,,REMOVE AND APPLY NEW CLASS A COOL ROOF SHINGLES.OWENS CORNING PRO ARMOR SYNTHETIC UNDERLAYMENT. MUST MEET CLASS A AND CRRC REQUIREMENTS. NO STRUCTURAL CHANGES AUTHORIZED. FLAT PART OF ROOF NOT INCLUDED.(28 SQUARES),False,False,https://publicaccess.ci.malibu.ca.us/onbase-portal/BuildingPermits/index.html?OBKey__19_1=800841,800841,23440,MALIBU COLONY,2025-07-24T00:00:00,ESD-Street Files/Building Permits,PERMITS,,
4452009021,23446 MALIBU COLONY,25-1814,ELECTRICAL,ISSUED,2025-10-14T00:00:00,,SYMBIUM: INSTALL (8) 40KWH ENPHASE BATTERY BACKUP UNITS ON AN EXTERIOR WALL.,False,False,https://publicaccess.ci.malibu.ca.us/onbase-portal/BuildingPermits/index.html?OBKey__19_1=809425,809425,23446,MALIBU COLONY,2025-10-14T00:00:00,ESD-Street Files/Building Permits,PERMITS,,
4452009023,23430 MALIBU COLONY,26-1548,ELECTRICAL,ISSUED,2026-06-26T00:00:00,,"INSTALL (N) GENERAC 26KW GENERATOR, (1) 100A ATS, (1) 200A ATS, (1) 100A SUB-PANEL, 70' - 1.5"" CONDUIT",False,False,https://publicaccess.ci.malibu.ca.us/onbase-portal/BuildingPermits/index.html?OBKey__19_1=834746,834746,23430,MALIBU COLONY,2026-07-27T21:01:24,ESD-Street Files/Building Permits,PERMITS,,
4452009025,23422 MALIBU COLONY,25-1125,BUILDING,ISSUED,2025-06-12T00:00:00,,"ESFR: REPAIR OF EXISTING (2) CHIMNEYS, AND REPLACEMENT WITH CONCRETE BOND BEAM, FRAMED WALLS AND FLUE PIPE.  NO CHANGE TO SIZE OR LOCATION.",False,False,https://publicaccess.ci.malibu.ca.us/onbase-portal/BuildingPermits/index.html?OBKey__19_1=796300,796300,23422,MALIBU COLONY,2025-06-12T00:00:00,ESD-Street Files/Building Permits,PERMITS,,
4452009027,23410 MALIBU COLONY,25-0587,BUILDING,FINALLED,2025-04-09T00:00:00,,"RESURFACE/WATERPROOFING 798SQ FT OF EXISTING DECK, [POLYCOAT (PC 260), ESR-4736]. NO STRUCTURAL CHANGES AUTHORIZED.",False,False,https://publicaccess.ci.malibu.ca.us/onbase-portal/BuildingPermits/index.html?OBKey__19_1=796640,796640,23410,MALIBU COLONY,2025-04-09T00:00:00,ESD-Street Files/Building Permits,PERMITS,,
4452010005,"23449 MALIBU COLONY, 91A",25-2379,MECHANICAL,FINALLED,2025-12-11T00:00:00,2026-04-14T00:00:00,"EXPEDITED HVAC:  REPLACE UPSTAIRS SYSTEM - 80,000BTU 80% RHEEM R802A FURNACE/COIL, 4 TON RHEEM RD18 A/C, DUCTING 11 RUNS - $$28,480.00",False,False,https://publicaccess.ci.malibu.ca.us/onbase-portal/BuildingPermits/index.html?OBKey__19_1=827018,827018,23449,MALIBU COLONY,2025-12-11T00:00:00,ESD-Street Files/Building Permits,PERMITS,,
4452010017,23325 MALIBU COLONY,,BUILDING,PLAN CHECK ONLY,2026-06-10T00:00:00,,,False,False,https://publicaccess.ci.malibu.ca.us/onbase-portal/BuildingPermits/index.html?OBKey__19_1=832502,832502,23325,MALIBU COLONY,2026-06-25T00:00:12,ESD-Street Files/Building Permits,PERMITS,,
4452010027,23445 MALIBU COLONY,26-0429,BUILDING,FINALLED,2026-02-24T00:00:00,2026-03-05T00:00:00,CITY BUILDING SAFETY SITE INSPECTION,False,False,https://publicaccess.ci.malibu.ca.us/onbase-portal/BuildingPermits/index.html?OBKey__19_1=823795,823795,23445,MALIBU COLONY,2026-02-24T00:00:00,ESD-Street Files/Building Permits,PERMITS,92A,
4452010029,23441 MALIBU COLONY,25-0923,BUILDING,FINALLED,2025-05-19T00:00:00,,"1 ESFR  4:12 PITCH. APPROX. 1,769 SQ. FT. TEARING OFF EXISTING CLAY TILES DOWN TO SHEATHING. NO PLYWOOD BEING REPLACED. REPLACING SYNTHETIC UNDERLAYMENT WITH NEW TU-35 BASE PAPER ESR 2799 AND REINSTALLING BORAL CLAY TILES. MUST MEET CLASS A AND CRRC",False,False,https://publicaccess.ci.malibu.ca.us/onbase-portal/BuildingPermits/index.html?OBKey__19_1=798670,798670,23441,MALIBU COLONY,2025-05-19T00:00:00,ESD-Street Files/Building Permits,PERMITS,,
4452011033,23387 PACIFIC COAST HWY,26-0034,BUILDING,OPENED,2026-01-09T00:00:00,,,False,False,https://publicaccess.ci.malibu.ca.us/onbase-portal/BuildingPermits/index.html?OBKey__19_1=818999,818999,23387,PACIFIC COAST HWY,2026-01-16T00:00:58,ESD-Street Files/Building Permits,PERMITS,,
4452011035,3806 CROSS CREEK RD,26-1185,BUILDING,ISSUED,2026-06-01T00:00:00,,"TENANT IMPROVEMENT, EXISTING BUILDING #5   CHANGE IN USE, FORMERLY A TAYLOR SHOP, PRESENTLY A SANDWICH TAKE OUT SHOP.",False,False,https://publicaccess.ci.malibu.ca.us/onbase-portal/BuildingPermits/index.html?OBKey__19_1=831079,831079,3806,CROSS CREEK RD,2026-06-01T00:00:00,ESD-Street Files/Building Permits,PERMITS,BUILDING 5,
4452011039,3900 CROSS CREEK RD,25-2053,BUILDING,ISSUED,2025-11-05T00:00:00,,"COMM TI ""THE BUNKER"": NO STRUCTURAL CHANGES - REMOVAL OF NONSTRUCTURAL METAL STUD. ADDITION OF AN ADA BENCH,  RETAIL COUNTERS, RETAIL FIXTURES, ADA CHANGING ROOM AND ADDITION OF RAILING TO THE EXTERIOR STAIR. NEW STAIR STRIPING. NO NEW LIGHTING, ELEC",False,False,https://publicaccess.ci.malibu.ca.us/onbase-portal/BuildingPermits/index.html?OBKey__19_1=812742,812742,3900,CROSS CREEK RD,2025-11-05T00:00:00,ESD-Street Files/Building Permits,PERMITS,1A,
4452011042,3822 CROSS CREEK RD,26-0659,BUILDING,FINALLED,2026-03-26T00:00:00,2026-04-01T00:00:00,TENANT IMPROVEMENT – REMOVE PREVIOUS TENANT SIGN TO REPLACE WITH (N) KREATION ORGANIC WALL SIGN (40 SQFT),False,False,https://publicaccess.ci.malibu.ca.us/onbase-portal/BuildingPermits/index.html?OBKey__19_1=826315,826315,3822,CROSS CREEK RD,2026-03-26T00:00:00,ESD-Street Files/Building Permits,PERMITS,3824,
4452011043,23359 PACIFIC COAST HWY,26-1136,BUILDING,ISSUED,2026-05-27T00:00:00,,INSTALLATION OF ONE NEW ILLUMINATED WALL SIGN,False,False,https://publicaccess.ci.malibu.ca.us/onbase-portal/BuildingPermits/index.html?OBKey__19_1=830390,830390,23359,PACIFIC COAST HWY,2026-05-27T00:00:00,ESD-Street Files/Building Permits,PERMITS,23361,
4452012009,3737 SERRA RD,25-2415,BUILDING,ISSUED,2025-12-12T00:00:00,,ADMINISTRATIVE CHANGE OF CONTRACTOR – BUILDING  16-1468  20-2139  22-1950  23-0852  24-1512,False,False,https://publicaccess.ci.malibu.ca.us/onbase-portal/BuildingPermits/index.html?OBKey__19_1=815426,815426,3737,SERRA RD,2025-12-12T00:00:00,ESD-Street Files/Building Permits,PERMITS,,
4452012024,3738 CROSS CREEK RD,25-0454,BUILDING,FINALLED,2025-03-25T00:00:00,2025-07-30T00:00:00,DEBRIS REMOVAL (FRANKLIN FIRE)   SCHEDULE A PRE-CONSTRUCTION SITE VISIT WITH A CITY INSPECTOR PRIOR TO THE START OF WORK.,False,False,https://publicaccess.ci.malibu.ca.us/onbase-portal/BuildingPermits/index.html?OBKey__19_1=806247,806247,3738,CROSS CREEK RD,2025-03-25T00:00:00,ESD-Street Files/Building Permits,PERMITS,,
4452013001,3556 SERRA RD,25-0391,BUILDING,EXPIRED,2025-03-13T00:00:00,,"DEBRIS REMOVAL OF SFR DUE TO FRANKLIN FIRE. PRIOR TO COMMENCEMENT OF DEBRIS REMOVAL, ALL ONSITE WASTEWATER TREATMENT SYSTEM COMPONENTS MUST BE LOCATED, PROTECTED IN PLACE, AND CAPPED AS NECESSARY WHERE APPLICABLE.   FOR SAFETY PURPOSES, SCHEDULE A PR",False,False,https://publicaccess.ci.malibu.ca.us/onbase-portal/BuildingPermits/index.html?OBKey__19_1=795759,795759,3556,SERRA RD,2025-03-13T00:00:00,ESD-Street Files/Building Permits,PERMITS,,
4452013005,3644 SERRA RD,,BUILDING,PLAN CHECK ONLY,2026-06-25T00:00:00,,,False,False,https://publicaccess.ci.malibu.ca.us/onbase-portal/BuildingPermits/index.html?OBKey__19_1=832593,832593,3644,SERRA RD,2026-06-26T00:00:52,ESD-Street Files/Building Permits,PERMITS,,
4452015003,23110 MARIPOSA DE ORO ST,25-0944,BUILDING,FINALLED,2025-05-21T00:00:00,2025-07-28T00:00:00,"DEBRIS REMOVAL OF SFR DUE TO FRANKLIN FIRE. PRIOR TO COMMENCEMENT OF DEBRIS REMOVAL, ALL ONSITE WASTEWATER TREATMENT SYSTEM COMPONENTS MUST BE LOCATED, PROTECTED IN PLACE, AND CAPPED AS NECESSARY WHERE APPLICABLE. PRE-STIE INSPECTION REQUIRED WITH CL",False,False,https://publicaccess.ci.malibu.ca.us/onbase-portal/BuildingPermits/index.html?OBKey__19_1=800984,800984,23110,MARIPOSA DE ORO ST,2025-05-21T00:00:00,ESD-Street Files/Building Permits,PERMITS,,
4452015007,23122 MARIPOSA DE ORO ST,26-0765,EXCAVATION,ISSUED,2026-04-07T00:00:00,,GEOLOGY EXPLORATION - BORINGS,False,False,https://publicaccess.ci.malibu.ca.us/onbase-portal/BuildingPermits/index.html?OBKey__19_1=826564,826564,23122,MARIPOSA DE ORO ST,2026-04-07T00:00:00,ESD-Street Files/Building Permits,PERMITS,,
4452015021,23210 MARIPOSA DE ORO ST,25-1281,ELECTRICAL,FINALLED,2025-07-15T00:00:00,2025-10-31T00:00:00,RELOCATION AND INSTALLATION OF 22KW GENERATOR AND (1) ATS. ESFR.,False,False,https://publicaccess.ci.malibu.ca.us/onbase-portal/BuildingPermits/index.html?OBKey__19_1=811933,811933,23210,MARIPOSA DE ORO ST,2025-07-15T00:00:00,ESD-Street Files/Building Permits,PERMITS,,
4452015024,23256 MARIPOSA DE ORO ST,25-1701,BUILDING,ISSUED,2025-09-22T00:00:00,,ESFR: REPLACE ALL EXISTING SIDING WITH NEW STUCCO. REMOVE AND REPLACE (10) WINDOWS AND (1) DOOR. SAME SIZE AND SAME LOCATION.  ADD WING WALLS AT FRONT ENTRY AND SHORTEN EXISTING OVERHANG.,False,False,https://publicaccess.ci.malibu.ca.us/onbase-portal/BuildingPermits/index.html?OBKey__19_1=807316,807316,23256,MARIPOSA DE ORO ST,2025-09-22T00:00:00,ESD-Street Files/Building Permits,PERMITS,,
4452015027,3538 CROSS CREEK LN,25-1315,ELECTRICAL,FINALLED,2025-07-21T00:00:00,2025-12-09T00:00:00,SYMBIUM: INSTALL 25 PV MODULES (8.13KW) WITH SOLAREDGE INVERTER. (1) ESS UNIT ON AN EXTERIOR WALL. (3) DISCONNECTS.,False,False,https://publicaccess.ci.malibu.ca.us/onbase-portal/BuildingPermits/index.html?OBKey__19_1=814946,814946,3538,CROSS CREEK LN,2025-07-21T00:00:00,ESD-Street Files/Building Permits,PERMITS,,
4452016015,3464 SWEETWATER MESA RD,26-0040,BUILDING,ISSUED,2026-01-09T00:00:00,,"INTERIOR EXTERIOR STRUCTURAL REMODEL OF AN EXISTING GARAGE DUE TO FIRE DAMAGE – FRANKLIN FIRE: STRUCTURAL REPAIRS TO EXISTING GARAGE, REPLACEMENT OF EXISTING (3) DOORS INCLUDING 1 GARAGE DOOR, REPLACEMENT OF THE HALLWAY DRYWALL, THE LAUNDRY ROOM WALL",False,False,https://publicaccess.ci.malibu.ca.us/onbase-portal/BuildingPermits/index.html?OBKey__19_1=817512,817512,3464,SWEETWATER MESA RD,2026-01-09T00:00:00,ESD-Street Files/Building Permits,PERMITS,,
4452016017,3380 SWEETWATER MESA RD,26-1621,BUILDING,ISSUED,2026-07-01T00:00:00,,"ESFR ONLY – RE-ROOF/ TEAR OFF OF 39 SQUARES TO PLYWOOD. REPLACE ROOFING AS NEEDED. INSTALL POLYSTICK XFR UNDERLAYMENT (ICC ESR-1697), SAXONY 600 SLATE CONCRETE TILE (5.9LBS) (IAPMO UES ER-412) (CRRC 0942-0072)  MUST MEET CLASS A AND CRRC REQUIREMENTS",False,False,https://publicaccess.ci.malibu.ca.us/onbase-portal/BuildingPermits/index.html?OBKey__19_1=833084,833084,3380,SWEETWATER MESA RD,2026-07-01T00:00:00,ESD-Street Files/Building Permits,PERMITS,,
4452016018,3362 SWEETWATER MESA RD,25-1843,BUILDING,ISSUED,2025-10-16T00:00:00,,"FRANKLIN FIRE: ESFR: INTERIOR/EXTERIOR REMODEL DUE TO FIRE DAMAGE INLCUDING (3) FULL BATHROOMS, FULL KITCHEN, REMOVE AND REPLACE EXISTING STAIRS, REMOVE AND REPLACE WALLLS THROUGHOUT, REMOVE AND REPLACE WINDOWS AND DOORS. REMOVE AND REPLACE ALL EXTER",False,False,https://publicaccess.ci.malibu.ca.us/onbase-portal/BuildingPermits/index.html?OBKey__19_1=810167,810167,3362,SWEETWATER MESA RD,2025-10-16T00:00:00,ESD-Street Files/Building Permits,PERMITS,,
4452017004,3509 SWEETWATER MESA RD,26-5014,SEPTIC,FINALLED,2026-01-27T00:00:00,2026-02-13T00:00:00,"INSTALL NEW 1,500 GAL. SEPTIC TANK TO REPLACE EXISTING 1,500 SEPTIC TANK, SAME LOCATION.",False,False,https://publicaccess.ci.malibu.ca.us/onbase-portal/BuildingPermits/index.html?OBKey__19_1=822286,822286,3509,SWEETWATER MESA RD,2026-01-27T00:00:00,ESD-Street Files/Building Permits,PERMITS,,
4452017008,3556 SWEETWATER MESA RD,26-0185,PLUMBING,ISSUED,2026-01-27T00:00:00,,,False,False,https://publicaccess.ci.malibu.ca.us/onbase-portal/BuildingPermits/index.html?OBKey__19_1=820295,820295,3556,SWEETWATER MESA RD,2026-01-28T00:00:41,ESD-Street Files/Building Permits,PERMITS,,
4452018012,3557 SERRA RD,26-5047,SEPTIC,FINALLED,2026-06-05T00:00:00,2026-07-02T00:00:00,REMOVAL OF EXISTING SEPTIC TANK AND INSTALLATION OF NEW SEPTIC TANK IN THE SAME LOCATION ONLY,False,False,https://publicaccess.ci.malibu.ca.us/onbase-portal/BuildingPermits/index.html?OBKey__19_1=833099,833099,3557,SERRA RD,2026-06-05T00:00:00,ESD-Street Files/Building Permits,PERMITS,,
4452018019,3629 SERRA RD,26-0828,ELECTRICAL,FINALLED,2026-04-14T00:00:00,2026-05-28T00:00:00,"ESFR – ROOF MOUNTED PV SYSTEM, 12.555KW, 31 (JA SOLAR JAM54S31-405/MR [405W]) MODULES, (01) (N) ESS WITH INTEGRATED INVERTER (TESLA POWERWALL 3) 13.5KWH",False,False,https://publicaccess.ci.malibu.ca.us/onbase-portal/BuildingPermits/index.html?OBKey__19_1=830690,830690,3629,SERRA RD,2026-04-14T00:00:00,ESD-Street Files/Building Permits,PERMITS,,
4452019008,22931 PACIFIC COAST HWY,,BUILDING,PLAN CHECK ONLY,2026-02-03T00:00:00,,,False,False,https://publicaccess.ci.malibu.ca.us/onbase-portal/BuildingPermits/index.html?OBKey__19_1=822346,822346,22931,PACIFIC COAST HWY,2026-02-20T00:01:01,ESD-Street Files/Building Permits,PERMITS,,
4452019009,22941 PACIFIC COAST HWY,26-0364,BUILDING,FINALLED,2026-02-19T00:00:00,2026-05-11T00:00:00,INSTALL NEW STOREFRONT GLAZED DOORS/WINDOWS W/ LITES ABOVE TO REPLACE EXISTING.,False,False,https://publicaccess.ci.malibu.ca.us/onbase-portal/BuildingPermits/index.html?OBKey__19_1=829070,829070,22941,PACIFIC COAST HWY,2026-02-19T00:00:00,ESD-Street Files/Building Permits,PERMITS,,
4452019010,22935 PACIFIC COAST HWY,25-1511,PLUMBING,FINALLED,2025-08-21T00:00:00,2025-09-11T00:00:00,COMM TI - ADDITION OF A NEW MOP SINK.  ALL NOTED CITY REQUIREMENTS/CONDITIONS MUST BE MET PRIOR TO FINAL.,False,False,https://publicaccess.ci.malibu.ca.us/onbase-portal/BuildingPermits/index.html?OBKey__19_1=806456,806456,22935,PACIFIC COAST HWY,2025-08-21T00:00:00,ESD-Street Files/Building Permits,PERMITS,,
4452020038,3951 RIDGEMONT DR,25-1579,BUILDING,ISSUED,2025-09-08T00:00:00,,DEBRIS REMOVAL (FRANKLIN FIRE) DETACHED GARAGE.,False,False,https://publicaccess.ci.malibu.ca.us/onbase-portal/BuildingPermits/index.html?OBKey__19_1=805562,805562,3951,RIDGEMONT DR,2025-09-08T00:00:00,ESD-Street Files/Building Permits,PERMITS,,
4452020054,3945 RIDGEMONT DR,25-1868,ELECTRICAL,FINALLED,2025-10-17T00:00:00,2026-04-20T00:00:00,"ESFR ROOF MOUNTED SOLAR 7.38KW PV SYSTEM (18) HANWHA Q CELLS Q.PEAK DUO BLK ML-G10+/TS 410 MODULES, (1) TESLA GATEWAY, 1TESLA POWERWALL 3 ESS, 1 TELSA POWERWALL 3 EXPANSION ESS,  (1) 225A SUB-PANEL",False,False,https://publicaccess.ci.malibu.ca.us/onbase-portal/BuildingPermits/index.html?OBKey__19_1=827698,827698,3945,RIDGEMONT DR,2025-10-17T00:00:00,ESD-Street Files/Building Permits,PERMITS,,
4452020059,3930 RIDGEMONT DR,26-0894,BUILDING,ISSUED,2026-04-22T00:00:00,,,False,False,https://publicaccess.ci.malibu.ca.us/onbase-portal/BuildingPermits/index.html?OBKey__19_1=827562,827562,3930,RIDGEMONT DR,2026-04-23T00:00:20,ESD-Street Files/Building Permits,PERMITS,,
4452020060,22834 BECKLEDGE TER,25-0328,BUILDING,FINALLED,2025-03-06T00:00:00,2026-05-18T00:00:00,"POOL HEATING - INSTALL OF [24] VIRTUHOT SOLAR THERMAL COLLECTOR PANELS, ROOF MOUNTED.",False,False,https://publicaccess.ci.malibu.ca.us/onbase-portal/BuildingPermits/index.html?OBKey__19_1=829632,829632,22834,BECKLEDGE TER,2025-03-06T00:00:00,ESD-Street Files/Building Permits,PERMITS,,
4452020088,3851 SWEETWATER CANYON DR,25-0860,BUILDING,OPENED,2025-05-07T00:00:00,,,False,False,https://publicaccess.ci.malibu.ca.us/onbase-portal/BuildingPermits/index.html?OBKey__19_1=792079,792079,3851,SWEETWATER CANYON DR,2025-05-08T00:01:19,ESD-Street Files/Building Permits,PERMITS,,
4452021002,22837 PACIFIC COAST HWY,26-0925,BUILDING,OPENED,2026-04-27T00:00:00,,,False,False,https://publicaccess.ci.malibu.ca.us/onbase-portal/BuildingPermits/index.html?OBKey__19_1=828339,828339,22837,PACIFIC COAST HWY,2026-05-02T00:01:24,ESD-Street Files/Building Permits,PERMITS,C,
4452022013,22751 PACIFIC COAST HWY,26-0352,BUILDING,ISSUED,2026-02-18T00:00:00,,REPLACEMENT OF VINYL SIGNS ON (E) PRIMARY SIGNAGE  REMOVE AND REPLACE POLYCARBONATE INSERTS TO VINYL FOR BUCKET POLE SIGN  INSTALL (N) ILLUMINATED WALL SIGN – 48“ X 79.8” (27 SQFT) FOR ELA GREEK EATS  REFERENCE PERMIT: 26-0351,False,False,https://publicaccess.ci.malibu.ca.us/onbase-portal/BuildingPermits/index.html?OBKey__19_1=822213,822213,22751,PACIFIC COAST HWY,2026-02-18T00:00:00,ESD-Street Files/Building Permits,PERMITS,,
4452023017,22523 PACIFIC COAST HWY,25-0256,BUILDING,ISSUED,2025-02-26T00:00:00,,"REPLACE VINYL ON EXISTING ILUMINATED SIGN, NO CHANGE TO SIZE",False,False,https://publicaccess.ci.malibu.ca.us/onbase-portal/BuildingPermits/index.html?OBKey__19_1=784281,784281,22523,PACIFIC COAST HWY,2025-02-26T00:00:00,ESD-Street Files/Building Permits,PERMITS,3,
4452024005,22333 PACIFIC COAST HWY,26-1259,BUILDING,ISSUED,2026-06-05T00:00:00,,COMM TI - INSTALL (01) (N) ILLUMINATED WALL SIGN (18.17 SQFT) FOR DESIGN EQUITY,False,False,https://publicaccess.ci.malibu.ca.us/onbase-portal/BuildingPermits/index.html?OBKey__19_1=831302,831302,22333,PACIFIC COAST HWY,2026-06-05T00:00:00,ESD-Street Files/Building Permits,PERMITS,100,
4452025005,3140 SWEETWATER MESA RD,26-1831,EXCAVATION,ISSUED,2026-07-13T00:00:00,,GEOLOGIC EXPLORATION. BORINGS. DIG ALERT 08/03/2026,False,False,https://publicaccess.ci.malibu.ca.us/onbase-portal/BuildingPermits/index.html?OBKey__19_1=833944,833944,3140,SWEETWATER MESA RD,2026-07-15T11:16:53,ESD-Street Files/Building Permits,PERMITS,,
4452025015,3140 SWEETWATER MESA RD,,BUILDING,PLAN CHECK ONLY,2025-11-12T00:00:00,,,False,False,https://publicaccess.ci.malibu.ca.us/onbase-portal/BuildingPermits/index.html?OBKey__19_1=815054,815054,3140,SWEETWATER MESA RD,2025-12-11T00:00:54,ESD-Street Files/Building Permits,PERMITS,,
4452025021,2930 SWEETWATER MESA RD,26-1965,BUILDING,ISSUED,2026-08-03T00:00:00,,"ADMINISTRATIVE CHANGE IN OWNER AND CONTRACTOR. REINSTATEMENT OF NSFR/ATT. GARAGE CONSTRUCTION PERMIT: 26-1448, 23-1493, 22-1311, 23-1493.   PRE-SITE BUILDING SAFETY INSPECTOR MEETING REQUIRED PRIOR TO THE START OF WORK.",False,False,https://publicaccess.ci.malibu.ca.us/onbase-portal/BuildingPermits/index.html?OBKey__19_1=835194,835194,2930,SWEETWATER MESA RD,2026-08-05T00:01:01,ESD-Street Files/Building Permits,PERMITS,,
4452026010,3250 SERRA RD,26-0552,BUILDING,ISSUED,2026-03-13T00:00:00,,"ESFR W/ ATT'D GARAGE -  STRUCTURAL REMODEL DUE TO FIRE-DAMAGE NOT RELATED TO WILDFIRE: REPLACE DRYWALL/INSULLATION, KITCHEN/BATHS, RE-ROOF - CLASS ""A"" ROOF TILE W/ GAF UNDERLAYMENT ESR 2053.",False,False,https://publicaccess.ci.malibu.ca.us/onbase-portal/BuildingPermits/index.html?OBKey__19_1=824333,824333,3250,SERRA RD,2026-03-13T00:00:00,ESD-Street Files/Building Permits,PERMITS,,
4452026014,3426 SERRA RD,26-0920,BUILDING,ISSUED,2026-04-24T00:00:00,,RENEWAL OF EXPIRED PERMIT 20-0064 (MAIN HOUSE RE-ROOF),False,False,https://publicaccess.ci.malibu.ca.us/onbase-portal/BuildingPermits/index.html?OBKey__19_1=827783,827783,3426,SERRA RD,2026-04-24T00:00:00,ESD-Street Files/Building Permits,PERMITS,,
4452026015,3434 SERRA RD,25-0304,BUILDING,ISSUED,2025-03-04T00:00:00,,"DEBRIS REMOVAL OF DETATCHED ADU DUE TO FRANKLIN FIRE. PRIOR TO COMMENCEMENT OF DEBRIS REMOVAL, ALL ONSITE WASTEWATER TREATMENT SYSTEM COMPONENTS MUST BE LOCATED, PROTECTED IN PLACE, AND CAPPED AS NECESSARY WHERE APPLICABLE. PRE-SITE CITY INSPECTOR ME",False,False,https://publicaccess.ci.malibu.ca.us/onbase-portal/BuildingPermits/index.html?OBKey__19_1=784279,784279,3434,SERRA RD,2025-03-04T00:00:00,ESD-Street Files/Building Permits,PERMITS,,
4452028005,5068 CARBON BEACH TERRACE,,BUILDING,PLAN CHECK ONLY,2026-04-07T00:00:00,,,False,False,https://publicaccess.ci.malibu.ca.us/onbase-portal/BuildingPermits/index.html?OBKey__19_1=828226,828226,5068,CARBON BEACH TERRACE,2026-05-01T00:00:37,ESD-Street Files/Building Permits,PERMITS,,
4458020002,23405 PACIFIC COAST HWY,26-1837,BUILDING,ISSUED,2026-07-15T00:00:00,,"VANILLA SHELL - 2270 SF BLDG. TO CREATE NEW SPACE INTERIOR NON-STRUCTURAL DEMOLITION WORK ONLY OF WALLS, CEILINGS, T-BAR AND FINISHES OF EXISTING +/-2270 SF OF COMMERCIAL SPACE. NO MEP OR EXTERIOR WORK PROPOSED.    TENANT IMPROVEMENT REQUIRED WHEN NE",False,False,https://publicaccess.ci.malibu.ca.us/onbase-portal/BuildingPermits/index.html?OBKey__19_1=834509,834509,23405,PACIFIC COAST HWY,2026-07-24T00:01:10,ESD-Street Files/Building Permits,PERMITS,,
4458020010,23410 CIVIC CENTER WAY,26-0901,BUILDING,FINALLED,2026-04-22T00:00:00,2026-06-03T00:00:00,TENANT IMPROVEMENT FOR LA SCULPT - INSTALL (01) (N) ILLUMINATED WALL SIGN (26 SQFT),False,False,https://publicaccess.ci.malibu.ca.us/onbase-portal/BuildingPermits/index.html?OBKey__19_1=830957,830957,23410,CIVIC CENTER WAY,2026-04-22T00:00:00,ESD-Street Files/Building Permits,PERMITS,E9,
4458020014,3835 CROSS CREEK RD,25-0031,BUILDING,ISSUED,2025-01-07T00:00:00,,ADA COMPLIANCE FOR DRESSING ROOM AND SALES COUNTER,False,False,https://publicaccess.ci.malibu.ca.us/onbase-portal/BuildingPermits/index.html?OBKey__19_1=780558,780558,3835,CROSS CREEK RD,2025-01-07T00:00:00,ESD-Street Files/Building Permits,PERMITS,15,
4458020903,3939 CROSS CREEK RD,26-0342,BUILDING,FINALLED,2026-02-17T00:00:00,2026-03-31T00:00:00,"MALIBU COAST ANIMAL HOSPITAL RE-ROOF - INSTALL 35 SQUARES OF TPO ROOFING SYSTEM (ESR-1463) OVER EXISTING TPO ROOFING SYSTEM. MUST MEET CLASS ""A"" REQUIREMENTS, NO STRUCTURAL CHANGES AUTHORIZED.",False,False,https://publicaccess.ci.malibu.ca.us/onbase-portal/BuildingPermits/index.html?OBKey__19_1=826317,826317,3939,CROSS CREEK RD,2026-02-17T00:00:00,ESD-Street Files/Building Permits,PERMITS,,
4458022030,23401 CIVIC CENTER WAY,26-1867,BUILDING,ISSUED,2026-07-21T00:00:00,,(1) ILLUMINATED WALL SIGN  17SF - GOLD UNION,False,False,https://publicaccess.ci.malibu.ca.us/onbase-portal/BuildingPermits/index.html?OBKey__19_1=834395,834395,23401,CIVIC CENTER WAY,2026-07-23T00:01:15,ESD-Street Files/Building Permits,PERMITS,2C,
