APN,geo_url_1,geo_year_1,geo_url_2,geo_year_2,geo_url_3,geo_year_3,coastal_url_1,coastal_year_1,coastal_url_2,coastal_year_2,coastal_url_3,coastal_year_3
4448005029,https://publicaccess.ci.malibu.ca.us/onbase-portal/api/Document/AQAJ0cdAOq8DnbAgVh7RKy4U6p7HI2muV69ayxfzrLkQuNnsRJLxkWpUegJtYbRp6MzpF6feHsr%C3%81tSBJzjMyNus%3D/,2006,https://publicaccess.ci.malibu.ca.us/onbase-portal/api/Document/AW%C3%81a6YQmdOepWzQzgHdBIniJr4Dq6W8Y9AEroVPLvEb%C3%81dJvP7%C3%89r0XLZtxC10oWu3oCEa7qeXXkgRrp328ztyvWU%3D/,2006,https://publicaccess.ci.malibu.ca.us/onbase-portal/api/Document/ARNEqnomrQ%C3%89Fk4yLVRn%C3%81jASEE%C3%892Ft8iwEAMA%C3%81lxg5aRgcKnY2xjkwoJXaZrU0rH91m%C3%81opGJoqzVgEoH7B4AQo%C3%81Y%3D/,2006,,,,,,
4449001022,https://publicaccess.ci.malibu.ca.us/onbase-portal/api/Document/AW3EwZK%C3%81Kii7W6coMmvEdnSoFHLSPoGYYFzGVuYgw87QVweLOUAHkFjlCNky0CronRwdgt%C3%81It6Ef8VzrDI91%C3%89KY%3D/,2020,https://publicaccess.ci.malibu.ca.us/onbase-portal/api/Document/Aezg0c7j%C3%89jWxDoq8vifvTM%C3%89lIsUtTlZ06CGBJfIpDnA3BYKiMKG%C3%89bnnADNFu%C3%89bNKYMwxKWyQHA9C5C4NSOxvnxU%3D/,2019,https://publicaccess.ci.malibu.ca.us/onbase-portal/api/Document/AXoATKPBfIssHa84BHC%C3%81I7moxvVSRlA6BqAg23vxEidB0sVHeS38o8vIAIVuwShSCMgfuqso6GGgZdz9%C3%89Rgxdck%3D/,2010,https://publicaccess.ci.malibu.ca.us/onbase-portal/api/Document/ARSBUOR7xSGfjH7KslFouShXmFt%C3%81JQCfF86TsMj1oCnEr259CZtu%C3%81PGORB0OZGMWA2onFkRynPDEhhG7QRE0OMc%3D/,2020,https://publicaccess.ci.malibu.ca.us/onbase-portal/api/Document/AWufkR4%C3%89kxOzvHImcwsx%C3%89n%C3%8175b6xbsjO222vwbSmzQRjedTs0PT%C3%89wytRmPKZnIz92y38RjMlpjl8%C3%81WaCrphahXQ%3D/,2020,https://publicaccess.ci.malibu.ca.us/onbase-portal/api/Document/ATZ8Wk%C3%81VLcJVz3Tgo4Sg9GNFJN2HCes2TeShmoztv74bMLQfqDOtims6d4hCBGM%C3%81TZZJyv1Ubxyubwh7ueDmnS0%3D/,2020
4449001023,https://publicaccess.ci.malibu.ca.us/onbase-portal/api/Document/AT3W2zCLuwoqu2pBNo3P%C3%89qOk1srmccntHW2P1aNF%C3%81SX2t4IYV6dDkpSiNExAiX82YQp7n3I%C3%89un%C3%811ce%C3%81TAAMTkso%3D/,2017,https://publicaccess.ci.malibu.ca.us/onbase-portal/api/Document/AcsWRYiE%C3%81jTeNC7vqyPuxBxJKb3QskZnocgdM0hWXUc%C3%89efLISbQcmJsFcBHfLUzV1EzMgtN8IryNby063AdZjhM%3D/,2017,https://publicaccess.ci.malibu.ca.us/onbase-portal/api/Document/AZiXtq5JoGvS26fUE74xTpC5BQno4q90R2TI98jm2ZXgv6ic%C3%81JW41JlquU8dWDaCxeD9tpvKwMj0OVPzfzn7vjU%3D/,2010,https://publicaccess.ci.malibu.ca.us/onbase-portal/api/Document/AXyxRFQtBeFt4wRqkAqSAqWhE3tx62tRF20VAnTUsxeNQLCPOy3vxTE3xjVFOEPyfhN74tIL%C3%81OTQLSkqUt6ZYLM%3D/,2017,,,,
4449001024,https://publicaccess.ci.malibu.ca.us/onbase-portal/api/Document/Ady4IR8KJ8dwOQU0ey2Npo4UOxl7uB%C3%81pnC2Ye1%C3%89ukiMSpuS2AXoMzGEAYHkog5Uaes19m1vx5LBoDuVlNDGLT%C3%81k%3D/,2020,https://publicaccess.ci.malibu.ca.us/onbase-portal/api/Document/AcVebRbfXVIjfmtIx8H83RTRU1SnK6lCPD25BM68DRJMrWIRMFKMiVuecWr%C3%89wKzYocpkrBQXRw86znhil%C3%89uYRw0%3D/,2019,https://publicaccess.ci.malibu.ca.us/onbase-portal/api/Document/AZDO0WUAZdTdAEYxZ%C3%81DUGSn29hpkToYSUoKytBpQqhdG6DkZrPrpcxxKlCHQ7hOrP%C3%89MKZqiwBLpabEAMraw1SwM%3D/,2019,https://publicaccess.ci.malibu.ca.us/onbase-portal/api/Document/Ab6orcCOLnmF4rVf%C3%81KhEWGIxZG0sla%C3%89bQbOic1g2tRrDYt%C3%81bNIglm3vaxbxXNmuY2t1Ta1n3j0z589UZlj1lbpY%3D/,2020,https://publicaccess.ci.malibu.ca.us/onbase-portal/api/Document/AQ7P5vmHKhJKToxTOOJh6PlksZ0TSRsnzwnFOpAib8ce54fmvdEkR6B2XzyroG844Z3jQi5n1Znqe9uZ8d13afs%3D/,2020,https://publicaccess.ci.malibu.ca.us/onbase-portal/api/Document/AWMLpQpLNmBplFbwHtEJdUC0%C3%81tbR%C3%899lOA4vpbtevjmtTDlJfTbCJCgKRkI4oagZfyQ2WmHjLKoXekaLzkVQ4%C3%81L4%3D/,2020
4449002021,https://publicaccess.ci.malibu.ca.us/onbase-portal/api/Document/AYzW2ndawIimtnyKibPlnEdcQIy7iw93DLb2%C3%81KENu%C3%813xYiw2OFPb6CC8IOnIvPcadCQRtPu63F7Ly%C3%816l890SIaA%3D/,1990,https://publicaccess.ci.malibu.ca.us/onbase-portal/api/Document/AYg%C3%8938k3asPOw6PXlksWUTHN%C3%81isxPLmd%C3%89jX3OqI5EbOuIpwJCX6jGJU8lpPRPSsP5yAG7tRryrshFiIPRlE4oiE%3D/,1990,https://publicaccess.ci.malibu.ca.us/onbase-portal/api/Document/AeA4jDHNGEBgqpvonuGcaUFcDDEh14Q%C3%89C4MQ8KorFr7tdvfkVLrWvggbcFdPD7VSvqC%C3%81QV02jr%C3%81mtOS7EO%C3%89JR%C3%89E%3D/,1990,,,,,,
4449002043,https://publicaccess.ci.malibu.ca.us/onbase-portal/api/Document/AZsPo7AJn%C3%81bjnIGUFTPH4P5m3o5009pIGrlNV57HtsWzDCdYzpP9RkW0WC5NBYtTuihAH4ra0V1tzcOo7N%C3%81czMI%3D/,2019,https://publicaccess.ci.malibu.ca.us/onbase-portal/api/Document/AeallDHK26bdJd7W5UIgi5pZrHkn0qbOF5lMnX79Pxp0TfuHDBUkN3ciITJmq9l9m07hnOLJYhicIVOUfnTZZ8M%3D/,2018,https://publicaccess.ci.malibu.ca.us/onbase-portal/api/Document/AccmFwC6tmUu4QOnCwV0dssjd9yh1WpZ8sknPY6C58XWE4lzthiFh17DHR5bsMJhf3FbLneOBaDU5IlpaX%C3%89JPSQ%3D/,2017,https://publicaccess.ci.malibu.ca.us/onbase-portal/api/Document/AULfxpHL0erdVJLk9KGiaua%C3%817UUNq%C3%81QYGznveSsxwdgFbFqMYK6IUJsEago5Nk96AF0jL3zmlzyURFpjRG85AwY%3D/,2018,,,,
4449002044,https://publicaccess.ci.malibu.ca.us/onbase-portal/api/Document/AXsXPteR4yuQL9Ckr%C3%81fNR7F8QNNPgvTrxVNld4yUjXHXqmsvPtJZ%C3%81SI3mxxJgXW1gw9%C3%89%C3%89nw5a5aZXizfNIPtGQ4%3D/,2005,https://publicaccess.ci.malibu.ca.us/onbase-portal/api/Document/AStFyx7WFy2oSpKm32aLtW3bDdcMsmxNo%C3%815ulNeyNaI3eguqK4aFLciNGFpqW866w9k67%C3%89CWCKVZj5yL%C3%89hGQBY4%3D/,2005,https://publicaccess.ci.malibu.ca.us/onbase-portal/api/Document/AVNBl3EAicff8yQViToJk10juh1ldbfX%C3%817H%C3%81QK0qEynwYSO8eCr7YKKTs98k5BOXgv%C3%89BIFRQHOGgircX3SaXmS4%3D/,2005,,,,,,
4449002051,,,,,,,https://publicaccess.ci.malibu.ca.us/onbase-portal/api/Document/AZTRirHFO3Pzfrw1rgoLjuKCTG322dwPYLU4AO5ZJar6Y%C3%81GiQZ4a5CUxY4o6b7E9NAoOWK72d9IjQL6XNr27KE4%3D/,2010,https://publicaccess.ci.malibu.ca.us/onbase-portal/api/Document/ASTNG6Eaq3AgDp1bH8tep6nDHmfIR3fMRNZi%C3%81oQpLUSN7EUXw73JgE6xikQBJCXW2jPt3WQjx8nA5WwoiJQloB4%3D/,2010,,
4449002053,https://publicaccess.ci.malibu.ca.us/onbase-portal/api/Document/AZxbWsuFT4wmhV%C3%81UFuzPfWiyeADrvKGJD4alWIz6IdYE1BIZwIvhX4S0pQhofggdKspfpRqwSsxdqzPfkEDnMUc%3D/,1977,https://publicaccess.ci.malibu.ca.us/onbase-portal/api/Document/Adv3XI1nxo%C3%89rYGY0OhsEG71hBSZg1m2rY7acBYTGqxfTyo6Cj%C3%81S33nhv0cIJK8df5Ryrf%C3%81g4kK8TF%C3%89wI6MffQQw%3D/,1977,https://publicaccess.ci.malibu.ca.us/onbase-portal/api/Document/AXH5KcVsp66AUFNzCi0gpE3WiAkUgaR9BkaZzN6ZrKhNm47PVuShY5ILK55HsNEP8FaJorKPmm855rSuZqoJCpA%3D/,1977,,,,,,
4449002054,,,,,,,https://publicaccess.ci.malibu.ca.us/onbase-portal/api/Document/AcUNT%C3%89JpMciPSxFo820PnRG53A2XnoO4h1MIsEfn8geraIjdZZghO7M1Ysljcdfu42a0C%C3%899VDGAMW9r4GJ9nMLc%3D/,2025,,,,
4449003017,https://publicaccess.ci.malibu.ca.us/onbase-portal/api/Document/Aa%C3%81Wk%C3%81XitVJjkRaShFHJWEF4dIidR2XD4PJinDLotwXu3z90VwklR%C3%89h%C3%89XgBzi8tyH9OR2AhUN0tcLuibu9lNkL4%3D/,1965,,,,,,,,,,
4449003061,https://publicaccess.ci.malibu.ca.us/onbase-portal/api/Document/AbfN%C3%81w3cGECG7tLoATTnWRTjJffdmF10uLlCQyGek8gHiAW6oUzYzJrf5MIU55YW6zPbJpLH8a9bgIK9AzBBxWE%3D/,2022,,,,,,,,,,
4449003064,https://publicaccess.ci.malibu.ca.us/onbase-portal/api/Document/AZXKDsLZDvs%C3%89u28IKdbtXtq9EN7ksfXqTgDQjtntqyAM6vftH2RzPnAVNNByDX%C3%81bykE5gE1rU5sYvu%C3%89LUVWZKj0%3D/,1977,,,,,,,,,,
4449003072,https://publicaccess.ci.malibu.ca.us/onbase-portal/api/Document/AVZ8Lc%C3%81iJA2%C3%81vR12taQjtfUTt6hMjUjIJQ4X2kB1TNjRgz1EvnNqwDnzLHvsnjpZJkIqNQB%C3%89G9LLVQ%C3%890wlqYYBA%3D/,2008,https://publicaccess.ci.malibu.ca.us/onbase-portal/api/Document/Adovj1VpMv3TKzOPY7%C3%89NBvliHI4DJT3ZhqQNTopVu%C3%81AQNoB8W8O%C3%89Sl0RQ8wgMnsxptg83LOTsItxT8i0vrbcmcY%3D/,2007,,,,,,,,
4449003079,,,,,,,https://publicaccess.ci.malibu.ca.us/onbase-portal/api/Document/ATBnnHnVYkmuPhwPYgZOfGGnvXCP6j48tWElejRwyBiKEdX%C3%893uJVEWNZ7eQe6rRglU%C3%816Ej7oYzFXA7N1q%C3%81aJtwU%3D/,2025,https://publicaccess.ci.malibu.ca.us/onbase-portal/api/Document/AfP3Qu%C3%89%C3%89Lnb1Ufw%C3%81OeMdCISTpuGKPCzWk5oTl5mYpDvl%C3%89nsYTE4i1BksKqDT6JSh4Dr7C7WS4IyM0pVZ%C3%89FiZxdg%3D/,2025,,
4449004001,https://publicaccess.ci.malibu.ca.us/onbase-portal/api/Document/AXs3R5AZn1awIl%C3%89gICTQiy7yw2UIcMHoI%C3%81q%C3%81uwD3bkwagJDgQL9O0rouwkYpVQ1xHBwkdTkLoGiJ4RBh0XRtStA%3D/,1979,https://publicaccess.ci.malibu.ca.us/onbase-portal/api/Document/AQFO1qrOOrd9yLwBu0Pv3RiWlGdhlxWI%C3%89B8N8XrPztzxD%C3%81xxAW0k38aInsB59vcrxVv0FuGw24cylsjQ2ljWrBY%3D/,1978,https://publicaccess.ci.malibu.ca.us/onbase-portal/api/Document/AVd%C3%819bE7x0ngjMtqC01OUhU1hXUQ7i2x6l%C3%812RpmLsTPeAxviR9X26jYxiCdraRpFL3s7B%C3%896opj1DeKm6CcVwCz8%3D/,1977,,,,,,
4449004002,https://publicaccess.ci.malibu.ca.us/onbase-portal/api/Document/ARc%C3%8981sLBjg%C3%89yWHy8TJ%C3%89yZwIDA%C3%81ROk4BYg26tNLKz0WLzsZpNy6dCd5jISdfA5dOBz0dLHMmPoJSFQMJzhK0%C3%81Jw%3D/,1980,https://publicaccess.ci.malibu.ca.us/onbase-portal/api/Document/AbVEr55oNIBNxF%C3%89imefAZ4q8RlopiWuDStGqHsZn6YXwRqs4rNx58pOF0YtY7Q%C3%89scF%C3%89zu7XKlfGVWwrPr%C3%89ol7%C3%89k%3D/,1977,,,,,,,,
4449004045,https://publicaccess.ci.malibu.ca.us/onbase-portal/api/Document/AeRrBmoRuyeEZLz29W38aOCHk%C3%81KHj%C3%89sDb48jrH3ozyXb%C3%81A0dRTPPy8E8nvYXEKT%C3%81gtQql3QX0%C3%81%C3%81JWoQY5nRoOF0%3D/,1976,https://publicaccess.ci.malibu.ca.us/onbase-portal/api/Document/ARtxbsiW%C3%89AYNGFI3paCd2b57BPe0yb88a43cd0rOs%C3%81YcYc%C3%81CeRTA9OfOyzjSxYEEFU8qRu2A%C3%81VtZEIMfp8cZ5pA%3D/,1976,,,,,,,,
4449004056,,,,,,,https://publicaccess.ci.malibu.ca.us/onbase-portal/api/Document/AQ3i3uMUWjYi5zudUAH1GUimcgHkMz60T%C3%81fke5Vmqu5otrkmMJ1MBxmsDGJQMWPybHtlmTyVNDV3TYxaGSDePwE%3D/,2016,https://publicaccess.ci.malibu.ca.us/onbase-portal/api/Document/AZI85yitGei35RF1RFsOaFlyQrBo1TUejReqYzwZl89Y9Ym93iP8UtD8k7ThkEm5VX0TEIqbvBsQUB81IwF%C3%81PCw%3D/,2013,https://publicaccess.ci.malibu.ca.us/onbase-portal/api/Document/AcCZT00Qnt1144OdAcM5%C3%81USROi8ivPoRGxQFjh%C3%814kWpGk1xyf0xXdvPLnR5%C3%89KVw6b2gIbz2Rs%C3%8111qH0KVgLHviE%3D/,2009
4449004058,https://publicaccess.ci.malibu.ca.us/onbase-portal/api/Document/AQNrT66HWK12LlqJlQu8SZYsDtMHTliHzAd1LctatAKg1QFFGqbUVYEUfWIreDMK%C3%89vzJ%C3%81r7pKcXfQq%C3%81tN9BGbKA%3D/,1980,https://publicaccess.ci.malibu.ca.us/onbase-portal/api/Document/AZwZ%C3%89to2nwbTmFqrLt%C3%89FnZ0GY%C3%89QrQOHWyMqA%C3%89MTyiQSHwDtkxdufVF%C3%8128qsaYmAh3WYaopgpsI7wLo%C3%816JA%C3%8938dQ%3D/,1979,,,,,,,,
4449005013,,,,,,,https://publicaccess.ci.malibu.ca.us/onbase-portal/api/Document/AcgAgORXWxALgFH9ARi9GvycBjj2AWeDcVtDBrHIaay414EMMZF81%C3%89uSMwxt57ziUoCmPSoiQT4tqSFrQq5euzs%3D/,2020,,,,
4449005017,https://publicaccess.ci.malibu.ca.us/onbase-portal/api/Document/Ae7m7Hi9QWUifyW2UidsJMDSXMuH49l8VZNsFpzo0ONF%C3%81TjFuxXwpCskhpSkxwJhYbFlcsg3K3iE8OGiRU69PUw%3D/,2005,,,,,,,,,,
4449005018,https://publicaccess.ci.malibu.ca.us/onbase-portal/api/Document/AWooXQBrhbWBbaMEDAY680QzLbdEX9SPUYhpkjNIlr8USi82GPVD3d5MC6bzK9P1hO1Fymd%C3%891RrqZVdsW2DXJoE%3D/,1995,https://publicaccess.ci.malibu.ca.us/onbase-portal/api/Document/AWi8Ie%C3%89dCic30bYKr0z4qdnvacJM7G1eKndJh%C3%81g5JpMHorB2x6SFEPngzVm0IhvjscjtaVwLrtgRAWwMr5fH%C3%89Pc%3D/,1991,,,,,,,,
4449005019,https://publicaccess.ci.malibu.ca.us/onbase-portal/api/Document/AeaGft9q6iLf3DkmsYD5PTgzmO12YQuGImqgJBBmJN12MsQYjaAZOngvaCm8tnBbMNzj%C3%89Ypy6HmzpTvtGksa2zc%3D/,1995,https://publicaccess.ci.malibu.ca.us/onbase-portal/api/Document/ARmniAcqZ4EBwDt1uQ9bEh%C3%81QNZKl7X2xNiVvl4qURRcTU84iV1lAeEEn99SV19NPfAPbuGfPXePch4oljNoq%C3%815A%3D/,1995,https://publicaccess.ci.malibu.ca.us/onbase-portal/api/Document/ATzCRQJFuE9Tq8QEQRU8%C3%89ks7wUBdnC4nUkZVLP0rMsqEfMNR%C3%81EmKlt9tNyTgq1QlJsBHnLeHitSYxEGCOoH6FA4%3D/,1995,,,,,,
4449008001,https://publicaccess.ci.malibu.ca.us/onbase-portal/api/Document/AfeuU3ZOiISZ78qWUrRg5EjDBfOkMinBrh2c0%C3%81E6BIeKIx78GmkknIsmcoEt0iBvk%C3%81W0lesjmHdrV%C3%89IUUN3Vz2o%3D/,1993,https://publicaccess.ci.malibu.ca.us/onbase-portal/api/Document/AScqamVRN9I6dpxhaFDeahr70b08T3zx2bbqDlw9SPNgLlhSlDgX9GfnMvE8irh0SBV16Ehupmqdt%C3%89oVqQUpusA%3D/,1993,https://publicaccess.ci.malibu.ca.us/onbase-portal/api/Document/AdT1uSgEfRsU1bSHaiLbru4DjLntS22vMDbfiJSjHmJnM3trfxJJYsFgabsndBsQhcGrCQ4dSFLgI86ztG42Jcs%3D/,1993,,,,,,
4449008005,https://publicaccess.ci.malibu.ca.us/onbase-portal/api/Document/AT0USuElLOZw9ITdUhCfZnxk%C3%81lrHmrm90XmHii12mlfR%C3%815rEs94aSRH3qtl7V8FOZMSDKaZO9vJQMlg1x%C3%89k1Rd8%3D/,1982,https://publicaccess.ci.malibu.ca.us/onbase-portal/api/Document/AexAVViS06X0D254PQZlt4ZRDDyEuTFEGuF5edA0uOFxuj8TjWTQDeXddxyibjz5OXAlcE0QwpWxOfd2gixEpFc%3D/,1982,https://publicaccess.ci.malibu.ca.us/onbase-portal/api/Document/AecmC1nzPmwia2IYAZNP3fPXiL33LG6e9A4tRZQaQAndsjuaepDyyL5YwQhU%C3%81eS8p4bjBpPYIfRzAfBMS%C3%896LjO4%3D/,1982,,,,,,
4449008007,https://publicaccess.ci.malibu.ca.us/onbase-portal/api/Document/AcQvlWrD%C3%89PvicaHbHtIeza%C3%81fbzImCX%C3%89BEZBR8XGEoGiHe9nSj1TTJ2KVlrZgDlYAi588r3boA6lZRZ2DTTptGYg%3D/,2019,https://publicaccess.ci.malibu.ca.us/onbase-portal/api/Document/AU4ucGS6zOEgDoR%C3%89jST47orW9eUSUWvW3w3Nxt%C3%81gdR7M9ISp0T2s21rDuUgQ9nSsFEb%C3%89bVr5eHHaod%C3%813Z01vhF4%3D/,2019,https://publicaccess.ci.malibu.ca.us/onbase-portal/api/Document/Aa1OUfUjUSqS8WCdsIaE90nmDLUN43IBQfbuqtdxj%C3%81wys2zvMJt6Jt49gXAssAhWuBnW5zHjWcx4MTvj%C3%893Rwi4U%3D/,2017,https://publicaccess.ci.malibu.ca.us/onbase-portal/api/Document/ARtjfT147INqA1wA8fnsgMENj89GnzvXlCyg3U03G021Y%C3%81f%C3%81j7EzY4ZgIlBBaEFZmmVJAdFWO9YXrWQv0EjWhLU%3D/,2018,https://publicaccess.ci.malibu.ca.us/onbase-portal/api/Document/AXjujVF8uuci15693tN2bZ7N%C3%89HIR1P1UzrzMcuUlNKK0qSL56N7jOgH0GL3I1r4u%C3%89nRK0RxvyiADxpeegjq48Mg%3D/,2017,https://publicaccess.ci.malibu.ca.us/onbase-portal/api/Document/Abyif%C3%89q3ImCB8uFKFIIe6g3M9Lconm%C3%81XZmOM3v%C3%812vjWiw0ZTDSRN5ALyXV9mzcwE5AOEkymcSNaSRrKzOZo3BQ4%3D/,2017
4449008008,https://publicaccess.ci.malibu.ca.us/onbase-portal/api/Document/AcTp3ke84YEhNHd8lz%C3%81pijNgJEqUK3eyWB8hRWtJOBEDAFWTW9zjFrVRDxqMVXgNiP3CveNA925q8sQqSJXzHpY%3D/,2014,https://publicaccess.ci.malibu.ca.us/onbase-portal/api/Document/AXKzNGtR3koakT8mjF6AfDpdI8WrWFX3YLg68w5RBiv2ZjteqRShSYCYU5YonNCJuu57gn6l2oovgdmAtbXfJgc%3D/,2014,https://publicaccess.ci.malibu.ca.us/onbase-portal/api/Document/AYf7ey3smOJezdOJxJhXCS%C3%81Wa495VD9eOTFmBUMloa%C3%891JZWRzUYKEGZWaz2%C3%89uoVVwvkjYHd6ERampm7dPuNxF8A%3D/,2014,https://publicaccess.ci.malibu.ca.us/onbase-portal/api/Document/AXteapsuqDaNucgFIJMtqucAdtQGpau19PbNLTsZsu9Lp6MDt9ODccFcvGfDTOxGo%C3%81rAQ4U0oz3ViMNDDcyDWOU%3D/,2014,https://publicaccess.ci.malibu.ca.us/onbase-portal/api/Document/AeMAzMB0Lok9RvnSbPdqVgfMh3HEH2OdSVlucZhBLbR8Is8C22%C3%81y%C3%89i7CtfCK1kM3OQ55V7rjO%C3%811d2fUceJtqx5A%3D/,2013,https://publicaccess.ci.malibu.ca.us/onbase-portal/api/Document/AdD6WrLuCbG5wHIKJjCQkqA0S0GtS3Bder5DvpsTwFRzgqDboEikAWw2HL2%C3%81rtQl8sgQB6p7CM9XjUtBeXjQOj8%3D/,2013
4449009010,https://publicaccess.ci.malibu.ca.us/onbase-portal/api/Document/ATbTQOWGVQE7oAtuj0HQ1%C3%89B3ngcQ5LjdzXOocD4q%C3%81UI3gjd8Te6Tl4Em1mVKOhCPG7yXD%C3%89WSSLzZG7sp4esRneo%3D/,2016,https://publicaccess.ci.malibu.ca.us/onbase-portal/api/Document/Aa6MIW0sKR770JtAtdw51tkCllQk6X8M%C3%81zjca8IB7H4iPATT2qTgBZIG5R6VbYV%C3%814uOr5MKjyXzPjD3nkkAQtcU%3D/,2014,https://publicaccess.ci.malibu.ca.us/onbase-portal/api/Document/AYpeT44KcGqUzLZEyFHqCXom2NR%C3%89ITK3%C3%89OSZmYr9XUMceeeZQ3d3ET%C3%89PV%C3%89FgVFkN83qCV7xqF40O%C3%89RHRTI5j%C3%81ws%3D/,2013,,,,,,
4449009012,https://publicaccess.ci.malibu.ca.us/onbase-portal/api/Document/AeDyZ%C3%81AMOElDTPG%C3%817hMl9%C3%89%C3%81RsBvBl927LklyhGjWwPIKROqgAKnQO563TiKVwYhzdCwPiHOMZ7EXDdvGF1TkvB0%3D/,2024,https://publicaccess.ci.malibu.ca.us/onbase-portal/api/Document/Ab0lEYqIQfo%C3%81AA5zqSyRslzIBEw37w93ujsng5HAon73P%C3%81pTn1YEc6Y0R%C3%89Pp7By%C3%81a8uOI3Z8qflUiizVWtWgrT8%3D/,2018,https://publicaccess.ci.malibu.ca.us/onbase-portal/api/Document/AY9WvvBiGWigjpehhTLdosxcd9m8cxzJin7%C3%89ept79V43ZVPJQzwkeXk0Q61St%C3%81X3YWNhds%C3%89NO4Q3zs6u873EeWM%3D/,2017,,,,,,
4449009013,https://publicaccess.ci.malibu.ca.us/onbase-portal/api/Document/ATJi05rKn%C3%81rDBpI0swAYmqx51KOPfRqMAw7FnKXT0jp4aVjSSw3Bqkfah8Q9AsE2ahmeSOjRgDZOIc8hL4qZU1g%3D/,2016,https://publicaccess.ci.malibu.ca.us/onbase-portal/api/Document/AUGcw7XJjnZYOLKd8OM%C3%81RCVgZARH9Fc0eYI6N%C3%81%C3%81kA21VhrUonR%C3%81qQtngxCYxHpYsL%C3%81btRTOOjaIPOL9zO9AGZeI%3D/,2016,https://publicaccess.ci.malibu.ca.us/onbase-portal/api/Document/AUeATZLgfyvjZNqV2tXI0BTH2QceRg78XwI2mvu17i5bnh04tpmhLOhH0qAt79LYh5Y0CGtELr4ZKL7iivSSccA%3D/,2016,,,,,,
4449010009,https://publicaccess.ci.malibu.ca.us/onbase-portal/api/Document/AYm31Eq3eiRv27BqgV8swv1ccgFpm2HVRDRagtXu2LlwOhG7jdkUmrxkYKHxfOJJ8oeuqWUJv578iMg6Ch7e7GQ%3D/,1995,https://publicaccess.ci.malibu.ca.us/onbase-portal/api/Document/AeDBoBH%C3%89bo0tDm01tnxh7lzrNSC%C3%81qQh%C3%89U2HbSlLzLwHafTJYKjO7W6Xy9Q7qu236xtFABDUaOHbh2pmuIq%C3%89C1TY%3D/,1994,https://publicaccess.ci.malibu.ca.us/onbase-portal/api/Document/AQZ7gS8AnUkY9GDJUaka%C3%897FCDH0BZiFOaBf6NtWfenhxKY8V2%C3%81xk4WYCjRmRKveAOSkZ2WCUwspa%C3%89t4PsO2UhfI%3D/,1966,,,,,,
4449010010,https://publicaccess.ci.malibu.ca.us/onbase-portal/api/Document/AT7s3uSn6zE7iSeV3hvYVbEaqne05LPbZ0AF2Be7mXNHK9sc9Lq3Ixwy51dnvIEzaX8Hrse9q9WVWaaBnjpEyyw%3D/,1994,https://publicaccess.ci.malibu.ca.us/onbase-portal/api/Document/AYLayF4HB998YKKOr2de3nX03uxAjRJloeMLREGZIuuABzTHVXi7hg%C3%81xo32FRnLagaSmCtVaLV%C3%81Nl0vX33AkqMA%3D/,1993,https://publicaccess.ci.malibu.ca.us/onbase-portal/api/Document/AQsCYgcbr26HE3n6GgClU9%C3%81LTcZ%C3%811%C3%81HhUJLaNhK2p1LS9FUPCMJbpDzJq2JcHoj6fsaqdwHojcR7U6PwKvL0Q38%3D/,1993,,,,,,
4449012001,https://publicaccess.ci.malibu.ca.us/onbase-portal/api/Document/AfD9Qh5kdc0LXhMVM3JKO2tvNUZuilpmiewMGPxtfBiRHvQCa0Il%C3%89T5232OPzir%C3%81YmoVJZOiLQ9e0fEYxRLjjjk%3D/,1994,,,,,,,,,,
4449012003,https://publicaccess.ci.malibu.ca.us/onbase-portal/api/Document/AagEbAn33kyCPqixt7lW5tNzvFCPhavMC7%C3%89cuem1m1DqMLNMUgOhRKEPwnud8I7hJrU7XH0J3ufqklT2loEGHjc%3D/,2005,https://publicaccess.ci.malibu.ca.us/onbase-portal/api/Document/Abuy2Iwpz%C3%89CY%C3%89ktGEoxGkkebCwf9sARMA5nVuOqVRjmtFDLlvrCtBn0C171GAIkRwZEUsTjuGGZ5s0hBFyBcwVE%3D/,1995,https://publicaccess.ci.malibu.ca.us/onbase-portal/api/Document/Ab0xHQwPJWFXAtN7%C3%89MQtVmXPppCBn6ISM%C3%81fyx1qXRpGa1jWnxHhsRn4GjKijPMItC1NC%C3%896XWQg%C3%81jg%C3%89Vy69B3XGU%3D/,1995,,,,,,
4449012004,https://publicaccess.ci.malibu.ca.us/onbase-portal/api/Document/AQTRhMRf2DJKwC1iBEQ0xnE0YG5XS6qvKi5on64wHLiz0mVnrI5GLv5IjE8o%C3%81Kt2kdcUbr3%C3%89TQ8GN3OVj77heR4%3D/,1996,https://publicaccess.ci.malibu.ca.us/onbase-portal/api/Document/AcFCvMCTOFaikxqnVx7OuoBU%C3%81j0I%C3%89lNA05yBlB1kM0RfKwfaGROg6c%C3%81r%C3%897BnKw7MJmaTYmlkBtHI6Uo8pLl4zyw%3D/,1996,https://publicaccess.ci.malibu.ca.us/onbase-portal/api/Document/AVjrGsfZveVhwhwBFciiYGprPc%C3%81fOWSOXEJqoXPT1ZSohwuVl%C3%89yCyp0s9E5gDzsm2KdFdle3Bcvru%C3%899drZF4kwo%3D/,1995,,,,,,
4449013002,https://publicaccess.ci.malibu.ca.us/onbase-portal/api/Document/AWLgNHeQFJg%C3%81GArFGe7VSper88QGkrwCIJPKQJLCRbbQHE74Nv%C3%81IAVN55Zv3WxAxufsK94eyqyfG7dBIX43V3mI%3D/,2026,,,,,,,,,,
4449013003,https://publicaccess.ci.malibu.ca.us/onbase-portal/api/Document/AfYHtG0irdlb0z2EjP5%C3%81YNZerw9y8wBFYfhttSloYA5ktcA5FHlowVcZ6PllTB0dnC3SUDAUbjjWp6sfODVWw7o%3D/,2016,https://publicaccess.ci.malibu.ca.us/onbase-portal/api/Document/AVntSk%C3%89xa6c1x43tEkzlhykoDKmZ2TmLT9RHYu53SDM%C3%89cff0eXJndgbWmRvNyqSMNmjDg3Ye%C3%817B2TsdfOuHaCRQ%3D/,2011,https://publicaccess.ci.malibu.ca.us/onbase-portal/api/Document/ATaSo3YKvpllNYVXgsqe9U134VHzx5tpic1RTA9vyU0Kx%C3%81EnkQMGl%C3%81A3SDbaXi%C3%89ZHFG%C3%818dAAFbGhH21dBLpgj7o%3D/,2000,,,,,,
4449013004,https://publicaccess.ci.malibu.ca.us/onbase-portal/api/Document/ARCTbau3tUJZNNKPx%C3%81MxWcuncK21qoTGdJlI5sJC9EQrdLMIlIEwnX3SPdS0jRp9FmNW%C3%81u9%C3%897oAzpQgxI%C3%89yLj3U%3D/,1996,https://publicaccess.ci.malibu.ca.us/onbase-portal/api/Document/AVKXpmaHxnLOQ1kBimZIL4BZRmslsr%C3%89yMtnTEB5hpQ1eeuUhNRgYLM%C3%89UyW4jg0%C3%81hFIjH0cr6MBsC2L%C3%89AB2MQ6h8%3D/,1996,https://publicaccess.ci.malibu.ca.us/onbase-portal/api/Document/Aeajr3w1EVQTh5A6mDvb805mdjZnKBwk3AuJeKjtJmW%C3%89oQE5S0VmIvcMIDuqhq7RWWlHZfKjG6aKDGauJ0k9MHo%3D/,1996,,,,,,
4449013005,https://publicaccess.ci.malibu.ca.us/onbase-portal/api/Document/Act1hYyb9lZbsy4J8Kk4H8dXAfT4jiwxe2Za3dtzArxGgFYiJeIhPTybNekdgrG6K3aOzL%C3%899QBSrz%C3%81qtesljv78%3D/,1999,https://publicaccess.ci.malibu.ca.us/onbase-portal/api/Document/ATrQaurViOgDXw6LD8xga1gJv6XNlIMNL3shQw6RZGdf95WYqlAB3JRnApPTRLLHHjvn9pQ6raXHGkx88jw1TxU%3D/,1998,https://publicaccess.ci.malibu.ca.us/onbase-portal/api/Document/AXiv82uxJknMIhzTznOrVvayJbH5AfSt3Lr27pP3DMXvIga7CpDG5PefPdRnyzCT%C3%89jnmqxUbDbY1cD69l1FQUaM%3D/,1997,,,,,,
4449013006,https://publicaccess.ci.malibu.ca.us/onbase-portal/api/Document/ASPxAiL5xfLJo3xXd4oksHjnhY4nqdB8AFOTXFvZ8TbgQz5EmFVfseFDuc4xiA7UKOJ0nwE1%C3%89lTJTtRGAkTJNOA%3D/,2025,https://publicaccess.ci.malibu.ca.us/onbase-portal/api/Document/Ab7A9aDz%C3%81Qeg5Mi3xu33G6PM3egddd1qdjP2fWHZ566Ni6kCGHabv6hQbFCMRpe8LO1lM7eKpLZCVJll7Di672Y%3D/,2002,https://publicaccess.ci.malibu.ca.us/onbase-portal/api/Document/AUom16zbt1XhbbrZrt1lkK8q8hVP2Nwpow1M7dWy98vOs4dQPy7PqirAE54ddATqdqqW8mSJBgF2Zo8chV1J4PA%3D/,2002,,,,,,
4449013007,https://publicaccess.ci.malibu.ca.us/onbase-portal/api/Document/AfRdUef9Kh6IXxXayZXut4Pk9x2TqdAAq0NKYrpgSkI3EHPpR19sdiN5tmXHHGKfsy51vNcEa9baUNW7DioxomM%3D/,2015,https://publicaccess.ci.malibu.ca.us/onbase-portal/api/Document/AUKeZRgoQjrVlz3zDmnaLkuEZZQqrdNBR0EtH%C3%81QZvZSH4N6dY7ZeeqftapN74eHq5v0AxluwIebgLNOcvBYC4NU%3D/,2015,https://publicaccess.ci.malibu.ca.us/onbase-portal/api/Document/AZZYYAwesChpqCvuitqqtirUjyJ6pTun95KGRHoZ0sFKYlQQr7LL7mr%C3%891mZEbZwFOCLThA4%C3%89nwrUkv%C3%89uMjXyrKQ%3D/,2012,,,,,,
4449013008,https://publicaccess.ci.malibu.ca.us/onbase-portal/api/Document/Ad6VhqV5rGoxeRrIxecjepqJcpy9NlioaV3IAydxZZW1lRRUAHxdLy1RpACRB%C3%81xsFK2xCMEZGpODFtR%C3%89AmQoofs%3D/,1995,https://publicaccess.ci.malibu.ca.us/onbase-portal/api/Document/AYJRoYSKesxM2WNbCooreJQvOK0c5j7HsdLbhzJNoeXbEWrMD0qM81troRVM50HgwXN3z6WQo%C3%815XT59OaobFu4M%3D/,1995,https://publicaccess.ci.malibu.ca.us/onbase-portal/api/Document/ASs5lWmr6dGaiw%C3%812xk%C3%81AGyNQZqJA%C3%89qzytauMW%C3%89gIGSSLUyR1KfTa3umFk68opzQOHv8034v8iSe36QbHBdDBcqs%3D/,1995,,,,,,
4449014001,https://publicaccess.ci.malibu.ca.us/onbase-portal/api/Document/AesFvQBKb%C3%81axDu2sJy1LlDr1vDBIz4plJm738GviO2WW5oKuP5uvFrC9rKthH3E687CyJ79uExgHotWjyKDEwF0%3D/,2014,https://publicaccess.ci.malibu.ca.us/onbase-portal/api/Document/AUdnKobACtZ4ZAKUTUeX%C3%81LPURC9ov%C3%81orNWjlPCgCwyZp3Tnd1cGZ1pNs4AW3ECh7gqM53vsIZ7LMTww77ZH9%C3%81nw%3D/,2014,,,,,,,,
4449014002,https://publicaccess.ci.malibu.ca.us/onbase-portal/api/Document/AcxJNoK6tTKXFnLqglnTOh0IVQEILcHvtrTSoS1yM6B3nhVAKVzSphHfRoODDtJmeCGiMQpb8ge47qw4ldwAoEg%3D/,1995,https://publicaccess.ci.malibu.ca.us/onbase-portal/api/Document/AYEMFq%C3%89aSrQWJxD42zfhPBEA78KmJCXvgSp97NFClCX9PHjV1vu6y9FIf6Kp7xyRo5cs2QDiyt%C3%89PRRxvZ5YvKIE%3D/,1994,https://publicaccess.ci.malibu.ca.us/onbase-portal/api/Document/AeQ8BNNntfkkPsBoXt48jslkDrNR5g2ho%C3%8935vIOyy3OwudsTAZJAPKXGAsOaMHFw8wnRy%C3%81mvz3R6eI0IBYMz9sY%3D/,1976,,,,,,
4449014003,https://publicaccess.ci.malibu.ca.us/onbase-portal/api/Document/AYwfpVCvygseW7%C3%81QWOIHnPR%C3%89%C3%81MiSHA%C3%89dLnJT8YTRw47g7Ux3gtLvma25HmcQ9E6QBlNJLsIhYDbWPha1yYNjqUE%3D/,2019,https://publicaccess.ci.malibu.ca.us/onbase-portal/api/Document/AbSWsB491c0EhAQtw5mmaiKF5hnJKH2yLVZl71pqDd9hRmY9Jgizu%C3%81Mq18AtsJch7AHVDdoTFAfW%C3%81%C3%89d%C3%89wovJ9jU%3D/,2008,https://publicaccess.ci.malibu.ca.us/onbase-portal/api/Document/AeFOuy5cuI%C3%81fZ0KrR50b%C3%81HbB3dMXL63CQ4zC0Qi6wsdl%C3%89oHE%C3%898JRU4T2DbNcwTQnjioWk8YzePAwndoK1Xftmes%3D/,1998,,,,,,
4449014004,https://publicaccess.ci.malibu.ca.us/onbase-portal/api/Document/Ac15XSM5uasIeoJECOYRbqXEvLEw1GIKzekXq9k%C3%81BfT9Z6woz4yi6%C3%81bczZ3kodw%C3%813tsy%C3%89dEMU4qvek%C3%898vX9vsPc%3D/,1999,https://publicaccess.ci.malibu.ca.us/onbase-portal/api/Document/AbBGMk3fz7g2yMfQAXU5sbVHZKGLIYxf821us36FRGctk%C3%81c6iIu6gzOau6qukLQuPs%C3%89zquOwX7J81QpKBwo1z60%3D/,1999,https://publicaccess.ci.malibu.ca.us/onbase-portal/api/Document/Ae871Jjx%C3%81yLhFXF%C3%89EL9xRsErWUsO1aBjjhYpa4JWi%C3%81Hgbyo%C3%81jL5HWJtXbrkWSfax71%C3%812kPFMwe46l9gV5HUIlh0%3D/,1999,,,,,,
4449014007,https://publicaccess.ci.malibu.ca.us/onbase-portal/api/Document/AXvS3Pr7iUHhhnM1OyJGpB1WLUb7t%C3%81hMfC9s12%C3%81jmI%C3%89ZBeOv%C3%89J2PmQXdxeinW4WnGcH9hXId%C3%89IC8KZJkP8QuNqE%3D/,2000,https://publicaccess.ci.malibu.ca.us/onbase-portal/api/Document/ATA%C3%81SAMZiWt%C3%81cdCs3BvAe%C3%814Hw5ykEfTd5Qc1O8hs%C3%89uTF0RktElg032q%C3%814u8sVT7zmtD0ZXTAaULBJQ0O5GixUSU%3D/,2000,https://publicaccess.ci.malibu.ca.us/onbase-portal/api/Document/AW3xzLcIcITPLg5Pn%C3%89%C3%89Un6nUrUwMUkXcAD2%C3%81HmvpZzcqgcesSRKXWIzLct8rZvps%C3%81yCPOdcfOME97KXD9atA0Xo%3D/,1999,,,,,,
4449014009,https://publicaccess.ci.malibu.ca.us/onbase-portal/api/Document/AXtX0L7Ey8VDygQSbQQUnFW8uZoCYuvOEKcoa9oGiwIUAp2a6rIUEJD23MLc8vavFlKd8n6p1wulbdbuGeXN1Tc%3D/,2014,https://publicaccess.ci.malibu.ca.us/onbase-portal/api/Document/AT1Bsivw2pks6MpQevmnqLhcMkuCGFxW9g0p47HMgK26EybOP0MgP6GcRB1oH0KZyST9DsmDO%C3%89ssdvqPd0gEUx8%3D/,2013,https://publicaccess.ci.malibu.ca.us/onbase-portal/api/Document/Af4qFc2K7WpoTCfJJ9Agqf6L1hBMUMD1rMhqO6PZTHf%C3%89awBjveil87A6ekRp%C3%89mmciJg1UMTIxnwYKvOoGHTbRks%3D/,2013,,,,,,
4449014011,https://publicaccess.ci.malibu.ca.us/onbase-portal/api/Document/AYLGLWZ7Dkc8GamTY88EXw1yUS8A7ApEgZcGHjYX%C3%89Pjn3BHe8DFklF1q8juYL5f415YFbb7LZsoGpKB0oDObttc%3D/,1973,https://publicaccess.ci.malibu.ca.us/onbase-portal/api/Document/AT8YlI3Ojx4OFqX0OzAaYmXQI5%C3%89rhdEDqO7WidgC5aeaAoIrJf3QxtlIzRIElLakscwEQDcavaWcrCVHe26lELs%3D/,1973,https://publicaccess.ci.malibu.ca.us/onbase-portal/api/Document/AfhVSLDkznmmYdT3OB5SSZlGvBQO%C3%89fdE2EHs44hSgWOR7VdrmWeR%C3%89mZQ9nPkGrwcZHljXZBWfS8zEA1OXvZ3hbQ%3D/,1973,,,,,,
4449014012,https://publicaccess.ci.malibu.ca.us/onbase-portal/api/Document/Af2xbJM5bnrOmI4IX%C3%89tvtn6bShDF9F30WxSxgl3K8ZJefg%C3%89FIKfVO5aNHWjpXSmDgL4f4O099EiHitfDiQI7%C3%89zQ%3D/,2025,https://publicaccess.ci.malibu.ca.us/onbase-portal/api/Document/ARS%C3%81oHUE0PBHFaOQELIMmew1VE%C3%89AeTaheiJaYbVQEKVGumpTm0gOt%C3%81L0AijzjWXeO4kGD3GnJx8agittiNHb3e4%3D/,1994,https://publicaccess.ci.malibu.ca.us/onbase-portal/api/Document/AZCTgex%C3%89Zjg9eAZO7knKZrIlMaQRZ8gtrC7ysxORl%C3%89wVtBzWyjaTjXCkjDgLPsvtVlqPjuf2JELGXBUedY8Vcrw%3D/,1994,,,,,,
4449014013,https://publicaccess.ci.malibu.ca.us/onbase-portal/api/Document/AW3443IiAvrxLsY83q1ptZZXDNJIm77CqFPVlANol0DZoWJnxshxW1EFOLRNvbzaoVJSanDZV0qgIez6oGqzWYk%3D/,2003,https://publicaccess.ci.malibu.ca.us/onbase-portal/api/Document/AYMMZIKjMoJBr8zajzVay2%C3%81JNGgcf1H29vNUNevlF0dCKUKFfAxQVgrgU1UzHpGBkLN7LLZylaLUe6qYuGFK7qM%3D/,2003,https://publicaccess.ci.malibu.ca.us/onbase-portal/api/Document/AafpiamXZ1xCMxDAZo2yBqjKgjDUflRwNfQDVHzHKOMMbH5D2%C3%89eESohCvjz85uXm9m8bA408FM68Uwp7%C3%89OvcH98%3D/,2002,,,,,,
4449014014,https://publicaccess.ci.malibu.ca.us/onbase-portal/api/Document/AeT5DY394AXZIujKjSBpZ%C3%81QBGQxEkgKaOAeEiehNqaV1hZ79KZ6%C3%89aWKlVMmJ%C3%81otEPWft7paRUbmypHY0bHb5E6k%3D/,1995,https://publicaccess.ci.malibu.ca.us/onbase-portal/api/Document/AcB9ZVjB1gNkLqTSLGYaq1oraS%C3%81WDEImmx%C3%81RGn4GkK6wLmU6t%C3%81jiGLYwcrAvXdnw%C3%8955OASvL2SgWfSo%C3%81xzrBRL4%3D/,1994,https://publicaccess.ci.malibu.ca.us/onbase-portal/api/Document/ATmci%C3%81gqUNbUC1HjaV6ojcrsshkxIy%C3%89G6Uvk24nv3yUwvM%C3%81LiA674BAoz2Y2UPtrKU28Rwp2Sdsmx7RaEmCe8eE%3D/,1994,,,,,,
4449014015,https://publicaccess.ci.malibu.ca.us/onbase-portal/api/Document/AWPkdaLiESu6PLtNGddgKxW6JtEZRsaP4cBBAPA9DV%C3%89QtMoXXnKQw1UARLaGKu9lXHXbVgb3kmx5GG85zSgoObw%3D/,2008,https://publicaccess.ci.malibu.ca.us/onbase-portal/api/Document/AeUR5dclVyYjYEoXGe%C3%817Zb6dBu%C3%89%C3%89yXCNboXw3SIDTBX7yIuWfwMkmDeLo9ugBMw77dmkkntAxBDvVyjz9blpDB8%3D/,2008,https://publicaccess.ci.malibu.ca.us/onbase-portal/api/Document/AXz2HmO6oWQDhmufssy5Dha8T%C3%81G5%C3%89iltmKAGlI9KSTk9AWtd8ddir5%C3%89lGnmg6RsC1eLjQeYp3Tn9%C3%89kXkPff0KZg%3D/,2005,,,,,,
4449014016,https://publicaccess.ci.malibu.ca.us/onbase-portal/api/Document/AUJ42%C3%81LJ7tmDoB0nhxHEZ9DjWHc6lo8agTWdUPSov7vBIrEg3j5JuoX%C3%81CLMb519TYdisny%C3%816XEX3l3iZD3XUM%C3%81w%3D/,2013,https://publicaccess.ci.malibu.ca.us/onbase-portal/api/Document/AYErZ1UGycw%C3%81BgkUWe8ZBZHpzmOYGesvWAFat8Ebs9eKzk0IhJsYAsFYMdO5EBdPu0GU%C3%8148%C3%89ETvjWbJuD7N2eTI%3D/,2013,https://publicaccess.ci.malibu.ca.us/onbase-portal/api/Document/ATl6Rg%C3%81Tl6VAShA3h9R4p4NSWcgjdOpQh%C3%81KDXFt%C3%89caiamcQWe3VFStg%C3%89dNiYu0HZESEFbaY6jsXHqWt4hOy7izA%3D/,2013,,,,,,
4449014019,https://publicaccess.ci.malibu.ca.us/onbase-portal/api/Document/AdstK4rOOK%C3%81%C3%89lSIN31kkaWZJruhdp7glEXtHyPOYTocBttcHiAQscCS2%C3%89PoGibdVFelSXcTlTbAYfY%C3%89th%C3%81ISJ38%3D/,1994,,,,,,,,,,
4449014020,https://publicaccess.ci.malibu.ca.us/onbase-portal/api/Document/AZy9YcaclkoiIycOSC7subw4O7j7w038y3V8koBEua4T4y2t1mSYWtJcic1Ie7yvMPXok6hoLEoJ2MMqvbTGuwg%3D/,2002,https://publicaccess.ci.malibu.ca.us/onbase-portal/api/Document/ASM5lrl%C3%89y2NsrVGSAgSoGS7oYFXY27%C3%89vveI6J8RhtxVstD87u5IQDt9EzTy97BB%C3%81xwHr6EeJcVboj6McfHnW77Q%3D/,2002,https://publicaccess.ci.malibu.ca.us/onbase-portal/api/Document/AcxT60iwdQ2GtapjmE2xb9O%C3%89hCH8nQWQYejV2m39d7plzM4TRyMILigjYTDMiTlT5nJHDYCeuR1DLPzXiwljuJk%3D/,2000,,,,,,
4449015004,https://publicaccess.ci.malibu.ca.us/onbase-portal/api/Document/AcrOEAekcMGjhz%C3%89qem4Cv6vc1fMBCP4fsV3Bk%C3%89ct5OPM2NNY%C3%81Ov9e7uIkiZ1h%C3%895m9TdS9qokyN71wqRAff8SXKA%3D/,2021,https://publicaccess.ci.malibu.ca.us/onbase-portal/api/Document/ATaTdzL7pTYgtFzBDzwRk18mxtVZeM%C3%894PzOmxtKbtnp7nXlRWJwXvuKxpKM%C3%811fa6gkfJVdB89eLy9x8UT4ruCJ8%3D/,2018,https://publicaccess.ci.malibu.ca.us/onbase-portal/api/Document/AbLM0ps6dsKxo5cmpHP9AO0KemoefEy%C3%89CtRvPASb9vJMujnja0dXXsfPT2RJzjRwebPx96W4YYUmeWUHkF3gcbk%3D/,1972,,,,,,
4449015009,https://publicaccess.ci.malibu.ca.us/onbase-portal/api/Document/AY9ydrA9i%C3%819nryGSDhx%C3%89ILXSEMRVxSurzNY0C4d5sgKvMyzQHPPQNdVVPI0bDRnF4grzn6pYJiQ77B2CQ9jjwqY%3D/,2008,,,,,,,,,,
4449015010,https://publicaccess.ci.malibu.ca.us/onbase-portal/api/Document/AQDy59pH6bBg3JjB0ahLhRAVZW1bB6%C3%89fVriZbFK9P57Chu4TMXyFnge4buz9ZszKQH3hpv1uQE7Ni2AP3J%C3%89xJ64%3D/,2025,,,,,,,,,,
4449015011,https://publicaccess.ci.malibu.ca.us/onbase-portal/api/Document/ASvJLPdC8e%C3%81GVUcBxNZnl03xJnpcDOUpH4qm3UgeqqwiDV%C3%81HR4GIIWD6zm5e3aF1c%C3%81KPbKw%C3%89%C3%81ivmJtANwwLClD8%3D/,1994,https://publicaccess.ci.malibu.ca.us/onbase-portal/api/Document/ASzjiHSlBH1uzeK%C3%81XkbBuoZtgsEDUmCthI%C3%81ygVRnydV0IBaqzJ114pz77i73VftpCX7PrTIbP9UIjqx2RbIh%C3%89cA%3D/,1994,https://publicaccess.ci.malibu.ca.us/onbase-portal/api/Document/ASTBQ%C3%89%C3%81qK%C3%89sMf0IT399W9Md%C3%89b0huY0CyrNB7OVDvDXjhFhMST3ZH14XfHXHS7EcMz1YA3nLOIo0oDHYT2Iv8A7Q%3D/,1983,,,,,,
4449015012,https://publicaccess.ci.malibu.ca.us/onbase-portal/api/Document/AfaC6UPoYxBM3sjsbjiGg2T2iZrNS8caVtiaByoai4rfmAwwaCyRN2u%C3%81RmlNLs2%C3%81LCMNjTGYdIgAMp1x8JyQNVQ%3D/,2025,https://publicaccess.ci.malibu.ca.us/onbase-portal/api/Document/ARybeWzgFx1MEoUdVG2A%C3%89T1IHnlwTECY7bXyEoDNnphTA8t0h2EhjAdyDZhZf8%C3%89pEuENHs7ce7N64Y0utlv8xL8%3D/,2025,https://publicaccess.ci.malibu.ca.us/onbase-portal/api/Document/ASLGFT0zs6phVJeKK1lwgYRwR4%C3%89LWFl901utxlWB86IuABKCA6XLQO7A09dwU5Zpqr1db%C3%89No2DxnecBHTWouDVw%3D/,1994,,,,,,
4449015014,https://publicaccess.ci.malibu.ca.us/onbase-portal/api/Document/ASHHu5rA4d3LOSp2Fwawp0NKU2sZgIGbZht7X%C3%89P%C3%89VknQsUbkRCKch035Zmg8dxZeRUfcRYjie8iyx3Mz9qv6s7U%3D/,1999,https://publicaccess.ci.malibu.ca.us/onbase-portal/api/Document/AWkGuw0%C3%815TkIKp%C3%81vONng%C3%89CFnwgLU%C3%895YARWoRgbeLdkKaddhSIOaiGPdaLPkfbIYBUQEFKrYnLZsb5DXrzm8iqJs%3D/,1999,https://publicaccess.ci.malibu.ca.us/onbase-portal/api/Document/AUY5ufrc4VMREGt1Wc4xGtEpS8SZ0xs4HweEnsSc9y0mSX2f7JAiuHSyIuOauHgrOQiMAbwMydmK3b97IxB15R8%3D/,1997,,,,,,
4449015015,https://publicaccess.ci.malibu.ca.us/onbase-portal/api/Document/ASeLTPuz%C3%81%C3%89D2FgfsWI6OmEye6%C3%89H1fVYSlF%C3%818trQLSyJAJcRX29uUO2w2YpI%C3%897IOTcbU5dJjjzwqAtfNiqf1501A%3D/,1998,https://publicaccess.ci.malibu.ca.us/onbase-portal/api/Document/AQecbir2674F3trgou5kEf0%C3%89ljLdP%C3%89Sl2GY12w3rFbklbjGOZoZleiW6o82qsYRCsNhhCCg3S9XKY2tMCkTRcIY%3D/,1998,https://publicaccess.ci.malibu.ca.us/onbase-portal/api/Document/AYSkWIf4C5LKpxL4vZmFb%C3%89dJVWZWkYihz1AtAm9sSdSbSOoqII%C3%89B1kIoAwX8segUeZmSI6HHG2xP6H%C3%81xxuYKtEw%3D/,1998,,,,,,
4449015016,https://publicaccess.ci.malibu.ca.us/onbase-portal/api/Document/AdKMZKRr%C3%89pDHB7CeHUNpRwIfaxJ%C3%89Kef3XYSiCz73iVWLGTQEkrYo2sTjfC7gssz8tgjuclL0XzmNo0J6b3cdq04%3D/,2021,https://publicaccess.ci.malibu.ca.us/onbase-portal/api/Document/AbIhl05rO6TYE2ts%C3%89unA3ciMcydQX2u0pd6lOvD%C3%89N9H%C3%81v5RaT1uoLJqdcLHAYv5gmIJEhld5iKRFGfWmqbKvh94%3D/,2021,https://publicaccess.ci.malibu.ca.us/onbase-portal/api/Document/ASh8aeVa45BuUVcJl1pwtdIXHFCK2SVz8mDxyuvCrRor2%C3%89XQK6KxlZTnNdQkml24jVQAGq7jib2gh5cEVUjBqIk%3D/,2019,,,,,,
4449015018,https://publicaccess.ci.malibu.ca.us/onbase-portal/api/Document/AbJSXUfRGDXifo6O8Sfp3ThLguuZTby8Lxzk%C3%81r2UOzsibPXL9nvo3W%C3%81mOrhCcMUFUsEVysqZ2H4DpUcyRhIHgQk%3D/,2019,,,,,,,,,,
4449015019,https://publicaccess.ci.malibu.ca.us/onbase-portal/api/Document/AXUgm4l%C3%89sbVunNH43FRqeYTaty19oIZMT9E2%C3%89mn2St2GpvV3lIMOwylef0tVEMBOcXWJaluM8P%C3%81Mqe6GAW3DrFY%3D/,2025,https://publicaccess.ci.malibu.ca.us/onbase-portal/api/Document/AUnDgUVGnx9%C3%89aNuZwqnnJfujQREMmBkiBZ%C3%89jdyaXNcqwrqDBPhTEGe7m9dfZb49nbKAL4yAD1%C3%89ckpo2tyRcJ0GU%3D/,2016,https://publicaccess.ci.malibu.ca.us/onbase-portal/api/Document/AWXR913TspMFrlCObA%C3%89rGjxkOT1VeJhxBeCxGylLhwrgUaxrZv4Z966KtWZ9%C3%81q8eJvt40Jfnl%C3%81iqu8MVAcaL9g0%3D/,2002,,,,,,
4449015020,https://publicaccess.ci.malibu.ca.us/onbase-portal/api/Document/AYi2bYNGOkHinG1oNJESpzgU%C3%81br%C3%81U61LUi4E4VvlpTD3rm%C3%89u7RZxiDE82R0OHaxzNIukGE554fDi%C3%89gqnb99C1xM%3D/,1994,https://publicaccess.ci.malibu.ca.us/onbase-portal/api/Document/AThqLFWWTyd7jItz9ZjxCZtvt8kQMmmJi94oA4VEIIpZ4D9FzcoTOEPUOSeE7xItk%C3%89tySZxitVfIVCUwtr3RSAM%3D/,1994,,,,,,,,
4449015023,https://publicaccess.ci.malibu.ca.us/onbase-portal/api/Document/AWQwT0Fm%C3%81WH8lLpCNx6ntkEZ2tBRF79hhWFG5xH9vWsvhmEIDy4rPhDr0haKaeLyFL4Pzap20jPsY7INiQcf768%3D/,1981,,,,,,,,,,
4449016001,https://publicaccess.ci.malibu.ca.us/onbase-portal/api/Document/Aam9YXUW6rP0N%C3%89unpATXqISfHyHgxZ9aF95LeNyOFS%C3%81Ezlpd5q8C4Xi6ZhYwVSqZqnwxEZwWowK1OuQqwqHGxg0%3D/,2005,https://publicaccess.ci.malibu.ca.us/onbase-portal/api/Document/AUToThIAs8poeOTvz%C3%81pUCa4Ac%C3%81w8Lv%C3%89Ik0Vfxop3CQVNU7Ec48UBVZW6lZGdoA2NAU%C3%89k%C3%89RV5t%C3%819jYiXEty1KpqA%3D/,2005,,,,,,,,
4449016002,https://publicaccess.ci.malibu.ca.us/onbase-portal/api/Document/Acz%C3%89yyRyCrj073sZUWayAzXRDlhJZqvqfpMN9P3XdaicaFG4mWBJSbPvQ5R1jAtICiWKVRZtSUGYuyohLn9CUkQ%3D/,1967,,,,,,,,,,
4449016003,https://publicaccess.ci.malibu.ca.us/onbase-portal/api/Document/Aa85p2pwcAljlmzX8OiFOoXtH%C3%81LLGmcXf2MBgipxbprxRDiDFczIhq9cTfKP2FKli91vxbXOy4GbNcdO2NqrIdk%3D/,2001,https://publicaccess.ci.malibu.ca.us/onbase-portal/api/Document/AWBDLCJobRhpsaYi5FAykXxGBW0LpfMsM%C3%89L2awfbCUEnj%C3%892VB7R9FeiMkBX3QIk%C3%89HCW0BEzGF6znY%C3%81B%C3%81o2CTV14%3D/,2000,https://publicaccess.ci.malibu.ca.us/onbase-portal/api/Document/AWzqgRbEToC%C3%81rzJQL179mJJ0i6k3eC0QAx2QY1LhqDjaSSFuiT%C3%81P%C3%89SBYVGqG2AOSRFBz2fKXHMMBhpiM%C3%818kGmkw%3D/,1999,,,,,,
4449016004,https://publicaccess.ci.malibu.ca.us/onbase-portal/api/Document/AaHwvs1rjgIqjzmhGJMMRFljhDjFWGaxR93%C3%898uew2QGQpr1Nf2vgHjwFO%C3%81VkbxqFYbJCOuWp8eq0YfV4cVOuJYw%3D/,1997,https://publicaccess.ci.malibu.ca.us/onbase-portal/api/Document/AaXL9iA5nqFk%C3%89JpncpZ1tReAY7FUj1YIJYv6sQJF%C3%812yTlFoMidz58nUM%C3%89IgIazxqT1cg9TxTJpdbHWhG62mqEgY%3D/,1995,https://publicaccess.ci.malibu.ca.us/onbase-portal/api/Document/Ab%C3%890T6Y5sPsbBcmT1VIvQQcQSWH%C3%81PMgZgdHx6s5uSqhNPZ29%C3%81zPe8I%C3%89ohc9gfT3uV6cw7DiR6ewGAXm0G8pBa4Y%3D/,1995,,,,,,
4449016005,https://publicaccess.ci.malibu.ca.us/onbase-portal/api/Document/AXHau%C3%81C%C3%81bjtVGZz8lrOsHVQmYqW2af6tfBhUtVkj%C3%81GzVO0YlylEjQReNkjT3RnpbaHtnLZZpGXh6yp6Z%C3%81zqouvM%3D/,2019,https://publicaccess.ci.malibu.ca.us/onbase-portal/api/Document/ASMyWZ%C3%81cRUkRZL7VzIYBASP54UTTv1VPmeKamp747CA%C3%89Gy0aaMdOTlSaM10bAEgBi8Ixh36tR%C3%89SGDpUiYZswsAI%3D/,2019,https://publicaccess.ci.malibu.ca.us/onbase-portal/api/Document/Ae3E1TvNQo4Mje3nbVdl5vN5uXZa9UTc4pu%C3%81vGDi3R4Tdz8zvHiW4NesbU4JF56Y3Ewt%C3%812CJXs5g2ssFJl5zj0g%3D/,2010,,,,,,
4449016006,https://publicaccess.ci.malibu.ca.us/onbase-portal/api/Document/AXUAW4CIiCgTHeUy40ub%C3%89RaEMWd7Dsr3xnGjr%C3%81an%C3%89yU9QHtdcxuOG0sqkL%C3%89uJocsq3Pv3pmh3X21zRl87xZ1%C3%89UY%3D/,2006,https://publicaccess.ci.malibu.ca.us/onbase-portal/api/Document/AWrEltqDtvoFLyY%C3%89fQe74uPv53za1Igp6nNsywT0NEuBQkJkf%C3%81RZSHRvEwSNtQNcW1gFRh0tBVH2qPM7ouvbXpU%3D/,2006,https://publicaccess.ci.malibu.ca.us/onbase-portal/api/Document/AUKcAGJpgevZJHbgT4LIdk7T%C3%89rEg6Rttdrh5QdAWSr8TGXl6wU6NONsSkZ7S1344PedGixo9zH3rWkQdu9%C3%81W9K4%3D/,2006,,,,,,
4449016008,https://publicaccess.ci.malibu.ca.us/onbase-portal/api/Document/AZqeKiF0ZTnjoF5AriGzIiVwGWY2xj%C3%81rRQ%C3%81RVmRfdWbr7f8iSlE9z7b9NFZGl1O%C3%81OMoJGpOejS%C3%891CezqhRuR22c%3D/,1982,https://publicaccess.ci.malibu.ca.us/onbase-portal/api/Document/AZ5gJqFWzVEzl80kou6oFuMvI8%C3%89RiD0iqihXhVn0Oj6vTtNZo0czAdfPFS84CAGXoNONtdG0OLGD6VpzM28ehBU%3D/,1982,,,,,,,,
4450001024,https://publicaccess.ci.malibu.ca.us/onbase-portal/api/Document/AYw1E6oHADMvhUNh%C3%81X0Jwb1FGjDF6bfpxWzmMISnPj6x1CcjOeOWojmxT%C3%81WbUsopVa0aiwd4%C3%81upEY5PvKKA0dVo%3D/,2005,https://publicaccess.ci.malibu.ca.us/onbase-portal/api/Document/AdhZMrzxT%C3%89kSDTZcsr6u%C3%81v3jcerXvqEJZHwUHp3zb45eMQsmawxLCzsQdP%C3%81c8YVKgOh0gITV9LmGqwVX1iLLjCM%3D/,2005,https://publicaccess.ci.malibu.ca.us/onbase-portal/api/Document/AeZr531teLEaPRF34M%C3%814MI5nlrHb5DOJkNYZbwfyQ00ifJrfqwSQGMTS%C3%89b9aHtpvXjTzvueAny%C3%81QCg2pilSg3zg%3D/,2005,,,,,,
4450001026,https://publicaccess.ci.malibu.ca.us/onbase-portal/api/Document/AZ1%C3%89tnkAvFxIdV05xJK%C3%89plmQ1fe9dMjt9gswlZ39lo9i0qt9SRzxPUD%C3%898zB9G8JoWknw3gam5NIonIHcv5bI7KI%3D/,1984,,,,,,,,,,
4450001027,https://publicaccess.ci.malibu.ca.us/onbase-portal/api/Document/ATidzVmpKiW75id9%C3%81aJcYUeM%C3%81xKCx6DwP3FdOIL4ekyE0nObTwmdluCVuwctZdN4Tq1pu8gdxxvilZsM8%C3%812zBwk%3D/,2004,https://publicaccess.ci.malibu.ca.us/onbase-portal/api/Document/AZViqA5MANzBS1zhZB3XX5FVdmMsy%C3%89M9lJlG81xE1gFZ1fkVbJFL%C3%896cZ9l6QEK%C3%89naQ8RP659xPtmo8ueW4oLZkA%3D/,2004,https://publicaccess.ci.malibu.ca.us/onbase-portal/api/Document/AYy1zGdOQYobSrxebo8b9azVYA1PvnKfStJvS3CVrs5GjyRKyJ5rprte1W7DbaD8cYw66Wa%C3%81Tu39hfTDN0cH2J0%3D/,2004,,,,,,
4450001031,https://publicaccess.ci.malibu.ca.us/onbase-portal/api/Document/AepWdlp1c6YzBy%C3%8956qNyNCMPKQBesAPkUw8gZ3Yj%C3%81UAGSHkL2Fp4aAvOydsOC84mauxMXI449FIBp%C3%81HInVCbrRU%3D/,2000,https://publicaccess.ci.malibu.ca.us/onbase-portal/api/Document/ASQ4uafJq7i8WCLdGlt4DaqYv3oa9y1XI8FYtD%C3%81L07VkXWXfiD8rPbDNsmMhA4DxDm9CcTScNAFaRbQaaV6iTIE%3D/,2000,https://publicaccess.ci.malibu.ca.us/onbase-portal/api/Document/AeoPWNZXKRysvDZvIrdrUiIcUutEUhjDGpHSsFojVq2Hf1LQ7RNB6mpV3iRf05CNfCSFV4MU6wFqMX0QN1zUG2o%3D/,1995,,,,,,
4450001033,https://publicaccess.ci.malibu.ca.us/onbase-portal/api/Document/AUeATDVMnqaruzr%C3%81D%C3%897U35qrbwC86YK7PZdmyrz91PoXMN4qAtb6ZWGZJnodUcCGZ9t86D2MAe%C3%89N%C3%89XhcN8ilLgc%3D/,2025,,,,,,,,,,
4450001034,https://publicaccess.ci.malibu.ca.us/onbase-portal/api/Document/ARaSX6cnV3QE%C3%89pX8Jf7JiNj1MqZuadpOP%C3%81u8JDE4fk1LZSXgrTQ9RXr3YT%C3%89TPlpq%C3%81RUY6QBd0gq9SCf8PsrCSsY%3D/,2025,https://publicaccess.ci.malibu.ca.us/onbase-portal/api/Document/ATYbUoIfDYzzvQA2wdOtDFXNsRxWcCcpVJyjAarOHLlswOe1ngDpjyCBfTALR8uGs1FlmUgEF2tN8lkAQxC%C3%89lDU%3D/,1985,https://publicaccess.ci.malibu.ca.us/onbase-portal/api/Document/AT7YGcpLpSVtkdkeI9oXNo1vrap0WxFsg7Nwiw59ofjUN6oysy%C3%81kGLghDGB3nIDmRaKdeU7nr9bjMglMLqrOAOY%3D/,1984,,,,,,
4450001036,https://publicaccess.ci.malibu.ca.us/onbase-portal/api/Document/AWUOpj%C3%81S3aC8%C3%892Tg4hNaz0zVbPzriTzjxsGKdMbRRIkk5cZ27F6aFNsfyV9G0dTPPUGsA%C3%89Pun97bNcay1GJLSoY%3D/,1997,,,,,,,,,,
4450001037,,,,,,,https://publicaccess.ci.malibu.ca.us/onbase-portal/api/Document/AcOv31QYDXrjL0dFfEu6CvAc48GvcoPDuRkLtpMGxWEySJMHSdx66NuRl988vOhLlOvgujX8qEIWnsQDbzC8zJM%3D/,1999,https://publicaccess.ci.malibu.ca.us/onbase-portal/api/Document/ATR9d47K1w5Jo8vTf5mHdhCWpRnP0mbcj%C3%89SFY0h53n%C3%81EFSczu9nUf3zXU%C3%81GqMw0sUwIx%C3%89lQO34AFv4doV7JaEGo%3D/,1998,https://publicaccess.ci.malibu.ca.us/onbase-portal/api/Document/AXH4OCHjrrL8d9SkjFb4pvfRWC0je4i%C3%811EYcp9bPM%C3%89ovvtsAiSLWMPoAcrG5cxfG%C3%89x6C%C3%893eSEE501p%C3%89PEBzG0Qg%3D/,1998
4450001038,,,,,,,https://publicaccess.ci.malibu.ca.us/onbase-portal/api/Document/AePO5tn2FOKFSv32St8nDQugLwk%C3%81Crh6S5%C3%89gJudHnRpPcdjl2jRlg%C3%81UMFfPr%C3%81ifqIeVHf3TPKUhZzlCGRVQapbU%3D/,2022,,,,
4450001042,https://publicaccess.ci.malibu.ca.us/onbase-portal/api/Document/AbR%C3%81bpMWzC2BSQYH2mCbaYEXOcmBlL%C3%81%C3%89QsRPokY0MURzSiAeTKF3EXIxjHrkvTgKtQWgzcthu2KNKK%C3%81iG6yEGS4%3D/,1983,,,,,,,,,,
4450001044,https://publicaccess.ci.malibu.ca.us/onbase-portal/api/Document/ARnCPRZjAmc57dR2u8%C3%89Kb1seCWLOdRm8zZfema1p1pA8k%C3%89Mm%C3%81NXTUgjdVKwUyfgWHsTqbfplda3ikkjmWd3LXL8%3D/,2002,https://publicaccess.ci.malibu.ca.us/onbase-portal/api/Document/AQOumw%C3%81T8JYW4fjN6JjgbIewGLwzEMNoOKopFLGf0hNm3t07tOxTT3yC%C3%81MgASH9IAdfZyFpaRqm6qTutItC2AfE%3D/,1999,https://publicaccess.ci.malibu.ca.us/onbase-portal/api/Document/AdGcE692WX7rw3ieVsoMterR%C3%89MJiORZOXQ7SKXZhinrA%C3%89snftFeeJCHvvlwyD9M2zpJe%C3%899IJyx36a4L1vG2uU4A%3D/,1998,,,,,,
4450001900,https://publicaccess.ci.malibu.ca.us/onbase-portal/api/Document/AZqFEwHqJGIcrmn00GcWFWT1ctVKrBnRI3ICcHKl%C3%81bUYH3lCduZ4Vw5P2memDg8qcyIFrQDIuFJUy0glRROeZo0%3D/,1999,https://publicaccess.ci.malibu.ca.us/onbase-portal/api/Document/AStdhS28%C3%81z%C3%89E98GqgxvU4uZwyotT7R8Nd2MrSCGJHMYNNd09aTqzuxEyVsEW6qx7WrfMefIxq5dMRSk4%C3%89EEdmWk%3D/,1999,https://publicaccess.ci.malibu.ca.us/onbase-portal/api/Document/AT9JNHEoZh%C3%81OLsB6n8g%C3%89Yx5reP8Zhmrm%C3%81LAiogNUJVB7ELRDudyRpTIXL%C3%81ugY1M20X7W%C3%81zVnDyxAEI%C3%81j9zYvlzU%3D/,1999,,,,,,
4450001902,https://publicaccess.ci.malibu.ca.us/onbase-portal/api/Document/ASLiqB6aU7Jk%C3%81Q3qEpqAWh4n8fbVKepq6QbiTMTGr05eG1LN21bFueVhMA9EPGcIEuEWxW3rYyEUGV%C3%813v3sLhQ0%3D/,2006,,,,,https://publicaccess.ci.malibu.ca.us/onbase-portal/api/Document/AYsKWY%C3%81K8ylfjHAiAm9%C3%81iIqLmFJDvOxjDj33WRkB2SZXDPYWkaYSM6Nm610%C3%810Yhn1wwaLi6monbjwbJNRYVkFwE%3D/,2006,,,,
4450002038,https://publicaccess.ci.malibu.ca.us/onbase-portal/api/Document/AWgIzYrqLLwbAiDdj5164cv3HHESH9yAef%C3%81vkVLv4fQjQ065tUsHtZ7JgHqT77MzN6002OQw%C3%89F31ShVZgxGh4E4%3D/,2018,https://publicaccess.ci.malibu.ca.us/onbase-portal/api/Document/ARxABq2l49RbZavPUZxgIJqRQaZcbSJ9KGVJZnwwAYiHI6WPLfIK7PqwEMjqf%C3%89G0s5Jb51%C3%81Zsd4EK3z6neE6bMM%3D/,2018,https://publicaccess.ci.malibu.ca.us/onbase-portal/api/Document/AVKKJ8gs0BLvq8huCdPrEyySTqPPbGXcK0T1QJ5rYfUevemAe1Ndbi1NQpgJ20KSuToN5PnVx2szbD8R4suUd%C3%898%3D/,2018,https://publicaccess.ci.malibu.ca.us/onbase-portal/api/Document/Aeyr9gdm5005L%C3%89Dc2O1ufj6VK%C3%817KuR%C3%81AttjihlHYqEF6NS5lIm9Q8Jll7qMRhFGLnE0KtA94VPmQrAzM81AAEEs%3D/,2018,https://publicaccess.ci.malibu.ca.us/onbase-portal/api/Document/AcShPvbamHGlBEV5RbT9fjLREsgHlok%C3%81aMN2pCCOXzRBl8kWvM3KYPENpt4c7sHJAcasKNatM6ICBmK8Nf67x9Q%3D/,2017,https://publicaccess.ci.malibu.ca.us/onbase-portal/api/Document/AcKeoeilOvmmJSx3xDPRwmk0Omz%C3%81i%C3%81UCl898zrRkq7CXiaRafsqE9TFnWvRtS2fqmth0CxfP9i5QBG1h332Yz3k%3D/,2016
4450002040,https://publicaccess.ci.malibu.ca.us/onbase-portal/api/Document/ASCmfrVTysHjTTqeVD%C3%89%C3%81ju4HiXuzON90b9CwLQMOH8aiQjLBXU%C3%89%C3%81T2fiRHt97Tpf3m8%C3%89Do4bysM%C3%89JuJMWaXxgmY%3D/,2005,https://publicaccess.ci.malibu.ca.us/onbase-portal/api/Document/AbfXlKRmcq17QsN7UA5gY%C3%89soKnJro1o%C3%81jLfv6xzGSgTtXkzFuG77Q9qgawHYieEwPxSWkk8B6IKkvhMkJLUcg5M%3D/,2005,,,https://publicaccess.ci.malibu.ca.us/onbase-portal/api/Document/ATCYBoYWK26MsIw9Yvt3%C3%89O3XfEDV%C3%89gyRamYYiKktlTL18%C3%81CItRF3sE7oNI1VfcWtAX%C3%89yJBcZA%C3%817vUWl2fjn84a0%3D/,2019,https://publicaccess.ci.malibu.ca.us/onbase-portal/api/Document/AdBaevYzAhFoWpgufgnuiUV%C3%89h25xmvtkRdpvCLUjAK3sneHjeCZXZ7qSq8ZQyLHIcp0300SNr0u1LTn9Knt8JG0%3D/,2019,https://publicaccess.ci.malibu.ca.us/onbase-portal/api/Document/Ac3Y2PYUCI4GoW7sLG%C3%89%C3%894QQF7vFYoeI%C3%899GW2U7RiJUrQLL1CAxUmAmU5K560zdwHEIDClGAeQRI5X4n3D4%C3%81KL84%3D/,2017
4450002043,https://publicaccess.ci.malibu.ca.us/onbase-portal/api/Document/AQdUUnpnH3YPfDPF7E8IVjYcYMS1dHHyLG1X%C3%81J28cuxrkhKdhH7tIoONfY0THtFlt19849EEjI%C3%89wZ%C3%89Xk5ULhemI%3D/,1977,,,,,,,,,,
4450002047,https://publicaccess.ci.malibu.ca.us/onbase-portal/api/Document/AfE8ISlmPMqyDXfUUtlmDZKLkII1JkJe27RjZVd6zdxIGwPYaxxv4fYK0mcen5PfTjKR5mFMDoEzrILtVvBovjU%3D/,2016,https://publicaccess.ci.malibu.ca.us/onbase-portal/api/Document/AW35jYjO5q%C3%89bgE%C3%81IRqJK8qLZyRVnSSrmXLGEQVXnL1Zhi3NwtnHPzzzGd%C3%81c%C3%898Hl4FWBeQ3DWLGNVTuXw5%C3%817mVQI%3D/,2015,https://publicaccess.ci.malibu.ca.us/onbase-portal/api/Document/Af%C3%819McK8nQ0QNULMR21wHQx8j731DC%C3%81cOyolECc1oNk1TNEupV39kzVcaUpGadXt7Z2LNN4ZqATozNJaAqUQjzY%3D/,2015,https://publicaccess.ci.malibu.ca.us/onbase-portal/api/Document/AbebT9aEcVls1r2PnjZDxGm3KNdOBaSutjkuGLif1MSBsat7MHXXf5DUHpOXnpbEjAtAXmNm%C3%813f7mfGMyhpUV5Y%3D/,2016,https://publicaccess.ci.malibu.ca.us/onbase-portal/api/Document/ARHSPdrcIAOyQkbGYNnldqikVJBACJqGsiSZDcU%C3%89zo2l8Ex6ZDQW2UdSQddsP7EuHQ4uXui1lfTGdri4Sih8lU0%3D/,2015,https://publicaccess.ci.malibu.ca.us/onbase-portal/api/Document/AfV%C3%89EO%C3%897nzBx%C3%81Mp2LfyltGeVEBkv3gqB1Yi3wyF5tmWh5BkfcEj%C3%81Y2D7hfORrbaRyiX2ADMNkNszvnnLoHESUt8%3D/,2014
4450002049,https://publicaccess.ci.malibu.ca.us/onbase-portal/api/Document/AcbZDPO5B0DWtTTuhCvEi9rNXMTO7bQj1VTKw83mEfWlzhuG7nuK%C3%89UeGb30hQ8uwDJVU%C3%81x54N0UfTbhzDFnB0o0%3D/,2005,https://publicaccess.ci.malibu.ca.us/onbase-portal/api/Document/ARBe9dWdFa1sMi%C3%81bP1KFR%C3%81u4q8kO4VFqK19KAuMhbno7wFJLL1npItgpqHT2f%C3%89iUZnmVBAzwS7w%C3%81e6rdT1KcPIY%3D/,2005,https://publicaccess.ci.malibu.ca.us/onbase-portal/api/Document/AUsuIGp0LU2hiPnI%C3%89jobYidkxoRqyvg5kfPWmPE7ahKzHWsRZh2qpDkBQdlZHvJFT0vUknjL8M1kHXd3oB9QXyU%3D/,2005,,,,,,
4450002050,https://publicaccess.ci.malibu.ca.us/onbase-portal/api/Document/AVGdCJM0Ks70XzRgNjDYUFC7X29FgkJfog9oRddKo2odnTAlnijtnhNSgyNS5KJM%C3%81b2RlpE1KDwME0qulZmxgic%3D/,2009,https://publicaccess.ci.malibu.ca.us/onbase-portal/api/Document/AdVJHMbQS3SFdf2sxbXsfD5rQHObOljj4ZJpFS3Kk3EsaMKWLggPifJO6bBstyHJP1u2WiMnTb1V04gDw5TpiZE%3D/,2008,https://publicaccess.ci.malibu.ca.us/onbase-portal/api/Document/Ad8rZEcWS8gP%C3%89%C3%8900xVGJtzShUVD1h4Q3Jz5B9pGoRRUCAts4mEkmfZGYK3mpYd9VpUjeIK8wDPkd0jfzWqTuRxQ%3D/,2007,,,,,,
4450002051,https://publicaccess.ci.malibu.ca.us/onbase-portal/api/Document/AUGjoZzbtBau1RfRVEXhJuWMKyZEDgCno9%C3%81%C3%89s3WT%C3%81kkcN5DcUVb0mkAtT272KJtCWD2oT%C3%8164WmsZLoigpuL5uAA%3D/,2009,https://publicaccess.ci.malibu.ca.us/onbase-portal/api/Document/AbyaO2KRwStm7Ex9eMrHjXjXFDB1YrR3hTBE37A8L8kxmHfRKc77ZxPfl7kuuG9tVRYKrgWsN6bbRX%C3%89vf%C3%81JCGJQ%3D/,2008,https://publicaccess.ci.malibu.ca.us/onbase-portal/api/Document/AfC8U52aUIWce%C3%89JMbWJn6mgrBDwdpJswye0bYe81pmDUG3QId1gqpSNjo5aQ5qHG2pRmfUmCQGTTxZOicJKSfxg%3D/,2007,,,,,,
4450002052,https://publicaccess.ci.malibu.ca.us/onbase-portal/api/Document/Aeygx3k1RPw51aqfkYr%C3%89E5uKSH%C3%89rdIr7Gs7s43%C3%898eTNpRMqLDq8DX%C3%81o3Usx3%C3%81FyDsElDOAaca%C3%89%C3%89qZ9HgdL%C3%89NDl8%3D/,2006,https://publicaccess.ci.malibu.ca.us/onbase-portal/api/Document/ATmwyMDYtdzlYH9sId%C3%81Z%C3%81mYfrO6LvyqMLsghOD3giUobDGgSCP3olu%C3%81OWZuaEbkB9e0KvdelgtptRsBf7E5JZ98%3D/,2006,https://publicaccess.ci.malibu.ca.us/onbase-portal/api/Document/AaNpJyKLk0J6DQ11ugK0ZrY4Np9CZIIx4uVGr9lnbCFxIjL22IZW0G6Abiq2zN0y57uAEBkganGt%C3%89DQKj9AexOg%3D/,1990,,,,,,
4450002053,https://publicaccess.ci.malibu.ca.us/onbase-portal/api/Document/Adhk3Lz9U7BMY7oeM4N4MX%C3%81WzLY3O%C3%89fIl6oPl7DGFzW20GgDbqBrxZldevru2ZnmVaaIV8F%C3%81s1z4dJutvheiwws%3D/,2001,https://publicaccess.ci.malibu.ca.us/onbase-portal/api/Document/Abl7FgyuW4%C3%81fCnyTjvm%C3%89c%C3%813KcxTLNW1QgemkkrbIfYKQXzb90BvY%C3%81cJayiGnujWA8wXY5Kq%C3%89iV%C3%81YQ5SrZIME5TY%3D/,2001,https://publicaccess.ci.malibu.ca.us/onbase-portal/api/Document/AUtSKRZ5cFuVLL2dFzcGvFksYFLcKa%C3%81Uo0HWqhz7SL5q1AQjBaRVW8MX8Nc7o8QBRqbYl8MAvQ4mpoIRuFROah0%3D/,2000,,,,,,
4450003012,https://publicaccess.ci.malibu.ca.us/onbase-portal/api/Document/Ael6Xd5UD6Hv%C3%81rGFM6vyZIYSfocS%C3%89BZOXDQaoeSw9%C3%89ph73gHkdy9WT1NXI%C3%81BW%C3%81AshbZZa66%C3%89FxSWu7f%C3%89xGDh80A%3D/,2017,https://publicaccess.ci.malibu.ca.us/onbase-portal/api/Document/ASNV%C3%81UubvcyYmdtplfJLo3YiTe%C3%81y01JggQxSGDd9rCI9Q1iP5r0ksBEE0L97CF3vsn7FqrSbY%C3%81NEaeLrlUjgT4E%3D/,2017,https://publicaccess.ci.malibu.ca.us/onbase-portal/api/Document/AfD5tem0wFogfnAONpq1TSFo6HIqeHoXNypQ%C3%89yfTLjatyxGy%C3%89SwWHnQ8z9VD0Yx9fHKzAtEMLY%C3%89MkZRUhB9Vd7M%3D/,2017,https://publicaccess.ci.malibu.ca.us/onbase-portal/api/Document/AS7hQamRKc5KW2YOatL6VB7qqxTOTIK9%C3%89xBetXpP6yjKXCWRLbeUhvbWZqMofS6gfL3HLbm1kI2J%C3%89HOlxiekKWc%3D/,2020,https://publicaccess.ci.malibu.ca.us/onbase-portal/api/Document/Ab3TN0U%C3%89zK28CB6jBhp11x5AWFhIKAwLnVA94BWpWQkUuYofXcy2qH2wQQch7mQy5mAxI%C3%89%C3%81OkexMn%C3%81%C3%89FGJKfeJc%3D/,2015,https://publicaccess.ci.malibu.ca.us/onbase-portal/api/Document/AS%C3%89%C3%81vDGoBTLXxaHJQvLpl3XU7dl6NG1vsz%C3%81ioLvQ98yUh4dt2ie17mm5ht7k%C3%89RWC5Wejo1k0gnwZnE7zZoGCb%C3%81I%3D/,2015
4450003016,https://publicaccess.ci.malibu.ca.us/onbase-portal/api/Document/AfYqjRWvA3zIHqJ%C3%81wNEhdmXxFZGjP0yhhabikEMafkH695u7FX4nBS44cxfr04Mg9i8sjW9M%C3%89lQKqtnZdfuFxjg%3D/,2011,https://publicaccess.ci.malibu.ca.us/onbase-portal/api/Document/AUlo5dDT%C3%81tUU9QQI0TFt3XtHNmpt7r%C3%89YJkarOxm3zgqzFM9LQHxQ2aDlUFnEa49mK6nlgp8LpcBoJTx%C3%89wa0SAKM%3D/,2002,https://publicaccess.ci.malibu.ca.us/onbase-portal/api/Document/AVRgMWeC%C3%81GtBUJyIYbx0Lx0ZoYOFx5efJyRa2j%C3%89ls3DB6U5tT1cyxf%C3%89a0JRwTOVXM37bZhZ1Cdem91OZSvTVk8s%3D/,2002,,,,,,
4450003017,https://publicaccess.ci.malibu.ca.us/onbase-portal/api/Document/AdlGZeNM1SoKLDyf3r2Nooi8sW4d6t90pd2ljAEBWBI4XQhxBWh%C3%89IEnM%C3%81uW%C3%81ydwm8Z%C3%89lafAYdt1XcnJudtiDhhw%3D/,1987,https://publicaccess.ci.malibu.ca.us/onbase-portal/api/Document/AUk0rfjQXI%C3%89UcqqG5dkbq5%C3%811kHlmCTtYE%C3%81ZWx2LCDY1FZnHE5SXUNucsyKZwAsEiszC4t1lJ3rc7XIdtbYekgMU%3D/,1987,https://publicaccess.ci.malibu.ca.us/onbase-portal/api/Document/AaNJLlcXTfV9CX4BC0mrKWMs%C3%89O%C3%81rWrCxtnmD%C3%810DSB72pSxGZ5KUe0l1V%C3%89%C3%89DtY34JRCSrKBLErPcVAlkgoaqaOt8%3D/,1987,,,,,,
4450003018,https://publicaccess.ci.malibu.ca.us/onbase-portal/api/Document/Aeg6atK%C3%81DaYUNa6%C3%81Kz6%C3%89Bb8pimGe2E6sxymHvLBH6g%C3%81rJGVrjZDp8DRTCEIkTDQf9Za1M%C3%898%C3%89ABmpWzIJQBJqA%C3%89g%3D/,1995,https://publicaccess.ci.malibu.ca.us/onbase-portal/api/Document/AXy9KO62jkqQ%C3%89ZEgIA1sXPTWN6b3zoGANNT8UnKz1AcOgSbmeStws4uYOZDfmQDuh041hQfEJhPUPD2ascGEXhs%3D/,1982,,,,,,,,
4450004028,https://publicaccess.ci.malibu.ca.us/onbase-portal/api/Document/Ae9Z9xQcoY%C3%81gRDe65F5u%C3%81f317sPzoeDuGbTkfxLM9AwSeUpUrguKjgZdJNP34pjhKjSGMAtDnalgB59jtAPya7M%3D/,1962,,,,,,,,,,
4450004029,https://publicaccess.ci.malibu.ca.us/onbase-portal/api/Document/AWvi%C3%813eZpT9HRnuBGSk%C3%89Sc31QPsvlfK2%C3%81fm9j7wuLE6%C3%81uyzUwmwF4X2mmzcZ08pz6cA382FDe66PUXR2Dg1EOAs%3D/,2016,https://publicaccess.ci.malibu.ca.us/onbase-portal/api/Document/AdCFEOMMCAFOdRUB8P1Z6H1oTNLHa713%C3%89s86EcpwcDkkNuls%C3%816ODBqC5GasrVqSTyyr09afPua4WYhJmh9sQ%C3%89Rc%3D/,2012,https://publicaccess.ci.malibu.ca.us/onbase-portal/api/Document/AWLjHliS%C3%89QMjkfSXbqomvGPVbl4365sT122goTescUPKcwyWNfl2pXtDKF3T%C3%89Sd%C3%81MxKytaKP2xYPtZXype6w%C3%81fA%3D/,2009,https://publicaccess.ci.malibu.ca.us/onbase-portal/api/Document/AZe8H3kIKcS1ThwBoZ%C3%81LzpaPL3FpfbcJAuQ3H%C3%81NR%C3%89mIcZCSo3nPMstfweXvV8hVKlwgS4Hx2eAFy%C3%81FV3PI7UE7Y%3D/,2016,https://publicaccess.ci.malibu.ca.us/onbase-portal/api/Document/Ac5ZSSICyG%C3%81tEE9HTWNQOdiBqjXh85S0eRQrjsdz9X89MzRch9dABY115ZPkhpkQQc9GFTppCTt5odlBHetA94c%3D/,2016,https://publicaccess.ci.malibu.ca.us/onbase-portal/api/Document/AZ99VRaOe1AbqOqgQMmFbJRdaWH2HuH%C3%891irLojxOujISgvPZk5lZH5C7JLM8a3e%C3%810QNwQ2sE4Wl8liv%C3%899y4SMTU%3D/,2016
4450004032,,,,,,,https://publicaccess.ci.malibu.ca.us/onbase-portal/api/Document/Ab0X3XLYWeQS7CSu9xYvIf45HSc2GrSpiJ%C3%81y%C3%89a36Mm3cqOq9%C3%81xedZkPfnnY9Nf1gpwGNGY2hYvfsoAs3GqG7Q98%3D/,2016,https://publicaccess.ci.malibu.ca.us/onbase-portal/api/Document/AbLiCKisQpyQN3QPKwa2uJKUHntnTzh5N%C3%819Ds33T8F4%C3%89DwsDlP7t%C3%89py%C3%81TAGE94vGkiJ%C3%89ctcFNcmdy4V7fmUA8q0%3D/,2016,,
4450004033,https://publicaccess.ci.malibu.ca.us/onbase-portal/api/Document/ASLnoUoGQO3%C3%89dC6fIarE8tWgQVHIprzS4bTLQkS9wIr5PIWaGauqO%C3%89rJIkYoDJgUTcqMLC8A7zOMNWXAXFAG9Cs%3D/,1985,https://publicaccess.ci.malibu.ca.us/onbase-portal/api/Document/AQHmj3kK%C3%89oKN%C3%81ge4C4VnZ1xEjmg8%C3%89HkzlitlfV35uQ9pyCSYFsHkdvNIb4juZkrHWAQvLIe4%C3%81PeQSqU8iaNeOGs%3D/,1984,https://publicaccess.ci.malibu.ca.us/onbase-portal/api/Document/AXsksbqIW%C3%81D48lKMv4daf9cKISKVRwCWeJril6HlJjK%C3%81Nx6xeHJAuBRE%C3%89%C3%89om8kY6AkiolExNf3lQHZfPKz7pqxM%3D/,1984,,,,,,
4450004035,https://publicaccess.ci.malibu.ca.us/onbase-portal/api/Document/Ad94Pzmp1He%C3%89Bjzmkk1bwiANr4CpFpdmXhdJxCLfmBs75Lz9nJH0mykagojPKrJVJdWhOit3zJiNPJlgUOD3G2Y%3D/,2014,https://publicaccess.ci.malibu.ca.us/onbase-portal/api/Document/AcIiRaF0cB9OXzR7QgUo2hg%C3%81PMZHmF0VdJRfG2V6USMWn7BnbvuMUzTaTCdQp8V1YUvuHwDvn27M8rcZhPlTqN4%3D/,2014,,,https://publicaccess.ci.malibu.ca.us/onbase-portal/api/Document/AQI2eA75aY4SMz4nO31CwwKFhL6MtGzNonWLTN%C3%819SQmZMV%C3%81j5UPXIyptNRMaX0DHgqE5hb2LkGGYPGEfNRDi5s4%3D/,2014,,,,
4450004036,https://publicaccess.ci.malibu.ca.us/onbase-portal/api/Document/AbubCey3DY8FYWkcf1IK%C3%81fhBhvvGdTl1OJpB1uax%C3%81avKt%C3%89%C3%81Wtnu%C3%89Uv7tq%C3%89gjptC686cJhaItTIq29%C3%89f5oinH5dM%3D/,2009,https://publicaccess.ci.malibu.ca.us/onbase-portal/api/Document/AXfIfSCMIhuI3FNYx2paeHhT1GwCswY4QWd0zH1UvuZwO4LMu6heLCb%C3%89klPs6cJVUVmFUglG1B4O5FLZylbr4tg%3D/,2009,,,,,,,,
4450005040,https://publicaccess.ci.malibu.ca.us/onbase-portal/api/Document/AdaRmPohodrZg90Q8wI56h%C3%891XjzqC%C3%89ryab62U9%C3%89SctFWJqdf6b9o0zm%C3%89MCw8BxSLCFhtIwcxahQowjpwWdnQo80%3D/,2016,https://publicaccess.ci.malibu.ca.us/onbase-portal/api/Document/AdWXxTnPDS4ni%C3%81RitdzCi%C3%891pezcM8AL1cb8DDAisuzxxSo0FpvllkhqM01iO4m7XVq07sasNjO2MgBMYDpdC7mc%3D/,2015,https://publicaccess.ci.malibu.ca.us/onbase-portal/api/Document/AQKbyXrkhrHxslfPHmD4VF%C3%89y2C%C3%89saRv4jEY5q0hb6SsIO6jBFo8c0ofvgwJzktFW45%C3%89v%C3%89Do83h%C3%81R7l1XPezzPag%3D/,2004,https://publicaccess.ci.malibu.ca.us/onbase-portal/api/Document/AXdnXi4NH%C3%81u2nqlqZmxf3sZeJh798T3FA4uA0S1Yaa23Ksw87KjrdhOopaNLCNGEoUxh0OuugWGwn%C3%811%C3%81vLXY0cs%3D/,2015,https://publicaccess.ci.malibu.ca.us/onbase-portal/api/Document/AU5wO1Lg6NE2c%C3%81w0cmql46QEYbN2ApaMFQcFyzuZh7jUDUgXYmijk12S5WZo2QbtFxPpNtVPTB8GrpQYi9voFDg%3D/,2014,https://publicaccess.ci.malibu.ca.us/onbase-portal/api/Document/AaPEs03GoEb8J4bEoanltHRmhOzNMFbDz0fq1Dc4iaBv2KhC0X6aZzW1lkjTY6pXLwF9SUT0VQp4yqnbpzv7s%C3%814%3D/,2014
4450005054,,,,,,,https://publicaccess.ci.malibu.ca.us/onbase-portal/api/Document/ASKWZhRVwKBQTn4jIskJ3KKWgdSJW4%C3%81X%C3%89iHPj%C3%8151n1QyDySNFUiLJQxeqWSN74r2E2s%C3%81cwF%C3%817NA1YE5XuzMM%C3%895Q%3D/,2020,https://publicaccess.ci.malibu.ca.us/onbase-portal/api/Document/ARpYaub9DxbBXN8yFjLFrQJMRU2D%C3%89hJ98xGb5wwuVQaoUS5q%C3%812rBsVdwUuAJEsnAExxKsdt6hRspB%C3%81HX9yCImUA%3D/,2012,,
4450005064,,,,,,,https://publicaccess.ci.malibu.ca.us/onbase-portal/api/Document/ATHKdQwDHuyReEKh9kMq5ON5q0RuRIn5zU6r7KHZ9w5d0kpC4GSu%C3%810ZuOsbDnyybrVw7nJ0x1lI%C3%81T4q5xOPUado%3D/,2021,,,,
4450005075,,,,,,,https://publicaccess.ci.malibu.ca.us/onbase-portal/api/Document/AUh2%C3%81BCL8mfSgYTfQ9ASvIBpMlIbS8Yo%C3%8142mEzO1nbjD0%C3%819z2WKHcWoXHOSOxTj6otagXnl5uD7B0EeteJ2OOfI%3D/,1974,https://publicaccess.ci.malibu.ca.us/onbase-portal/api/Document/AWZmBgNMbOG9OXpaXsuySbiUa87sRpseHijXkFBcpZiNk85HBETIjFGSxhMWjPZr5MKzch2GTZlZcMUoCY3clqw%3D/,1974,,
4450005080,https://publicaccess.ci.malibu.ca.us/onbase-portal/api/Document/AX3x873XrXu85roa%C3%81py8UgB8Mjm9Nuvn%C3%81mhN99UOKc24s9epVB0z%C3%89Izy4%C3%81gFqxR3LEA0fcWx%C3%89Ba9Jqo9WvEx8pk%3D/,2010,https://publicaccess.ci.malibu.ca.us/onbase-portal/api/Document/ATrHP1ivltkrgCpsf5jJ8M7k%C3%89T%C3%81nvCP3ZcAF7XRy%C3%89m2b2yZzzH6ewwftDE9SYKzBAcqvSwYqbhEW8jRIhR%C3%896Z%C3%89w%3D/,2010,https://publicaccess.ci.malibu.ca.us/onbase-portal/api/Document/AbuUl%C3%89vXjH%C3%896eTI7gkTFcjGLpgtS%C3%89M0clK2nypgVM%C3%81etQGkrqn8TuICsDo9qx%C3%81G%C3%89Uo5fkoHiEiNg0uSOO1m86qQ%3D/,2010,,,,,,
4450005086,https://publicaccess.ci.malibu.ca.us/onbase-portal/api/Document/AZobXcqc7rprFM1s80CJ13f8GBXYAnHcUd4qaXQNHR74Xpsu5uQSM46eeolgbSvs4BySbHMuDQGZ%C3%89BV62%C3%81dV%C3%81j4%3D/,2016,https://publicaccess.ci.malibu.ca.us/onbase-portal/api/Document/AeNlikvQhN7a6jMi%C3%812p%C3%89kW23PxvkMob7DAYK8ZTkESDIZtxk7K3RnPLW8k6VrD13oy%C3%81Vu1WY93ewvD2KbdjpZ4U%3D/,2016,,,https://publicaccess.ci.malibu.ca.us/onbase-portal/api/Document/AayBkrgdMKnLx5LHKB22eZtUQR4FPMIX6wUK7TMmRGr9QFaIDw4n5pP93zBf4Hm4ndQmoOwcDWK1lszJgIr%C3%89KvQ%3D/,2016,,,,
4450006037,https://publicaccess.ci.malibu.ca.us/onbase-portal/api/Document/AWGIxUzXBa7a8280Dtf7s8a8RtHu3feup04MqdCZsm8MzJawMCFj74fJfLfgwqdr9ejhEYMfxC7H7li9BO9W5vc%3D/,2016,https://publicaccess.ci.malibu.ca.us/onbase-portal/api/Document/AbZa8WcH39CKbhsxHVX1NFGx6Cn4LBA%C3%89zhi%C3%89yLLRkbj5%C3%89MNfXZYLZZB63WD6aEyQXyzByAXZuB6jQPKWUOfrl0c%3D/,2015,https://publicaccess.ci.malibu.ca.us/onbase-portal/api/Document/AauiLsbos9XZFln2%C3%89edg7atHEDr2KdFR66lmtUnVFHFq7uIkT7393irLm8wwRL9Z8EqtdwB7XDmD5U1ATZol2Ms%3D/,2007,https://publicaccess.ci.malibu.ca.us/onbase-portal/api/Document/AawYOS74S%C3%891jivs%C3%89rNBkvPnFSC9t6RGBkMQzbB6AlvYEDCqRFLHuqjyXeQ7gUK%C3%898bgLQ0vyTY8rMFDUwUkXmaPM%3D/,2015,https://publicaccess.ci.malibu.ca.us/onbase-portal/api/Document/ATB1dHY3bITdfgH2Ih4VxHcX%C3%81A0oGncKXsoLoG0HXMS8Q249nLPGnt4IaRVvMpcV5C8wZjUI8H%C3%81fNQ%C3%81QVSQcytg%3D/,2013,https://publicaccess.ci.malibu.ca.us/onbase-portal/api/Document/AT2yX6zFI7TO%C3%89s80TAuP4QM00GZI%C3%89PvqyWgSEVLXRQ3u7YWij3glPkApSlUowJMe5%C3%89LA7zWTyhhfpzf5f1k7CDA%3D/,2006
4450006039,https://publicaccess.ci.malibu.ca.us/onbase-portal/api/Document/AUjaZduYW9N5ZomP6KmFhHwzEiSvnjETZdQg2GVNbkLr9uRE2GpvTLxsBf2tf0ETcmXBatYiW%C3%813zLqy8XimQgRc%3D/,2007,https://publicaccess.ci.malibu.ca.us/onbase-portal/api/Document/AX6ExsBr5jvNIMfRwlfl4OwFGO73troXrctHDRj6ZPj0gAY%C3%89lshAGCd4RWqwT4F3tfIiW8WoZCJ2N%C3%89ALB%C3%89FOJ%C3%81U%3D/,2007,https://publicaccess.ci.malibu.ca.us/onbase-portal/api/Document/AVEZYnPSOfJ3P%C3%81i%C3%815i%C3%89oic9wlI5fKXCjlKuNeFIU7gpyp3wZPh65qqjyrZQhC%C3%89dZOFlwyvJswNlDlifcvYzDuVc%3D/,2003,,,,,,
4450006042,https://publicaccess.ci.malibu.ca.us/onbase-portal/api/Document/ASLrX2M%C3%89ohKO%C3%89xo%C3%81S65b6iGWKUMoV4QEJYa9UiMYB2bkDOu6A%C3%811BvA8A64wJQVVQT4G8rysdT80n9oBMA0G3KPU%3D/,1959,,,,,,,,,,
4450006054,https://publicaccess.ci.malibu.ca.us/onbase-portal/api/Document/AZAqi8otgLBW7mXk5RQNkDj%C3%89BShFAu6Y%C3%81D0pjKIJj5iro96u7D7MVOP2O%C3%89lQbNUfxN2fmsIYUXPML3DN89nmnpg%3D/,2004,https://publicaccess.ci.malibu.ca.us/onbase-portal/api/Document/AVFh9OhU5MTS4L5BmMrne1MKp7LlyWHwA8vsDEW6p2UwDVcJhomwJfEgPe%C3%818ItJNcX5k1io5giC6kLTXvkUfO7s%3D/,2004,https://publicaccess.ci.malibu.ca.us/onbase-portal/api/Document/AcEkK%C3%81JfNeQt9t%C3%89qjNTSE3%C3%81n8Mv3t7Ok1Pwte%C3%81KkTPRfho9pl3x64z7y2ODk2O2CTb3p4m98PFJWpW3ohxLxZUA%3D/,2003,,,,,,
4450006055,https://publicaccess.ci.malibu.ca.us/onbase-portal/api/Document/AROQK9e6v6frVdE4O5nu1xjxpuXkI3hQQ%C3%81iQuyS3y6OfQADnUbtAxMWjV6aVCCZUhgQ5KOY7w0u5n7Y%C3%81NrKfifA%3D/,2016,https://publicaccess.ci.malibu.ca.us/onbase-portal/api/Document/AVV3DaxMuns9T9CaO7k%C3%81zXIPiMP8NCX%C3%81YcGQoWj5dRum2zr5qmUsGVgw0LJ1uFUOZ523h%C3%89g3mIVH7zD4VHI7QKM%3D/,2015,https://publicaccess.ci.malibu.ca.us/onbase-portal/api/Document/AUM1NedGWZpGDTd2aUUvpgSxv60HDqUaw71vZMMg8gte1pwcCcsyU8fZfFGSHI2zn2ZJEklBfNiWSJGLuRYZ%C3%81jM%3D/,2015,https://publicaccess.ci.malibu.ca.us/onbase-portal/api/Document/ARCRPH8MqEKAwGk1%C3%89k9u86NHWgtPrCSe704vSRaU5%C3%81sT3LUzoRXf5fKqjLFqNY1BfwFeNEa1pEiIajbPRxtRlDg%3D/,2015,https://publicaccess.ci.malibu.ca.us/onbase-portal/api/Document/AXp5VQSVeNE5N30POKR6AQ4gzLMz2B4mh7TnEWrWzekDpLoDpjPoyLW%C3%81C60kxWdtdYT7OyLz6ryQxpQCbK9LTLM%3D/,2015,https://publicaccess.ci.malibu.ca.us/onbase-portal/api/Document/AepLgWT%C3%81B%C3%81UVHkjL21UxJYc52NA807qbBoxiiH26GBmvPvB9uuG4NboiQSC1qzql2AoqjLIaSyvIFDGCoJbG%C3%81N8%3D/,2015
4450006069,https://publicaccess.ci.malibu.ca.us/onbase-portal/api/Document/AVAgB%C3%89vUbIBmvOOoDpm6Dx0t9WF5RIwQ%C3%89FzgYp4pd49Ccb9LJHkmHhFUMQuEd44o%C3%89bquL7LU%C3%81xWJyoIugl3yWVc%3D/,1987,https://publicaccess.ci.malibu.ca.us/onbase-portal/api/Document/ATV5Y1SWyA2FAG7wKhDdKFMieUWE52wYYD%C3%89Y3u2ru1CNVWis%C3%89skBA58KyW9FHAg%C3%89q%C3%89kefsfX32lB6SGAaZujrMQ%3D/,1901,,,,,,,,
4450006070,https://publicaccess.ci.malibu.ca.us/onbase-portal/api/Document/AQaaJ8Yo9WP5hgXqaSx3cp75bPy3wqjr4nl6cU2m2kZmSaJzjoJY%C3%89OnA4VD80Ey3M%C3%89R0wJkPXmOH0BeSeZoGCmc%3D/,1996,https://publicaccess.ci.malibu.ca.us/onbase-portal/api/Document/AYkS5h3dR%C3%89CZdFofTI%C3%89F2pTMxq7YNMubz79xMK500ZE5joWrLyuIPCgx3LfC2GwS78EjFh7j9dliXH9y2i0BPow%3D/,1959,,,,,,,,
4450007019,https://publicaccess.ci.malibu.ca.us/onbase-portal/api/Document/ATLx8agfyQoMSN4ieriOrO6N9V3Tndq1K7ps4pjzw3o9Ki0dRZikh19NlEF2nW%C3%81LnZ12lJvddH3pKjowIIxYyYQ%3D/,2003,https://publicaccess.ci.malibu.ca.us/onbase-portal/api/Document/ASNR7t73clxLfdoij4udcMQqrYicpU5XX2hQ89Pqi6Vfvot%C3%81xKU8Mf834kAF3WKo1TEw5vfUc%C3%89aV1o2xkeNa0Lg%3D/,1981,,,,,,,,
4450007020,https://publicaccess.ci.malibu.ca.us/onbase-portal/api/Document/AbDkXBuVugPpCriCWF1iVF4E%C3%89jtrrzmwxJMitUOVSU2%C3%811fF3NQwkpk%C3%89anr5uEnCMsF6nN3sl9YDhIbib55%C3%89yL%C3%89c%3D/,2011,https://publicaccess.ci.malibu.ca.us/onbase-portal/api/Document/AUAB7S8OTXiQ%C3%89N1sablquBcbBlWkkVrqNZWxwfS282A0ab0gnE2revUNj5LXh6ij05MgJ9KR6%C3%81Ml8%C3%89uwuzNJls0%3D/,2008,https://publicaccess.ci.malibu.ca.us/onbase-portal/api/Document/AaujU%C3%89MD664YloSj6nsJ%C3%81KBLgVoV8lsQPVYaY%C3%81YRosmSY841Mzrw3tYFdP3PEKpaL%C3%89i0noHVxxiaGZpscGrNWhI%3D/,2008,,,,,,
4450007022,https://publicaccess.ci.malibu.ca.us/onbase-portal/api/Document/AR4eCXiMeqA%C3%89DSzuLjLfeiz5eDquBuO14XhdHeZG8bCfcwZSnlZt%C3%89fVJFfHTHj9K3Doiy6APbzPNtZ7f7F5f4%C3%890%3D/,1962,https://publicaccess.ci.malibu.ca.us/onbase-portal/api/Document/AciMqksnNXhqVLWdF0DqnlkbjTjAPgf0wZy3pCTG5NIPAwP500ugibAVzQgEaBzAwRHHBapuXrpf%C3%89nKK4PAd1Y4%3D/,1962,,,,,,,,
4450007023,https://publicaccess.ci.malibu.ca.us/onbase-portal/api/Document/AXgBRE2Znd2hXhAC%C3%81VBhG6nLf9XItzGNSOqpRKF4f8ekYczgHp1TPuGAw8BifW62b6752CrRtMf%C3%81noqfvFG1QvI%3D/,1979,https://publicaccess.ci.malibu.ca.us/onbase-portal/api/Document/AVQfhHF%C3%89y5FYU%C3%81mT8bfdEjgjs6ZvIJODpMzK2tlgrke5HUVDdARAnuG6vVVdgARAVChPRLhh1CMk6cVGrmEDS9E%3D/,1979,https://publicaccess.ci.malibu.ca.us/onbase-portal/api/Document/ARpci6xhQOjZRjfspXJHOpJIQtNvQY5xIvPKRaA0gLnRvnUUggiWA%C3%89p9IIWC%C3%89Hgv37BlgH8HajeevaUeNGf9SVA%3D/,1978,,,,,,
4450007027,https://publicaccess.ci.malibu.ca.us/onbase-portal/api/Document/ARCfbQqXBqKKWm8HM69Ra7Qrb9CR1I11WhrVoAFJPivOlWYrzavXUQfrz80FANZ8oogCtGyR%C3%81MwFBjWrANDGN%C3%89U%3D/,2019,https://publicaccess.ci.malibu.ca.us/onbase-portal/api/Document/AfPVe8z9Sch4XG5itaDiRnS20G%C3%81ZV3%C3%8168ukBfSeJUGMwzjD7q0mI44Vgg%C3%89LDrMVRRdPa7mslD53B9ixl97ToGHE%3D/,2019,https://publicaccess.ci.malibu.ca.us/onbase-portal/api/Document/AUqdwVgtOUZGEkFeUn2mzXucemsIhGc8b4ptIZlPhi%C3%898zvS6JB4O6uE73K%C3%89XeziOUEwNVsEugt6187Of6k26o%C3%81Y%3D/,2019,https://publicaccess.ci.malibu.ca.us/onbase-portal/api/Document/AblM%C3%81cpBasW1ot%C3%89LEZ9xv3aljzpIe3Ay88vgc3XEnlRkDDv8%C3%81fqrcdCI0pAzBqe9t3qHVfTEp9sHnusLri%C3%81NH3E%3D/,2019,https://publicaccess.ci.malibu.ca.us/onbase-portal/api/Document/AXknslDWuBYqrKc9SlKpPmDj198jK6JJLF8OJdZXEVmTVDGz68cOB8xYt%C3%81PGTEDKLV8cxOGB8RKy%C3%89cYzjPY2lQU%3D/,2019,https://publicaccess.ci.malibu.ca.us/onbase-portal/api/Document/AXeEbtSWpfgq9UKObXB%C3%891POmr6yQDriOyrXG3SdjEt2Mdt7DPwvubOq7Tzq9TCQIff4O7U96%C3%897x5IGr5STpQHR4%3D/,2018
4450007029,https://publicaccess.ci.malibu.ca.us/onbase-portal/api/Document/AUu7iKfqBWB%C3%89AYqR2H4b0867lNhqpA13XYDE747vNTtCv5wD6kShEmjiG4okYTVhZK7O%C3%81ZPbuzHNYeMC3d9dutQ%3D/,2019,https://publicaccess.ci.malibu.ca.us/onbase-portal/api/Document/AWL3f56VwJPj1%C3%89oL7Neat%C3%89dXyYsYtLGC4EdngHnWblkYOMx40UTu%C3%89LWcaZblJL6AF1iumHJAPqXVdN2gqfANjZM%3D/,0,,,https://publicaccess.ci.malibu.ca.us/onbase-portal/api/Document/AWWR%C3%89OquwemMCCjjcE94UpfYbSl35Snmw0c1vPMPu0YFicdf%C3%89PW5Mey7pWWdA2%C3%89WIybrI%C3%89ZIaVq2xheN6nXyeP8%3D/,2019,https://publicaccess.ci.malibu.ca.us/onbase-portal/api/Document/AaTqnWgTnxt%C3%89S2FzVIg49spPOgeT04VxBIJasvIKDofYNjQTJ7T6XHF7tEw3vWKQpq8b%C3%81eohM7MMIfX9EcBLuUs%3D/,2019,,
4450007030,https://publicaccess.ci.malibu.ca.us/onbase-portal/api/Document/AS5QLaUW4bpHEniyn40ShdOdHwQ14Vh3tPFJYElmF0LCIEUbrwzItmf4gv%C3%896noFGyNXr5iEf%C3%81pD2IAW90eyb2Tc%3D/,2008,https://publicaccess.ci.malibu.ca.us/onbase-portal/api/Document/AWLN8ERxtDhF0T%C3%89WClCd4lzdSvNYERCgXltZJbKXzvnff%C3%89nnB76fFqcecYp0kCKZ82MMf9ODKsiO2QaodAG1csE%3D/,2005,https://publicaccess.ci.malibu.ca.us/onbase-portal/api/Document/AfgldnyN4Uzbzy2SAsI8TBhbSzt34viGaAJ56Q0%C3%81hU%C3%89TMYyXK9QE7P%C3%814F1PaSVmWMlZQtJuk5vqN1lwC949PD0M%3D/,2005,,,,,,
4450007031,https://publicaccess.ci.malibu.ca.us/onbase-portal/api/Document/ATqjYpEk33zN2YKXbSm7fBTRd8TAv%C3%89FKLdv9Cr2SLbf6PUr%C3%81U4aWfKrNRCLJDBbkVbKKaaSBpDU6UxEASTIJfNg%3D/,1986,https://publicaccess.ci.malibu.ca.us/onbase-portal/api/Document/AXTN8Mqm9LG0CEYgU1p47ZIOUvMUras9nOu%C3%81V3e5unes8qDEbjp0pReExGwYWleM4WTsWCMuC0xl%C3%81HWqstXRdWY%3D/,1986,https://publicaccess.ci.malibu.ca.us/onbase-portal/api/Document/AQOSVDhy0OrXBpDrNCFx5l7lgWjMYqSj3OE1ybeq3upc9GpaTfKl7rP9mhMdB4k88AHxtjHwPhgzoMW2MxzTPG8%3D/,1984,,,,,,
4450007032,https://publicaccess.ci.malibu.ca.us/onbase-portal/api/Document/AVmQNOWNe3WUo0%C3%81jPddzWyIaXHjvM2a2bY%C3%89K4QIpA5WlWhgdgZT1DzbeDfO6%C3%89tXI%C3%89UFe%C3%8176kSbRl8lNKTSNXXTU%3D/,1999,https://publicaccess.ci.malibu.ca.us/onbase-portal/api/Document/AQj%C3%89nan2UxMGW%C3%89CiyQGS8aXOqP9%C3%81aL8HXM7hLOVDSPFtu4aAlmXF0GqDDkwEIq6xyEYhrrzI2jTps9EkqITc%C3%89Q4%3D/,1984,,,,,,,,
4450007037,https://publicaccess.ci.malibu.ca.us/onbase-portal/api/Document/AS0RnDdbneiaEIlbXp0HVK4CCw1Af0gJUTbyjaVrry7JuG%C3%81E0AeuI7h%C3%81i3gAELNjjIgw%C3%81bMzEh7nevoqxJtMdwU%3D/,1999,https://publicaccess.ci.malibu.ca.us/onbase-portal/api/Document/ATf%C3%81UeYuPmOyRYOayuADsg0kr7BTALW6DEtG%C3%816%C3%89yOUSc05pwXVbNPJDSJMIWbBbQlM3FJzS%C3%81Frkr0b2Z7LWb1Fk%3D/,1977,https://publicaccess.ci.malibu.ca.us/onbase-portal/api/Document/AX0CcQ0nJinpLHVER2kqmr9cSVt1bSlVte2X9StPkuKjSrOaTIkN%C3%89MlIsi2eHw998MlV29Sj0ooJh8tmZMuiv9U%3D/,1976,,,,,,
4450007040,https://publicaccess.ci.malibu.ca.us/onbase-portal/api/Document/AQHHYySCgKR5CYBiXVShiFfRpcxBQrk7LgMR4KKveDtzVY4eOMij7SOC7tdyfe9JNXp%C3%81QjU6HwjgN8lIHSfw8hQ%3D/,1998,https://publicaccess.ci.malibu.ca.us/onbase-portal/api/Document/AQnTexP1fAAhNf0c9FSuY8iau7%C3%89XKUM43H1BzgAxab47GZ3zcvJU9tH6uhGIKpZmlKBkAkX2giPDlwbO7yv4qb0%3D/,1981,https://publicaccess.ci.malibu.ca.us/onbase-portal/api/Document/AXp4hbkNkJ51GwGDwj%C3%890JVsg47wPNv%C3%81Ur4oD%C3%89GuDo9O80KM%C3%89JVAKAQAkR%C3%89e0uQfNVU6hCL%C3%89Us9wi%C3%81Qah5ZBXHUo%3D/,1980,,,,,,
4450008034,https://publicaccess.ci.malibu.ca.us/onbase-portal/api/Document/AZ%C3%81WnKHyf4s%C3%81eszFiQkwRvJWVpUupIJkbft%C3%81qWVPkJl6Oro7Tk0MSHSMl0Auy8XSViUnpzsJAKYqYTuq7afiTPo%3D/,1974,,,,,,,,,,
4450008035,https://publicaccess.ci.malibu.ca.us/onbase-portal/api/Document/ARQ6Zx9PJ%C3%89P2DUnL86THQGtuXn6%C3%81f9AjlzVViJdb4EzcW5zOzb7%C3%819%C3%890eqCHHBsJrdZ2TfJK4AwZggK5ZYMhzPgA%3D/,1985,https://publicaccess.ci.malibu.ca.us/onbase-portal/api/Document/ATQ6B0shgvlfVmx2LzkDh%C3%89ywciyNSrR%C3%89RhGZy664wngU2v6NCyO7isogFoUHbCybrRYF3WU98uYRUaIKHqArsKM%3D/,1985,https://publicaccess.ci.malibu.ca.us/onbase-portal/api/Document/AVVeZ3rSlL66Nk94pjALKlVxydUw6OhY7MjwKjWAoZXuFNH6u7lbvlqxf5kwnvT0h3GKJa9%C3%89cjUWEHt6o3cOxhE%3D/,1985,,,,,,
4450008036,https://publicaccess.ci.malibu.ca.us/onbase-portal/api/Document/AUZde5zbv1Mlgu90IzjVezn9obuOwYW5FpQ3jQykZXBggEFNF01RkPZW5Hxr%C3%89j1JWGsHngmTaGIViA%C3%81qXbmQ188%3D/,1988,https://publicaccess.ci.malibu.ca.us/onbase-portal/api/Document/AeqIM%C3%89WdZ6DHQTFygoU6icKppqFxjHhGk%C3%89ODVRlsh82w0MMj9%C3%81VDknTBNaPXI8ZF6hy1b64kGy80YO9TsabF9Wc%3D/,1988,https://publicaccess.ci.malibu.ca.us/onbase-portal/api/Document/AbdXBkYU5Ab4KdOPTlMRDqdta6NfWrj83vJ0kcozC%C3%81keN%C3%81wUeWd6dzrVMCMuD7ymMy%C3%81cIb7HJgQ82xMtodb36bA%3D/,1988,,,,,,
4450008038,https://publicaccess.ci.malibu.ca.us/onbase-portal/api/Document/Ab2ktob%C3%89ndOUykO4VasL9AE7nrErgA0UhFPjthBN9aibCVB13xYTjWpDeFNRfGuLB%C3%89LxWqXivxV98jQ9b4Egm6g%3D/,1997,https://publicaccess.ci.malibu.ca.us/onbase-portal/api/Document/ASp3KFdt%C3%895MMq4BEqV%C3%89EaYP63xGl2Gh%C3%898WTi1qlV7XCYcdMNbzKurMhnw4zpbVxwE719lJx6o9v6XZM0NlbuQkM%3D/,1997,https://publicaccess.ci.malibu.ca.us/onbase-portal/api/Document/AYoi8JMj7fkCLDTXlLh7PV%C3%893cpFBhkQUkDaSq9wMCQ4CI7UMx6WjvuSe3ykA2ujiPifYPIbsM76JUysJlZ18%C3%89Fs%3D/,1997,,,,,,
4450008040,https://publicaccess.ci.malibu.ca.us/onbase-portal/api/Document/AUnGQ9HKSwljUJ4xYgSCkZsn8vhFwnzeSI%C3%89vU4PafxXW6bvjwuGNAeP4zEqCM3VP1J%C3%89iSrQ82vEiMyfNZ5%C3%89bJ%C3%81g%3D/,2025,https://publicaccess.ci.malibu.ca.us/onbase-portal/api/Document/AR3HcfKYJm0%C3%89YfVy2P6T4yn9bmLa8eHtyqpxXFwJHGWKCCY0tljmFaFIqSgtZkjRjFZa2bfXEeqXBEKvAueE4qE%3D/,1988,https://publicaccess.ci.malibu.ca.us/onbase-portal/api/Document/AbJf%C3%81iFnYvXJPRNLcoCE%C3%89e513uPRPtelaj6QCfyr2lQVYQRSUwTCS67G7xKDdUTHnnGG576vKZqrUtxO6Px0egI%3D/,1982,,,,,,
4450008041,https://publicaccess.ci.malibu.ca.us/onbase-portal/api/Document/AaHLTrTo%C3%81EsxdXKK3FUXN%C3%891P0etGQRzufEAzyHV0%C3%814iQK5KIB2%C3%89Cv6qDOIjFVz0mtPe%C3%89MAhzxpjqzRosHFRxJbw%3D/,2006,https://publicaccess.ci.malibu.ca.us/onbase-portal/api/Document/AWXzB992aSzB%C3%81Hl1cz%C3%816%C3%813Ef2K1wJyX3xDF8zcQjSYAH0SgV0ugGIrYGA9BUnkA%C3%89u4QfGjt7O645kmFf8HZ7Jvs%3D/,2004,https://publicaccess.ci.malibu.ca.us/onbase-portal/api/Document/AV9rF6d8TOPvsj4fktIxcE9J3hcmelHsW6uINNq7%C3%89LXXker1j63kNRMgNT%C3%81vpOYS49FnYUrBRtidPohwSWXHN8w%3D/,2004,https://publicaccess.ci.malibu.ca.us/onbase-portal/api/Document/AcwNTZZKJHqI2bir2300WSNYLhxK%C3%895EAGizmnwY8xztnrxZ3CHrqYa85BhbaIGXUe7naR2xQbNj%C3%89lVlJeKUrMR8%3D/,2013,https://publicaccess.ci.malibu.ca.us/onbase-portal/api/Document/AdfDf7YL1Sje5dWGq62u9eXG9GIydlV8YzBoGyF%C3%81EASCiRcuPB3L7zo6bD7UsVZCUE33K%C3%89OV0ehHa2NI42q6B4k%3D/,2013,,
4450008046,https://publicaccess.ci.malibu.ca.us/onbase-portal/api/Document/AYiZYqStF7f2aqoFBqgMdx5y7Eg1p2A2wmC5b1skJNDi75smriQcuHjC0a1NE8jEcKbxWm4ey2SMwgGYQG7PA0Y%3D/,2014,https://publicaccess.ci.malibu.ca.us/onbase-portal/api/Document/AfShoIUuBggzTA5UYcavnm8luyQNmFxUN0sGJcu7hjiYkwRiuyET6cJANYibpaVOrlnuISxyhqgB7qvbwavIjj8%3D/,2013,https://publicaccess.ci.malibu.ca.us/onbase-portal/api/Document/AZknRx0Z0cZPWZH0RXnh4Z5IYXwUbWPjwYqWM6ynSWcd9w%C3%89a6oJC%C3%89eynlBzmwp2rXKW6H8cKoahqOCCl0Zm3gCs%3D/,2013,https://publicaccess.ci.malibu.ca.us/onbase-portal/api/Document/ATk%C3%89EqDzNz2MiMbH7jcyf5CRilfEKEkZyrMsrmUf7%C3%81GSRJGa8jg%C3%81r59y%C3%89HKgcu%C3%89rwDH%C3%89Q5xoEyrw5pXF7iwIehA%3D/,2014,https://publicaccess.ci.malibu.ca.us/onbase-portal/api/Document/AXHh%C3%89zhEOgTEAEr%C3%81sT5WuKD6yBDhDlrtRWLCovUPreuRxMPW11OL%C3%89QSbR4wInHXg0ay88V6Bmk8P6CHanP62s6Q%3D/,2014,,
4450008049,https://publicaccess.ci.malibu.ca.us/onbase-portal/api/Document/AY1xe12u266oVi4f%C3%81PETDo69sXIkEoKbrJH4N1MNrXYuvdJCZcpGN5Xqqf%C3%896geBKvzUvAXQXxDp707%C3%89b3CFcqaQ%3D/,2004,https://publicaccess.ci.malibu.ca.us/onbase-portal/api/Document/AafTHtpCpni1DehMuJIMGoK19hubGbE%C3%817tMBWpwIxdJEv6LYvp0wE2o2vaU11cesiRkVjp1kgEz8Z5byo6IYsCo%3D/,2003,https://publicaccess.ci.malibu.ca.us/onbase-portal/api/Document/ASDGeFKDm88SwNuvB%C3%818oWrNmPHkN5UF9YmczuSJ320VXyv9GCozZCaKA7ywzYx3nYgiXhuney5FO0mFwlf%C3%897D%C3%89E%3D/,2003,,,,,,
4450008050,https://publicaccess.ci.malibu.ca.us/onbase-portal/api/Document/Adu83NSrUs4tJvvcBn%C3%81lFK6lKvRPGGsYdV52ejs6II2gU%C3%81IIuwpi6SPBG0F2ra8GWmjINgDJoFFdCVi95dJrcIs%3D/,1993,https://publicaccess.ci.malibu.ca.us/onbase-portal/api/Document/AUUrne12cT2DCYMpqL7ZA6id%C3%897VtO2el%C3%899E4y1HMIEdr2Sic8pDINUYV8IlQdid6KgR3y492TXF4s0KScbRs5n4%3D/,1993,https://publicaccess.ci.malibu.ca.us/onbase-portal/api/Document/AeYIHA80iHY%C3%89%C3%81hrUNxOEVCY%C3%89BvrxTQiPNwjyPZtWn8uhs9GH0No538UjM8zMKGJUYPJb0cu0yqviHmcmHdO4XDk%3D/,1993,,,,,,
4450008051,https://publicaccess.ci.malibu.ca.us/onbase-portal/api/Document/Ac09AyEtmLtMutderxOqrqrVBsoSSjdbmPcAoWtpSuG0n5Dvoeoa0qhZM7TgYxVc0GH7CRLC1%C3%89pmhwm22q6qGxU%3D/,1983,,,,,,,,,,
4450008052,https://publicaccess.ci.malibu.ca.us/onbase-portal/api/Document/AXOqQpj8LWOn86KHvSc%C3%81h9Gy8FTjnDysXH3OZsBLCwFLq91fOkt9Bav9H%C3%89G69sMh9uA4NiN8xAFXDCVRo9WLIbI%3D/,1983,,,,,,,,,,
4450008053,https://publicaccess.ci.malibu.ca.us/onbase-portal/api/Document/AUGrj3OB7ttnQMKPuAXeVdsf9ydjdQnz1WWshI4qo5BTsfNCP7lgkfLMYrvJsXmdB%C3%81s24XztYrUmGnOdyZCkbmc%3D/,2009,https://publicaccess.ci.malibu.ca.us/onbase-portal/api/Document/AVr2I9fOY6%C3%81o2jHQWgDH8PhcdqzC92l9DyBC6LLE6cNgbBBdeIieV3fClkk%C3%89Fgmaibewc98eyZfGU0ZA28MSaPo%3D/,2009,https://publicaccess.ci.malibu.ca.us/onbase-portal/api/Document/ASjNZ2jMClLMkv%C3%81MPrqIa33ReE%C3%81jTXmV6xGAkNxq59yBmkJhWuLutEyTZym%C3%81n6YK%C3%81rdvcQeQLWMsUWGdHV3nrT0%3D/,2009,,,,,,
4450008054,https://publicaccess.ci.malibu.ca.us/onbase-portal/api/Document/AZywlPz1nAJIAc29phnPOrzmjx6QqJPN45uugTWYC47YUnT4TIfO2xm1dUfFA%C3%89ELaDmghZX5Nutqr%C3%890isKiRGx0%3D/,1995,https://publicaccess.ci.malibu.ca.us/onbase-portal/api/Document/AS01WeW5VNT%C3%899Uy2xxJS2Ojti3M9NUBlsNIt%C3%81eCmbEXD%C3%81g2ijnNTjFhDvwTEAvtk%C3%81Tu64sYq%C3%81YeMtFvgBmsRVn8%3D/,1995,https://publicaccess.ci.malibu.ca.us/onbase-portal/api/Document/AVoXmqrU6lBwTbbAptq2JxywZmcVPEhIYTu8aM0VZghJoI6KuQKNlARYNtRa5zTxJZ2etQs4FF%C3%8939yCi1%C3%81iyhs0%3D/,1994,,,,,,
4450008055,https://publicaccess.ci.malibu.ca.us/onbase-portal/api/Document/AWxxzd8PeJqjFqJn7ImvEkejGsHdHjY%C3%89GvOKtn%C3%89x8WumqnPMtjUTmuHkA0mFId88Rf2L3cZbUkfLP%C3%89sWp55zQMU%3D/,2025,,,,,,,,,,
4450009022,https://publicaccess.ci.malibu.ca.us/onbase-portal/api/Document/ASqKls6coyS%C3%81eUhV9xk05ItFg8Yzq38FjzixgUTahpp1IpcAlC%C3%89A1YnvdK0MZJbOcR0%C3%89ZCrRY4mXIfII4XMOYNA%3D/,1983,https://publicaccess.ci.malibu.ca.us/onbase-portal/api/Document/AUDZOxA9%C3%89OaEfO8j6gwLNBVtOJGUthsh95zSvEFE7NPicQ8Nf3AC6TX4D2AmwZT%C3%81ENIzdGguvEwtqreBLzQgEo4%3D/,1983,,,,,,,,
4450009024,https://publicaccess.ci.malibu.ca.us/onbase-portal/api/Document/AU0yUcxJ6vTnhWnhF3dyanxZxhyIp02oRHgRP0Wysk2ilQuE1ifu4aXZuNpvkMG%C3%81EDiZDYw53%C3%89mAqsJIoh1zs3c%3D/,1996,https://publicaccess.ci.malibu.ca.us/onbase-portal/api/Document/ATsZccp8XsOSQRZMFnSSHmqoomwJQP8C1nrDbSnN8LneINYi4sIJ5MJAMIHb7CnyhSsIo6aOP05j9qdkR%C3%815i%C3%81J0%3D/,1996,,,https://publicaccess.ci.malibu.ca.us/onbase-portal/api/Document/ARKbMPo7NCrLWALUXe5Mi7h%C3%81H04aBw00ToICg0v50QvCp0Q%C3%81IsM1VJBgyM07TvdbkRi6NHfW7o2U1sp7TAmZCiY%3D/,2018,,,,
4450009025,https://publicaccess.ci.malibu.ca.us/onbase-portal/api/Document/AWTJEMfzsn9fsJcWN2rbPIAPsfA4L3%C3%89aGoHdviUrBjtXyjcip%C3%89AI3SV3PqtqTXSXeog6V5Tyn5Wl%C3%81BH37yiwqRU%3D/,1977,,,,,,,,,,
4450009026,https://publicaccess.ci.malibu.ca.us/onbase-portal/api/Document/AfQnKg%C3%81aFoa1I%C3%81jEYH%C3%89%C3%89Z7BjdeaWowqmmdx6JrfpxiPwaaBJ2pjQz44K4bHg3adBANv2%C3%811%C3%89G9FMogJQzSbjfYu8%3D/,1968,,,,,,,,,,
4450009032,https://publicaccess.ci.malibu.ca.us/onbase-portal/api/Document/AQHAHP3M%C3%89W5VpMV15OtDXOgcNmeFohpzdEjWz%C3%81G8jfBPxQf%C3%89JIUzN4GKLhO8aCgi9nG8VJbBW%C3%81i7j9aQkTaPwb0%3D/,1987,https://publicaccess.ci.malibu.ca.us/onbase-portal/api/Document/Ab2xGMTc0etkdUDA7In4l1LLkufzO%C3%8952lGlaQsd0732Luri78lwU5hhRmREWRqKXefson8GqJnY6GZ3vw6CiMII%3D/,1986,,,,,,,,
4450011024,https://publicaccess.ci.malibu.ca.us/onbase-portal/api/Document/AVyB1dVPjRBpRSac1DuWxWQ2cBV1GLuFCNicypmddvbupMMH4eb2Q8oUQ96UVqb0SnajWT%C3%89%C3%892fHdyrE0LP3C7cA%3D/,2011,https://publicaccess.ci.malibu.ca.us/onbase-portal/api/Document/AXKXAba5OJZBTEJVEpdxDZvWWYhYxR7LRso3455pjPLMEtbgcDsATfuutqhuZCtU5uOP49e%C3%81%C3%89jEuxdtIss4m%C3%89DI%3D/,1996,https://publicaccess.ci.malibu.ca.us/onbase-portal/api/Document/AfUPcGaVZtvmU6ZwTzZrxvhMQrtzGe7oiGAPutn28ntn9fsuDS4CQ0iDCjzOvxVzJbsP4mzWuRuMusWbEtXz7B8%3D/,1995,,,,,,
4450011025,https://publicaccess.ci.malibu.ca.us/onbase-portal/api/Document/AbOsSQsv32JITcUJqEJzen7NweJX5T7M2e2lFz66R5MuahP0NAFYch%C3%891b4ht8yLVmTCle%C3%81292ihAdeN3mCAfoVc%3D/,1976,https://publicaccess.ci.malibu.ca.us/onbase-portal/api/Document/AV9r7LYuydp%C3%816almt5%C3%81ZLu2ZYpJ8UYWmGRlXdlVtUxVGGQojVSR1JgAGrtZmi7tmOpUSMDaj%C3%89wxopS9mWo6cIx8%3D/,1976,https://publicaccess.ci.malibu.ca.us/onbase-portal/api/Document/AXZPIkhk8Fp%C3%89mHsCVd5PKDU2vLOcezUnirkqq3CpnCbdNmMSam8ZKZf8kGrgvbdEcLXY3prQ7S%C3%81hDB0Tel3ciRs%3D/,1976,,,,,,
4450011027,https://publicaccess.ci.malibu.ca.us/onbase-portal/api/Document/AcHnl8F5V3GztFgNcP6TJogPZ4kHlrO%C3%8140H2z%C3%81%C3%81yGxssbjb49Ek32r6OLCEEnOsyKwmZ0tJrTHGc4LubBeQoBjU%3D/,1996,https://publicaccess.ci.malibu.ca.us/onbase-portal/api/Document/AfVgbspimYB34MPYq6HzbPIJbfsECmFk%C3%89a88IdGt%C3%81lWHvAzNk9Hw83zHHoiovRoTm0n8R6KBR8DSXXibG835bHI%3D/,1996,https://publicaccess.ci.malibu.ca.us/onbase-portal/api/Document/Aakf7fZ%C3%81r5QLkTzGyFxvz03%C3%81PLkBCCX43nTFfwwvMYjrbjZgpoi25SO6Xqe0oaooMxBj%C3%890cYQDXuKJ29BL1mIOg%3D/,1995,,,,,,
4450011028,https://publicaccess.ci.malibu.ca.us/onbase-portal/api/Document/AdpCVJEkTtI8NyV7GyNTLvOvGu0wF68syobLmZPr60sEkcVy1W32WjgYEW8mK62ze5Cb%C3%89lYA7d4J1Y1QBLWHIA8%3D/,2013,https://publicaccess.ci.malibu.ca.us/onbase-portal/api/Document/AUXDwortegBrHsn%C3%81e6%C3%819gyedTc%C3%81r%C3%89UMYKctlZmxFdXNfjDzypoDJ8gKDVGW8ywtQ5UlqWz%C3%81aUgxiBQq6HjHx%C3%89Oc%3D/,2013,https://publicaccess.ci.malibu.ca.us/onbase-portal/api/Document/AfW1n%C3%81JaUysNvRy%C3%81lmsw7yF3QqeNJRl4rzy2BwggQEfcTYXreo7FM538b8z%C3%81UqDnxClADtrLxDzH5WEMvj1F6Zw%3D/,2013,,,,,,
4450011037,https://publicaccess.ci.malibu.ca.us/onbase-portal/api/Document/AboN%C3%89jH7jl1HJgaHAiFpBbWcGLg1cnpAp5VrnJUhrhvSo0rY8O8HbPHw9mFSv%C3%89n%C3%81%C3%81B8AOU%C3%89Jl2MjYM%C3%890id4c0cg%3D/,1994,,,,,,,,,,
4450011039,https://publicaccess.ci.malibu.ca.us/onbase-portal/api/Document/Aciw3T5hlPv8ZMDZ7i7jxBaM5XGbD0Jt697vALhowPySgf5qHu6zR4Qha2w0tHMJlW6fYHa0WNUTMnUTJJ%C3%812Hmk%3D/,2016,https://publicaccess.ci.malibu.ca.us/onbase-portal/api/Document/AXcft2Ffn3X9vhfzlf%C3%81sMJ%C3%8101hPtzBc24SeOTl6T5iLO%C3%81l3prROADqTzV69XHOj4nqYzkOcv9H%C3%89Q3V97TLZsMSg%3D/,2014,https://publicaccess.ci.malibu.ca.us/onbase-portal/api/Document/ASEU4ELLsecZidvHAS%C3%81p%C3%896kIaP6SPAtnspWzseX%C3%81WZxjbb0BYGcMa3SyRSrp1xXivoPfZeuxcWnOczkXMTCRTw8%3D/,1981,,,,,,
4450011041,https://publicaccess.ci.malibu.ca.us/onbase-portal/api/Document/AdKGLrP%C3%81SLTZw6cGbv%C3%81OVQiuHcU95UZ%C3%815wwFqnqIimRSw2KEA2afNg4I93TUpgXEVfM0ktrNNqGqTBsRCVfn1Cs%3D/,1998,https://publicaccess.ci.malibu.ca.us/onbase-portal/api/Document/Aa3LSwbG%C3%89nXST%C3%89FpMKfC%C3%89AAYo8v2DHw%C3%81ZBLn1y56CYlJ%C3%891zD49ygqUmxIukEg3C1ermMum1O0vrY9yMPb6NxXP8%3D/,1997,https://publicaccess.ci.malibu.ca.us/onbase-portal/api/Document/AWeEniE6NRCA4UYXcqow2tjFMo1gUm3Kr5oOT5EVWw2Pb6z0CeInqOSl3NG0tAtxWg6wnCi%C3%89J9hHKtF6TEnr7ZM%3D/,1997,,,,,,
4450012023,https://publicaccess.ci.malibu.ca.us/onbase-portal/api/Document/Abkbvu%C3%89w28OcSaQh5X9fdK7RdrjOIh83lSQ2tO19qSQAA%C3%811HyI6aQbhz9AcRXQDzmvQjvWGe%C3%81rBcF%C3%89%C3%81KFT2i3dg%3D/,2016,https://publicaccess.ci.malibu.ca.us/onbase-portal/api/Document/Aah7YtqzqzYoZOohxKwT5y1SHl36XD98V5Lz1GYMbc3M15YOAmrGcUIuS9ZoypZT5FWoH5hL6wX2AfInF0o0hSk%3D/,2016,https://publicaccess.ci.malibu.ca.us/onbase-portal/api/Document/AcWPdGVBh%C3%81NwhFfXTufdSApSWvHuAE3EPXcQDw7tU5YGn53BveX01N0TpNozImQo8JUWzvk6Evp7ctHP%C3%89sBzylA%3D/,2003,,,,,,
4450012026,https://publicaccess.ci.malibu.ca.us/onbase-portal/api/Document/Aa0AsHXTpcbWu7rd4gLrEpMCyYZiBXlU1Z%C3%89qkc7%C3%89hiumz4D5pDhXzuqn09B4A342ajqOQ4yFXojMWWu6uSubzHI%3D/,2025,https://publicaccess.ci.malibu.ca.us/onbase-portal/api/Document/AVRTipLy6coREgLVvgLYRtxIOhTe%C3%89mBEXO67pNJXgHDvEk7KzrV4HqHkHTXsZhdPLgvrRv273Yfy0KWCTKTANDU%3D/,2025,https://publicaccess.ci.malibu.ca.us/onbase-portal/api/Document/AdqLVuGFakOwPNpeWVgFCJ7FBXLzgw6j2vPQbvUEr093LhTzYihd3Dc66pJk3TiS2YapkKp1jl1mobIM0cLgssY%3D/,2022,,,,,,
4450012027,https://publicaccess.ci.malibu.ca.us/onbase-portal/api/Document/AUuUvfTl%C3%81k0UkOREJ3M16xWFXtsvO5zDSgnQZgGH1vhq7hH%C3%81jreHzzGHayQUg3tF4yAWUUApj%C3%81MVnwTuLZ%C3%81%C3%81qB0%3D/,1971,,,,,,,,,,
4450012028,https://publicaccess.ci.malibu.ca.us/onbase-portal/api/Document/AUu%C3%89%C3%818NsBYrMNG%C3%89H%C3%814BRkNIECEvtQ1kc6S%C3%89Ky1GMSbEOd4j7QcMAzqZG481smywqOIZ%C3%81o%C3%89tOGH5SWhkM4F7nFXw%3D/,2025,https://publicaccess.ci.malibu.ca.us/onbase-portal/api/Document/AbzM0TCidup23LFvB%C3%894BrjITpawG8vsRbzSpqKBMKln4ogEjNTZQ8FIDSWFldWbOWmzDiyLTJ5xu5EmPsicCu90%3D/,2025,https://publicaccess.ci.malibu.ca.us/onbase-portal/api/Document/AUnWjjbUqNFJ1YFZaNfPewBGp13fvRTqT07n2Q%C3%81jxo8nUxPhFK1SqGzm4LTsT1GvgwqbMTmEfCfnEa2%C3%895%C3%815QW3Q%3D/,2025,,,,,,
4450012030,https://publicaccess.ci.malibu.ca.us/onbase-portal/api/Document/AaPpGme5Z8Dv3v%C3%89dpBFZMDzbTFzGOTnoZSDMvpvjcJia0iPRmMdrxEQ4by%C3%89Ra9vGtiZmyJeEzb5Slt1pu38F9JI%3D/,1970,https://publicaccess.ci.malibu.ca.us/onbase-portal/api/Document/Adw5bCPL4tOJfA6ClV99nh6iFq2ZEpyXkcQ0hPDaVRxWK1YYSkop4ONX7KO%C3%89wcgFGLQUg7DxUuo8F4QEyy%C3%89djBs%3D/,1968,,,,,,,,
4450012031,https://publicaccess.ci.malibu.ca.us/onbase-portal/api/Document/AQAIhyKDvC0RsRjt1pXjWOF7lPwU1jhgY%C3%89DW2%C3%81aLHgGk%C3%811K6o3IHcybuhPS2BiSZ4LVAHpdAqFT8NiUU2YBmUko%3D/,2025,https://publicaccess.ci.malibu.ca.us/onbase-portal/api/Document/ARFQktjLhlQ9ZWE29jSVhe0Nf7KKbjyxP2Q4%C3%81OmgL%C3%89Uokpjr2dMomAtBdLjJQ7xVWk95%C3%81%C3%81TRdS%C3%81pFquncG2PfXI%3D/,1969,,,,,,,,
4450012032,https://publicaccess.ci.malibu.ca.us/onbase-portal/api/Document/AQlLbo%C3%81gLkeAp9PBz%C3%810T7Qb1my8wE2cwtpra37oYmHemUaSQrg7nXt6BcFXgMZo6muWYUHDAZlSpgl4y%C3%81923I6I%3D/,2018,https://publicaccess.ci.malibu.ca.us/onbase-portal/api/Document/AZttMMhIw7W0Zk0QuiZuhBbg3T8C0sIjM2AVQ6wS%C3%89mV88UBcghYU4gGvZ7nGpxVsRHZO%C3%81XFrNau5quX2IcMC8%C3%81U%3D/,2017,https://publicaccess.ci.malibu.ca.us/onbase-portal/api/Document/AcO3a8wjDKCRXb%C3%81qHwB%C3%89BrGvzJYiCA2hvq5RUxuYfYpmIyPUFJidExXtNAhKoWzXWtns4obhIyh0KyPU5zI8Dhk%3D/,2017,,,,,,
4450012033,https://publicaccess.ci.malibu.ca.us/onbase-portal/api/Document/AZfvZPFjfw2aQou1n6a2tugkIltrp%C3%89vWqyPK45FSFgzQA4vBrBuPrSipY9fw0UUso0XjKxQ4m5jSUl0XLTz9%C3%81Fc%3D/,2004,https://publicaccess.ci.malibu.ca.us/onbase-portal/api/Document/ATwV8Vwakz7iDi4AhKa%C3%81kxaG4zYIhGj7ov20iwNNRjFAFXMJrD58ENvRP6QQ%C3%81lKpzgSObWKSau5Uaeae4xGE3yc%3D/,1982,,,,,,,,
4450012034,https://publicaccess.ci.malibu.ca.us/onbase-portal/api/Document/Ad97Id89mUwRKzskQn5lk0gxbo9yjcpO0ca38c1XFHa4AoldJvl6ef5X8guuZ1ZM2sWoPsPtBFFmBVoggyzYCoA%3D/,1983,https://publicaccess.ci.malibu.ca.us/onbase-portal/api/Document/ARbvL5ZmrMavX8XLV%C3%89utZWOXA07Ncy1fj0siF3uov9Ee8UjDulE4LPGHdnZvU0PiO6uEZQ%C3%8919LeBoHF%C3%89Xrr29A0%3D/,1901,,,,,,,,
4450012037,https://publicaccess.ci.malibu.ca.us/onbase-portal/api/Document/AZE0yp52cNfixeBge%C3%896Pkp8flQVnP0xmdE6TIEiyDBeE1Ld5XHPeH7R03gI8yOQOHvbBoka7lI6fbi%C3%89vxbfJsE8%3D/,2025,,,,,,,,,,
4450012038,https://publicaccess.ci.malibu.ca.us/onbase-portal/api/Document/Ab8lEHndg77FOhgmCPvinajkj%C3%89PQ3AXLJC3qbQOtmjU9LoLcJfDQ6eusMWwire7%C3%81jSij2Dp1ymDANEejc1H0vM0%3D/,2013,https://publicaccess.ci.malibu.ca.us/onbase-portal/api/Document/ASwb1PWu7p6woq1BSvGlAOafMqSf12hFnfWYhejxiyiIr4wwnpR0Xw0GunXV60n6MAKv0e8CdT0hL%C3%814GLVaMzp4%3D/,2013,https://publicaccess.ci.malibu.ca.us/onbase-portal/api/Document/AYn1Aa0TCEsmZYsvjvbTfBQgJFsBM1ejuq2vh7h89Ex5UheqvYAplDouHcgVeWjHSZVILJcvAllN%C3%815%C3%892tbz44DA%3D/,2013,,,,,,
4450012039,https://publicaccess.ci.malibu.ca.us/onbase-portal/api/Document/AbdS3eqcRovs6ihbJPRLdFdyzWJWL98qyEt%C3%81b3RMu43XtOIm%C3%89u5e3ebeLYSv%C3%81er2wU5C578%C3%819Lzll2uQhQAuLZE%3D/,2014,https://publicaccess.ci.malibu.ca.us/onbase-portal/api/Document/AVWTO%C3%819CU%C3%89pX%C3%81p6JnX0%C3%81uPoRqWnb6vn3ruTFCjL61rkTVYP2yres82Yxm4eD5eS4QuEHPjzHpGVyTOSD9spM6JU%3D/,2014,https://publicaccess.ci.malibu.ca.us/onbase-portal/api/Document/AQLt%C3%81UhvE0wn5XtlfTVitpOacH8xS7F0chl%C3%89ECPRaEjZOvT7af%C3%81RNNLr7LQnoSfiiyojPocnucrirKG4gzX7ZRc%3D/,2014,,,,,,
4450012040,https://publicaccess.ci.malibu.ca.us/onbase-portal/api/Document/ARAP6lh%C3%89mDmsQ38udTXSFkfI8UNs7POtMRUT%C3%89dD2%C3%89JEa379uE1RbhLqnrHphGPdNqN0OI2UfGLlxdokobDJPMvE%3D/,2026,https://publicaccess.ci.malibu.ca.us/onbase-portal/api/Document/Afcz57I1eSc81PMEgDSXnQuca10kXPbdQKEAWfP9abVQfEDBDJGd0OBXxLZuzmEB8qh6jETnqzDHivBh%C3%89Rv70iQ%3D/,2025,https://publicaccess.ci.malibu.ca.us/onbase-portal/api/Document/AX3fCRpL8r0Bqi5WTDuwJblX4r8B3hOYjzsHK7dxX%C3%89VSiuSK1MimvtvpZnDM%C3%89hbTePvGZVZHhWrQT1r9e4V1uRQ%3D/,2025,,,,,,
4450013059,https://publicaccess.ci.malibu.ca.us/onbase-portal/api/Document/AWJpMKd5K7Bre%C3%897GcdZfXkQb%C3%89rflcuFLM3Y%C3%897mODypprN9cJQJBz%C3%815PSSM1sw75fNIGEOfnSkmxDG%C3%81ghNteKE7g%3D/,1993,,,,,,,,,,
4450013060,https://publicaccess.ci.malibu.ca.us/onbase-portal/api/Document/ARpVgh0MfYPTVX4XjuJTgjDNzwHSbxOpRjeMOpvs7RAsdstjXAXBBW3t%C3%81%C3%81dRacGmUTNKOJ7pHyWQjVNXaZRznxA%3D/,2025,https://publicaccess.ci.malibu.ca.us/onbase-portal/api/Document/AVMGwb86Q3LO7j7UjH82r6xKkJz8zNERg2qSQMMwUNZDKJGt4MKUpWXoQdTN1E3Q5DKutQeCI386zIUAq837zg4%3D/,1998,https://publicaccess.ci.malibu.ca.us/onbase-portal/api/Document/AZ5jY5vCYIhSX1AzHUD5a1rrNMLY95fGk7dzvaEDXZvSwvfMehtCh6mZHKjht5OtMP6h7h%C3%89XUucLuax73x93Cz4%3D/,1998,,,,,,
4450013062,https://publicaccess.ci.malibu.ca.us/onbase-portal/api/Document/AamsFahKQkZY8LUOlfIB9g6adpEQ9J5M7NTWPWuBffFelH7yUQZA9Ng4UUbX6amb3Jnb8dvu41g0jOL%C3%81Vu91dLY%3D/,2025,,,,,,,,,,
4450013064,https://publicaccess.ci.malibu.ca.us/onbase-portal/api/Document/Abn8LCKgUxEAzB270uoEPdHrnZyTP%C3%89GweJ4G%C3%81JlsQBUSWzeId05bPjbgJU4MPKyDSbLXQuXGcYdzu6ebZRzqjnA%3D/,2025,https://publicaccess.ci.malibu.ca.us/onbase-portal/api/Document/AcHchLP4JrOD7HDBBzKxQp9bjDuQgapQuvhap1oPWeIbrAgTLtPmmJcYAqmTXuzkhZw61OM%C3%81MrM6XTk2Hfd3m1A%3D/,2025,,,,,,,,
4450013069,https://publicaccess.ci.malibu.ca.us/onbase-portal/api/Document/ARtVs4ArvBR59KcU%C3%81E9Vi%C3%818QpTKi6vK0kxzdIj%C3%89ufk3DIWqHmGR9N41smcATWuXxlZQIE4U9gCfFQnfZiCUMPNI%3D/,2025,https://publicaccess.ci.malibu.ca.us/onbase-portal/api/Document/AW7jbI75zl8mgqoG2Xkz10XlUXcs4ifrhCXvXFDKUsQ5Lm%C3%89Do8kZ96WIZE5ywx4o41oHzpFxx%C3%814aFDlkoh8rWwI%3D/,2025,,,,,,,,
4450013071,https://publicaccess.ci.malibu.ca.us/onbase-portal/api/Document/AU7wNfXcITQF3fHo%C3%897v2S2nFLn1M4MFLmtMjmgOF9qSUDYfULlWd27c1WKgrYOORf4VUYUqNYOK6zzGuAbEOYXQ%3D/,2025,,,,,,,,,,
4450013073,https://publicaccess.ci.malibu.ca.us/onbase-portal/api/Document/ATjmcHSseF73DmajCCaDoLAXLLd5jofKvKReEFD7s4Y8a67rUEM660wKe5uExBYUTZu8PupCmh8m09C%C3%89NqnAiWI%3D/,2025,,,,,,,,,,
4450013075,https://publicaccess.ci.malibu.ca.us/onbase-portal/api/Document/Ae8IvYJHeNdF5jZUJyhk1hSMnH5M6NwlrQ194A7HgOtlOIira13dyix1J%C3%81OWRlN1Z8KwvbMJFAeY1TjCbF%C3%89JoZM%3D/,1979,,,,,,,,,,
4450013077,https://publicaccess.ci.malibu.ca.us/onbase-portal/api/Document/AbW3M668kmkwYd0rekPYdC72H84omyp6TeRrYA8R6v58F%C3%89e4DvYDbVZmjfJt7y%C3%895LjmccrYWSu83B7bfuJ0Sdho%3D/,2009,https://publicaccess.ci.malibu.ca.us/onbase-portal/api/Document/AT73d5avYC%C3%89R4xJIyq57fAjOs7B0NrdknTZ7Nyeu7WEgxRIcXq6vRJWeYym%C3%89G3Y0lponnEigwzJDVjJg1X10O%C3%89U%3D/,2009,https://publicaccess.ci.malibu.ca.us/onbase-portal/api/Document/AbVEk7awVCs7f2l%C3%81H8wX81msilDdQo7zi9SQfAVsqlkjjng%C3%89HKys8vYwnLGlB3KYXu7XaKmY5MBrGvtLUDxa9kg%3D/,2009,,,,,,
4450013079,https://publicaccess.ci.malibu.ca.us/onbase-portal/api/Document/ATevkjgRgvjSpzohfRuNHxstz4Hn69B4pgpBciXGY1AB41r2GzpaWwRUY2WvdC%C3%89xhk5qYGEECe2dr0OHzFotmUg%3D/,2025,https://publicaccess.ci.malibu.ca.us/onbase-portal/api/Document/AQ8nM8YAAXkpEaKkOW43TSx5VCwdZVi1qY3RH0T8jWDxs6Rx6zvBcdRnrWVcCokSs6CFJM%C3%89Aw9H29mmhQlYBBQ8%3D/,2025,,,,,,,,
4450013080,https://publicaccess.ci.malibu.ca.us/onbase-portal/api/Document/Af%C3%896Xg8DOldCEa9sy4NyIowGuIFx%C3%89jqy0ZD%C3%81IGfYPA97Xd0kdzXj5Y7SpzdFxHdVJASctAM1dc7D6fcrvJ2Ltew%3D/,2025,,,,,,,,,,
4450013081,https://publicaccess.ci.malibu.ca.us/onbase-portal/api/Document/AYOh%C3%8190IVnTQnwaL6ycT5vqz3UMgVrmW4uP6zVbRgeMvjMyQLWIOsZiRUN3Rvsg3y6XUoIX1p15jdKhUErTVcuw%3D/,2012,https://publicaccess.ci.malibu.ca.us/onbase-portal/api/Document/AZopHiST%C3%812%C3%89UPBMUo9qCzKUDSnhTzLxsAc6XlhGaoY0lV3%C3%81dN2r8Q89snivHfb95iNWtMvJqEOQ01RxPicvr6Q0%3D/,2012,,,,,,,,
4450013082,https://publicaccess.ci.malibu.ca.us/onbase-portal/api/Document/AfubmqI61gfJMnl7EMWNB9NCeIiBN%C3%81SGLGYjID6IW%C3%81MNa9GfpNddHp8mVYHhvpth6T%C3%89cVWdzfob9Y01p3nBEYHs%3D/,2005,https://publicaccess.ci.malibu.ca.us/onbase-portal/api/Document/AVz%C3%89PYDO8iyW8qsFm%C3%89Ya%C3%81uYT38iRRzYtBa4ck2DnQ2DOS%C3%89a3gnT6%C3%81E0YmZiSeNQqxupGmCDrMWWUdEwLJRPgGM4%3D/,2005,https://publicaccess.ci.malibu.ca.us/onbase-portal/api/Document/AeX4Q%C3%81kwIMlUOa2SrwWDti%C3%81uHtgocG3fNcRDfgeTm%C3%89XL1RzUQ%C3%89MA%C3%89XNwkr4yFx5wS7S52AVPyUNvH9Rc7zD%C3%81KcU%3D/,2005,,,,,,
4450013083,https://publicaccess.ci.malibu.ca.us/onbase-portal/api/Document/AcdDkNfvokhr3V42YDr8cDJkuR4V3m2IGjS%C3%89hqDERK6E%C3%81Bpcm8Q4juyWgcs8ZwR%C3%89pKyCMKFWs4aXjOuTrjN6wKc%3D/,1996,,,,,,,,,,
4450013084,https://publicaccess.ci.malibu.ca.us/onbase-portal/api/Document/AZGCPZqwbppCyvSXiNY3BTpXv88WyNubMcDBI6q3dPEAqdapxL8qA41324AZQPHoDPMxQyAuRqx3yxOd2wLHWkk%3D/,2020,https://publicaccess.ci.malibu.ca.us/onbase-portal/api/Document/ARKsZ8DQ%C3%81%C3%813K%C3%89qK%C3%89WP4R%C3%89WCS2ZNCYd%C3%89R7aYdBc0N9AZDFzPwcsF6%C3%89uuwxcvmwnfikzxFZ5iBXZM%C3%89FOXorVJvEqU%3D/,2019,https://publicaccess.ci.malibu.ca.us/onbase-portal/api/Document/ARe%C3%89cLQZoyqAAA4Exg2S3rhutBBa2hwRgwVAnpLcKjo9ufRWmn%C3%81NrMBu9UQxdN%C3%893a6RyLLyJACOfHazsutGytnc%3D/,2019,,,,,,
4450014065,https://publicaccess.ci.malibu.ca.us/onbase-portal/api/Document/AS3vqJjydeLVFExtsYHFajxjypMjEwsWfunLircxcuFtRX3V7WcPpCX16ZZp7NUSXwI0t3beWfAYPwxayb5e7mk%3D/,1995,https://publicaccess.ci.malibu.ca.us/onbase-portal/api/Document/AbcA7AAAsCc48BQ8jZcRZr7XreWOFhznM9oMgkwypBO8XY%C3%81pMTnrYvcBfaLzSZosfFiROqu5aIpizSvE5RhOK%C3%81g%3D/,1994,https://publicaccess.ci.malibu.ca.us/onbase-portal/api/Document/AVOqCfA6ZzdGCnsPMJ%C3%89ic7TQ1vIxmkst%C3%89pmp6cnW%C3%89TvvYSw%C3%89e3bYARIThM%C3%89rJLqb8GA3ULmVobT4hEbStA3hgu0%3D/,1994,,,,,,
4450014067,https://publicaccess.ci.malibu.ca.us/onbase-portal/api/Document/Afe5v2TGUkeGgcGVLPXhsm6FXB0Mrthmd5JezvasuYhfRJenj886%C3%89JA80wEmu5Gkd6it%C3%817CVN%C3%89EEic%C3%81uuoHB22U%3D/,1980,,,,,,,,,,
4450014071,https://publicaccess.ci.malibu.ca.us/onbase-portal/api/Document/AfEcaFIr3EJMtb4zRdihEQpKS6FrTja88uN02eR%C3%81TrGbw8Ft%C3%89tXehbc9%C3%89LGT%C3%81LSUBpouagQIb8dKCJRWqLmmEeA%3D/,1977,,,,,,,,,,
4450014076,https://publicaccess.ci.malibu.ca.us/onbase-portal/api/Document/ARXRNzP0XN4CPQdQ7N1%C3%81YpOGyXyKXeNDZIqzs2m3t8f66ZqA8a3iAG9QfCIRz1Hwczl5FjrDvIyaoU1orEZYIr0%3D/,2006,,,,,,,,,,
4450014077,https://publicaccess.ci.malibu.ca.us/onbase-portal/api/Document/AeZd8lP7RDfk4ngQ%C3%894kpdDl1uN0yAarR4sduLcTF5Q9aq5ZSA%C3%89A1tCmyh%C3%81zLyzg7wQfOfDf9aHoXu%C3%89TskUR%C3%89RkQ%3D/,1995,https://publicaccess.ci.malibu.ca.us/onbase-portal/api/Document/AdqH9awPQ7cHVq9pDKI9umlsZ4N4Rt3NcSsi05mC3hxAtrdCyWNqO0oW2MsPd8I%C3%81IcMVMr133HpsOAn4yPcXHkk%3D/,1995,https://publicaccess.ci.malibu.ca.us/onbase-portal/api/Document/AQkc2Iu6aJz3bY735ns5xVHYkSTf26pNLD7s0p7BsaKJ2pTrp2QL1OSUSXgu%C3%89fUixTetg5ff2I5p7mpP69mGwqQ%3D/,1994,,,,,,
4450014078,https://publicaccess.ci.malibu.ca.us/onbase-portal/api/Document/ASaK0EPPUYJn%C3%89%C3%810rGFCb5Vf6v3%C3%81wKr8aBrYBHJggYDl8D0pKOMLWrAqfLPO4iM6yYS1Du9odHIKEXdZ%C3%89NuHQoGI%3D/,2017,https://publicaccess.ci.malibu.ca.us/onbase-portal/api/Document/AUyNF4PRd4u706tl6p4hEvzzlYGI1QmfOidM%C3%89t1fWU2v5IM0a4bOfmNG%C3%816nIKQFeuME3hOBsYQAYpFy5BTBI4Ww%3D/,2015,https://publicaccess.ci.malibu.ca.us/onbase-portal/api/Document/AU8xQDa6Z6Hu683pDYp6Bx%C3%89fCQPtFAmlyT3z8f4Jdxwie4DACS%C3%812nT%C3%89XveIdJ4iGTlhTDDDFKN6YimizbJjVcXg%3D/,2003,,,,,,
4450014079,https://publicaccess.ci.malibu.ca.us/onbase-portal/api/Document/AYoYVOuTr0M8LxlenwuY21QOvBImQckHnw1vkysxXkfSKgYYM1fSjTo3YtJTyAeavtlMP1SGHSyXpKXiY%C3%89HGd%C3%81g%3D/,1994,,,,,,,,,,
4450015016,https://publicaccess.ci.malibu.ca.us/onbase-portal/api/Document/ATun6y5QW9yRQtQmipptXXLhS8pEuT%C3%89gjiY1FYK3yfsBuBwYbu%C3%81rUi4GHLUMI6h4ERGYcxBVUC88ue1MTAvF33c%3D/,2025,,,,,,,,,,
4450015019,https://publicaccess.ci.malibu.ca.us/onbase-portal/api/Document/AbZ7OAQoyMKLsI46ssnJAKo87e9e9ylA2gqSPj5SJCkswCnJX29Ehfd4HVPVORT4qB3MS%C3%81n3d0RN3IjqwehI1oI%3D/,2012,,,,,,,,,,
4450015024,https://publicaccess.ci.malibu.ca.us/onbase-portal/api/Document/ARSAgrNSZiO3%C3%89P%C3%81%C3%89Cs%C3%89%C3%89dmGcBg6QYRpfEhFyRuuKpY69NGljhMhNNws2o8eQNspLBYhVe%C3%81BXV3o8hEA4ofY4elU%3D/,2026,https://publicaccess.ci.malibu.ca.us/onbase-portal/api/Document/AX6dKwiYCf7iC8TNdjGHCyjdsJlNC%C3%89UALhETSlOKI%C3%894zfacToWAxbzPjFFp2hMlN9Dxr5fNihkU2oZw%C3%81U%C3%81me0HI%3D/,2025,,,,,,,,
4450015026,https://publicaccess.ci.malibu.ca.us/onbase-portal/api/Document/Aadft1v5yXo1kDtgaNWtTqj0pzIA%C3%81TIxhd67g2YwzljKZw8OTh88nxpo7MCj9c9eNEfd23a3j1OdQm8gNGM1%C3%897g%3D/,2005,https://publicaccess.ci.malibu.ca.us/onbase-portal/api/Document/AXAyMevBqX5LYucm7uDwAOdOEWnmwHFu5KDHM%C3%89xEg%C3%89khtxMiokvSQzo7KK%C3%89OsCpGWOesIt9B5Ux9rv4CwgnvqZc%3D/,2004,,,,,,,,
4450015033,https://publicaccess.ci.malibu.ca.us/onbase-portal/api/Document/AfcVjB%C3%81awniBiTvxB7h6yErigxzRAB%C3%81B6Goxl77NK9FlDI80bXi7eFKkGOiqTmeTRdKqOWuuaMp3LGKgWmcw4z0%3D/,2025,https://publicaccess.ci.malibu.ca.us/onbase-portal/api/Document/AZaCQR0xt3EvHeuHJliH6SIY1DtL8QORA4wg7fGyLfjdKdzgyR4Z%C3%81TSttFVHQd%C3%81BogQi9%C3%81pavpDIomFp9KT5Gz4%3D/,1996,https://publicaccess.ci.malibu.ca.us/onbase-portal/api/Document/Abgdwg3WLdznfUZYaiJ8zc0rG7yKFgE0g2TIhhPNHVdTL%C3%897t6AUQf9Xis96c%C3%89fAr3S%C3%81gTBZdZcp%C3%812%C3%81T0qYtChh8%3D/,1994,,,,,,
4450015035,https://publicaccess.ci.malibu.ca.us/onbase-portal/api/Document/AV3uZNdUhgJZAAHKC%C3%898g%C3%89q1NAovs6rFuqt17Z73Eyw3JeXMEkcJqv3zOg307%C3%89w4Ypnec9eaagRK4WFyxOeZoedI%3D/,2026,https://publicaccess.ci.malibu.ca.us/onbase-portal/api/Document/AQJ557QeXRMZucyUCqFkHF2lU4tQrKWDrsDcJ9xA%C3%81cWECmgcQFcUGj1VdVHmaNGrezazUSuOuyWKDRm9FHfVeu4%3D/,2016,,,,,,,,
4450015036,https://publicaccess.ci.malibu.ca.us/onbase-portal/api/Document/ATkqXNV98es%C3%81mdeILvsV8jGW%C3%89RjmWyBeM8pmPqdGlNmG2EpkOLGRqlqkuIsezpT93WCfBCnVaK7sEbKfskf9SB4%3D/,2025,,,,,,,,,,
4450015037,https://publicaccess.ci.malibu.ca.us/onbase-portal/api/Document/AZsg3p0HBgnnMNS0FN%C3%89MRYdsOWYvj5jmrCf3DLR5uPulfN5qTyRs5e6PqgYY6Y1giiYhtrp1I%C3%89HlLfSTiMlEFVY%3D/,2025,https://publicaccess.ci.malibu.ca.us/onbase-portal/api/Document/AfwVzc9Yi%C3%81EyFPZdBjUYtGLTSyP24S4aXcuzhoBAxkGrplIZa7UDGdR9IcJRbrClnuTteCTz2YhUdKblXb9fMu8%3D/,2025,,,,,,,,
4450015040,https://publicaccess.ci.malibu.ca.us/onbase-portal/api/Document/AUAP1YOIYhj5zKYthTiRzXVYoyMCaBtfn%C3%89mboOq1PX2cVR1ZZ%C3%81Fvp6YwhQcu6kPvsotrWqY1wVG220FsYX%C3%89ZaNE%3D/,2010,https://publicaccess.ci.malibu.ca.us/onbase-portal/api/Document/ATlPto26GlMHlpFC2tBDRCy%C3%81Ml2SeP1Z9gwmzYiKcYH4APVkLMHhEiGj7zqd8dmxHALtOsIpN%C3%81wb0b1eBjB6mLA%3D/,2010,https://publicaccess.ci.malibu.ca.us/onbase-portal/api/Document/ASv6kElMwNOfAEnxgJndajx%C3%89IeP3BA2UjRSBMvRM3vrXDekBQyuHQ307K54j0DDrX5fBqjbiO50kmPBuGa1IGAQ%3D/,2010,,,,,,
4450015042,https://publicaccess.ci.malibu.ca.us/onbase-portal/api/Document/AQOZBvzpLbBDtqH8LkpAPnGUwgLkhMn9wivr5C8s%C3%896nZ42pVAlTb5wM%C3%89fPMPE4tNMEcoyZ%C3%811V7lcE9WtisDJgw0%3D/,2025,,,,,,,,,,
4450015043,https://publicaccess.ci.malibu.ca.us/onbase-portal/api/Document/AdjqPfA9ZZC6m3BMnzS%C3%81MWo8lB53bzq%C3%81NDtzzq81fts9Gos6sfmeo46Wmvxf4vlCOHlpm5ts6Rs71KmBM0e9Tn0%3D/,1993,https://publicaccess.ci.malibu.ca.us/onbase-portal/api/Document/AWUuhEE746T5T%C3%89EzpEqJ16d0ShRkLGWByKzVF1U9Fxq14vuS5bCHkkYojwrmY8usc6IirJGTfxJvxNSS54lxPI4%3D/,1993,https://publicaccess.ci.malibu.ca.us/onbase-portal/api/Document/AYgqlniLJp%C3%89ujLb8VZkDjmnfOVqBXVfEiQaQK289gfPX1stvW6PQSLYCuXHor3b0YQbHrn0dz9%C3%89Rro8VETe80AE%3D/,1993,,,,,,
4450015044,https://publicaccess.ci.malibu.ca.us/onbase-portal/api/Document/Abem21AvX8G8ahCqlr5IhNKXUt%C3%81COt5crcdaRqeKPfCy0T30nKqK81PCCvyAAHVwPgLS1TSn6lfEtoa3YzSbpGs%3D/,2023,https://publicaccess.ci.malibu.ca.us/onbase-portal/api/Document/AVeiBy7H7GNCXIOOvaxUHNoLve0Dbq1fZMRHNw%C3%89kezM5M%C3%89XXlcKRiGiX7qCehB2SiFjvd11qysRGW%C3%89P3WBcxZR0%3D/,2022,,,,,,,,
4450015049,https://publicaccess.ci.malibu.ca.us/onbase-portal/api/Document/Ae1FzJi3ObIXTJZeO214m%C3%89FbbIDaKxZqmONReeuZm%C3%81pWxUOPU66e2hKR0rnLwJ113Jgz5M3BVSs5a29Cszv7v3Q%3D/,1964,,,,,,,,,,
4450015050,https://publicaccess.ci.malibu.ca.us/onbase-portal/api/Document/AZIZzyVfu5Ym%C3%81baHsrRJMjTIKNSDwl1yc%C3%89co74XD0ARJvjEbjAH38h9mTf20w7saCIQwceibBH%C3%81tRIBPeliWOyA%3D/,2026,https://publicaccess.ci.malibu.ca.us/onbase-portal/api/Document/AfKzA3jzULvQB%C3%81H4Tywwf10cwvPDObrlgrrNCX8cO1sksdoN5rtaf6A5Zubxsexs6ZuuZZRqrgf2fdlghkEmCgo%3D/,2026,https://publicaccess.ci.malibu.ca.us/onbase-portal/api/Document/AR272LOyU9i8IWdeCSK7h1yNXYdJ9BIjPV0%C3%814%C3%81aIZ%C3%81qTsS98WxpkMVbbVuZvvjt5Jj0TFR4ZVQRQcPcPSCuABxA%3D/,2025,,,,,,
4450015051,https://publicaccess.ci.malibu.ca.us/onbase-portal/api/Document/AbA76ZKJa0hBUO79WAIo3P8Vx7bk%C3%89LheJurRLoB10dAbhoo13%C3%89WV51me1yrHyIO0EEOvnz7EH7P2QcZ7wmJ0REo%3D/,2025,https://publicaccess.ci.malibu.ca.us/onbase-portal/api/Document/AYpAsNscVnAGtQk2fGWssEx6XJjjYd3RA9gPsb2ItpJREDS8qyYItRodyByX%C3%81rWKbX6eMqP1FHmhv7jlcQ4A59E%3D/,2018,https://publicaccess.ci.malibu.ca.us/onbase-portal/api/Document/AWfnqnUtsvuviXU0HqYZ8kMnmAtL6OG2TpwmgHdV4MLEVYSmPgehd1j6vnZhma208fEqzrIHBZl7gXYvjOvWP%C3%810%3D/,2018,,,,,,
4450016011,https://publicaccess.ci.malibu.ca.us/onbase-portal/api/Document/ATRrKdKAFItDovNgYbmemIEeeW1QNvXYIj4Dicdn5MeBLxSQJLtq%C3%89SrRl66VjVF2XoYZv%C3%89%C3%81%C3%89Eunh4XrCS9Brml8%3D/,2020,https://publicaccess.ci.malibu.ca.us/onbase-portal/api/Document/AZTt4eGgtOYKcnSKqTlviexJkIMwk%C3%89gVvqsuKAjsR2UBunwYbb6Nu9f%C3%81CJSJAJDHp2hcHPSp29BhEaI50q6Aj%C3%89Y%3D/,2019,https://publicaccess.ci.malibu.ca.us/onbase-portal/api/Document/AW7wsGLqBZWV48GTCJyYsq1G5tIkuxFqtH0a%C3%81dJOjTcZPnk%C3%89ydrSM%C3%89fscf5PJDDa4LRaF7u23KlSp8WeAwSSe2Y%3D/,1994,,,,,,
4450016012,https://publicaccess.ci.malibu.ca.us/onbase-portal/api/Document/AT0ABuH0oq2I3iR0hf70n7VNRH6jW7ZCRAlTY8oe03PT85t93gWX%C3%89dlqRmDbczLpe5peS2WksHKRALyKdURDCRU%3D/,1992,https://publicaccess.ci.malibu.ca.us/onbase-portal/api/Document/AeTMcNltgdPwo73lkkapuIq6SfeFiYztAx9cvMZSz2i95xa9%C3%81y9KUQJLPhGjsrTi0OhiVsol20DuaUVn3xcyIVQ%3D/,1990,https://publicaccess.ci.malibu.ca.us/onbase-portal/api/Document/AZfKxeTDPtAS%C3%81oPzZfDezIHzcBjNncmnAgPnI5JA2OnnHtfGbe2ca3jbyZnqiZAYwMlyteXsEALv3KP4szo3l50%3D/,1990,,,,,,
4450016013,https://publicaccess.ci.malibu.ca.us/onbase-portal/api/Document/AVvfS40iWOQsbIWUr81O8Y77Fuf6qRuaUJxLblHVXnwGhr8B6z2tD33o4UxKYbjm0PdRo0zA7IkyzolUSgPhCaQ%3D/,2005,https://publicaccess.ci.malibu.ca.us/onbase-portal/api/Document/AVtdzV7pbVG2Nxk7sfWuVUCDZhJnTy%C3%8992nDu8WX1LCtKYOkorQXtNqpxr140v23YYSCYDCnDiiPcE5hLse8rL30%3D/,2004,https://publicaccess.ci.malibu.ca.us/onbase-portal/api/Document/AUA%C3%81PZtBqKCQqvrCyhJ81IUfDLrY7GKgkQBCRmxJyEpsXXFMyMMQdBTDUJjjSne4eVPHRDH36RQwzUXVqr2JkOY%3D/,2004,,,,,,
4450016014,https://publicaccess.ci.malibu.ca.us/onbase-portal/api/Document/ASnyvyc%C3%81N7RuBNhXtQO09QJpS0F%C3%81KFIFPRoBQgF%C3%81xYHN8P8%C3%81o2fK9Dc%C3%8993qhholXRVod2E4SZ4EPhkvBW32vkTM%3D/,2025,https://publicaccess.ci.malibu.ca.us/onbase-portal/api/Document/AaYqUGpy4GBFLePEsw6wGDSsEkG0k6VTvytBtfPXfJvxVqfb7jPVAznjm0NLsGKwKkFhv31kyEje3lHYD7sN00o%3D/,2025,,,,,,,,
4450016018,https://publicaccess.ci.malibu.ca.us/onbase-portal/api/Document/ARH9TjsmH77l1QjyKypytozY5ZpUjbaW%C3%89uRlLC7VD7UrunTy5f3BPcGJaUaKLt%C3%89WxWoO5Dr5etaklsVrnnteDlI%3D/,2002,https://publicaccess.ci.malibu.ca.us/onbase-portal/api/Document/AUVyup0VGIZA%C3%81Rr%C3%89aRY02cd%C3%81kgdmsZsN8iTI%C3%81%C3%89SyNtd4AYd9CS2djFMNkiwdt%C3%89GnBIwY5siOOTr5KFe%C3%89%C3%89kf88s8%3D/,2002,https://publicaccess.ci.malibu.ca.us/onbase-portal/api/Document/ARXPszNbYdV0VfiKZ%C3%892iQnmjfZuUZH9SV2uGHKFG3IFe3%C3%81QxWHnZzmv6UbBoeERbjOZgSXgC8pNhq%C3%89JU3i%C3%81cNb4%3D/,2002,,,,,,
4450016023,,,,,,,https://publicaccess.ci.malibu.ca.us/onbase-portal/api/Document/ASZPlCwsmxBbofubgmSPgbtOLzo46qJ67%C3%81%C3%81AMX9XE4J6fkbIsYGf8isOTm0AagSxKqIBXvF02Y%C3%89DuthTPGdp7G0%3D/,2008,,,,
4450017009,https://publicaccess.ci.malibu.ca.us/onbase-portal/api/Document/AQWbT6Tr6zUwEbVzYXuC57QCYCfiZIqSZ0b5fT1c%C3%89jC6QGZ2Ww4oefhDQqC3P5i%C3%89CxVtI6OEd9dDpyD9bLrGZv0%3D/,1974,https://publicaccess.ci.malibu.ca.us/onbase-portal/api/Document/Af6Xp13tZhMgjJ0DN%C3%899GPBLjk98s3TP8uZDv5nkBaJj83sU29g6dCvIIWLbq9JwNI08GCYn4hYI%C3%89OcWjpw9OOcY%3D/,1970,,,,,,,,
4450017011,https://publicaccess.ci.malibu.ca.us/onbase-portal/api/Document/AWga2jp0%C3%89zavmNhN%C3%89wS7Q23yO980nnQD81pobXWyu2RWFHsKbwDV0wVpgy5myfQi9rARtTLV5L4TqYAFmfXGmH4%3D/,1994,https://publicaccess.ci.malibu.ca.us/onbase-portal/api/Document/Abq6NJ0eWuNvx7QO0jhsB2i09qN%C3%81nXgJsJZehePdyu2vZquzO%C3%89vq34EJ9LTdKjwxtRaQVb5gfyzE0FntPAP2Ods%3D/,1994,,,,,,,,
4450017012,https://publicaccess.ci.malibu.ca.us/onbase-portal/api/Document/AReS5gJpw%C3%89fCIsdOcEhnxezEjbPPCTetzpFnIqDzZUEXP5oLL1j%C3%81HLMNZOkmnEmoybEKK1c0S5bJM0SEXyKeuVc%3D/,2010,https://publicaccess.ci.malibu.ca.us/onbase-portal/api/Document/AQYawhyvR4ENuFUFcYzGOiNh5VjTKF3gEZGFCtBNKo20f9qc%C3%89qDfBjRbES4AZ%C3%817NU1Rzg9KQ6b0YDm8ROMnEkgw%3D/,2009,https://publicaccess.ci.malibu.ca.us/onbase-portal/api/Document/Adp2cBv%C3%81h6FPV%C3%81zC3CR%C3%89MgqFjOweU2P5cMxSduN5q8WfRhDW9wNtDeM8NIWvWRDKYOfFBDyTRsR%C3%895wRoLij%C3%81%C3%89%C3%89A%3D/,2007,,,,,,
4450017015,https://publicaccess.ci.malibu.ca.us/onbase-portal/api/Document/AUTkOfjCWWJC1Lfxq1Uhhr06ubIcJBQe8Df0nySpxJ4whCA2UbEns3sfOYkwkKGmzzOXNYpxcF8GLb%C3%81%C3%89z0uOIvE%3D/,1979,https://publicaccess.ci.malibu.ca.us/onbase-portal/api/Document/AQyDA7U7%C3%816OEtPmWUUBy%C3%8126OGwoxwwyNGQtmHv1sRffDPujJ%C3%89HMKBHUx9sAQqvCh617t%C3%89TvxxKLsA7mJlzC6Vnw%3D/,1959,,,,,,,,
4450017017,https://publicaccess.ci.malibu.ca.us/onbase-portal/api/Document/AUq0OCTvjm1TJRhRymOB2Inn0IZHZUlBqARoM6yybMsnqgq5SlQPXnZFgBF%C3%815T0gVlp%C3%89SKh6xBa8V1cPNAVta38%3D/,1997,https://publicaccess.ci.malibu.ca.us/onbase-portal/api/Document/Adcn8A2vv5s7zqEys1uX4tw13s0TJgtr2%C3%81a8TJOikjr6DxYms3fokoP%C3%89q04XqaOOkVcPMsEuSfZGQvZ%C3%81rZ%C3%89kFn0%3D/,1997,https://publicaccess.ci.malibu.ca.us/onbase-portal/api/Document/AVR6CKiYvyIdIMs20Vdwo5Nnhm%C3%81q1qJxN0Q5uVIqPDrmXygPOXHmVW%C3%81uDWQESTXWzxZB%C3%81HW0i2rRn31rgECr1gg%3D/,1997,,,,,,
4450017023,https://publicaccess.ci.malibu.ca.us/onbase-portal/api/Document/AXe7bnxaF%C3%89cPX0aHiI4cQKCm6i2zr%C3%81Ro59j9A3b1T%C3%890cQlCB%C3%89DBcPKWhYbrMRkYVI4F6Eua6BC38sGO9W9FUAtU%3D/,1999,https://publicaccess.ci.malibu.ca.us/onbase-portal/api/Document/ASxux4oTsidxQGMzWG8gWO5mfpt5PPZS2APkEO9Lx51ETLTVCHJCYSiyU2770wKSyzixBBH4G6ngX5aEI43MP4w%3D/,1998,https://publicaccess.ci.malibu.ca.us/onbase-portal/api/Document/AeVepXhkekeZ3na2z%C3%81omWXJHbKDeS4gvDFUnhGQa50pCuP98uUJrR3Ele1lFg246hvbS9JovOsiyIIKjzwA9cEk%3D/,1998,,,,,,
4450018013,https://publicaccess.ci.malibu.ca.us/onbase-portal/api/Document/ATvthFf2VKYMdfBRY%C3%89QeWT10Ni1i594cNqNxySAK86YaVZcYCeyQhWOne3fzpYsacddqzgTA6nd%C3%896z92fTFh8rs%3D/,1977,,,,,,,,,,
4450018014,https://publicaccess.ci.malibu.ca.us/onbase-portal/api/Document/Ac0bSdQOlNhTbAE9Ld%C3%81Xkf7b%C3%89%C3%81ZI%C3%81tiEKaV9WM4Blobl7BE6UUZZXPoohdxMAHEEV5LCbL9IzZdDk%C3%81Qs1R0FnA8%3D/,1992,https://publicaccess.ci.malibu.ca.us/onbase-portal/api/Document/AVapfZGCmYCsfLepFvb4tL4HZTIna8truhsTyqJf2FeU88kmSPHnnEERIXC%C3%816Qzw9jzuC2Kbh7IcGjPvvhNtvZo%3D/,1992,https://publicaccess.ci.malibu.ca.us/onbase-portal/api/Document/AW7oMHY4qsZSfNGumcWVD5bfqNCFNK0BzYq8Yzabs4x%C3%89qQzNGW5TwuHhkFnDJq%C3%89kk2c570R1lrQwPWKF7rYAg1g%3D/,1992,,,,,,
4450018015,https://publicaccess.ci.malibu.ca.us/onbase-portal/api/Document/Abmmht2an2RlMS1dSMZ68icivH955yucOYeSqTsHJ%C3%89gBRDmmYI7yEEkZ%C3%81Gwk8fwPc%C3%81WfQj0UTCzv9Q1fj0qy%C3%81U4%3D/,1998,https://publicaccess.ci.malibu.ca.us/onbase-portal/api/Document/AZeeTQpmKG7Va0tLLk%C3%818FDJhOQRzECshAxrwuF3Tqf3oRS8M8vDfwKuZxd7LtJDyNWacet1ueD7Y%C3%89jxr6aDXjn0%3D/,1998,https://publicaccess.ci.malibu.ca.us/onbase-portal/api/Document/AS4Evfnl%C3%89sjsYQqRwaaZ4cF1%C3%81myqjseGX4UM2tSqGjdBRiCMloxmKhk5N33vrtCdfgb2uptG%C3%813pHYLc16jC7z64%3D/,1998,,,,,,
4450018017,https://publicaccess.ci.malibu.ca.us/onbase-portal/api/Document/AR6r%C3%81PKgPma3kG7Vhwjel8b9py5104DdGgQDQzugV0nSUt44ifMaAW3zydmsZUbbXodlEhLySMEly9uzwHlK8r4%3D/,1992,https://publicaccess.ci.malibu.ca.us/onbase-portal/api/Document/AWADvWKSZi63pzItPAHFN9t6XnaKIQV9ddGgEaAqJ7pXz0wRLcfSGWulXOeIgtpfQwzMqM1pS0VyW01tb1HjNKY%3D/,1992,https://publicaccess.ci.malibu.ca.us/onbase-portal/api/Document/AU5NlXNmc7gfLZYbai6O9Ef8P8VC6RH2o%C3%81f18jKkv5iyLPwpnUgl7yXkyELL6D9mx5aU2myZC3Q3YXnvX6MIvEI%3D/,1992,,,,,,
4450018020,https://publicaccess.ci.malibu.ca.us/onbase-portal/api/Document/Ab7szgpCezWoWsRfob%C3%81kTW1XLEQTooiPfsMgohGMxZPDcBMs68VdM%C3%81a57WzYbvk%C3%81Y5MfhUDW0XYKDRMBXrGCDnY%3D/,1964,https://publicaccess.ci.malibu.ca.us/onbase-portal/api/Document/AYvZTYR5kdSbZ2dlwAslUajvK%C3%89nX8Kr2%C3%81WFtqJTniuWD0hTXxy03epMSx6ZO%C3%89uAY661vTXEP%C3%81odvhQO7Kbq7CYk%3D/,1963,,,,,,,,
4450018022,https://publicaccess.ci.malibu.ca.us/onbase-portal/api/Document/AWgSP1NwIxZfUGj3QljOwLTmtVTiKdYTqbw1%C3%89UbGT8DBk1mmDpZGOuiBm0t9m8OD7y0oiyBDO8aCM6QI%C3%898Bweus%3D/,2019,https://publicaccess.ci.malibu.ca.us/onbase-portal/api/Document/AXyayqEqCIisp4Cew9fA%C3%89Ft4COwQb2bPKF0gFwr8MgR4CgmVtWLF3VutTvpJ9nsv1v9HAE8%C3%891Hc6wDCN0R%C3%81mPcQ%3D/,2019,https://publicaccess.ci.malibu.ca.us/onbase-portal/api/Document/AawS2tiAI9MZyWGkh%C3%81D9aIeBiKSWqwFGbMArznxTCIz3taaVErvP4mX0NI900UvwpqV9GR5L0dks0KNXd3zXPsY%3D/,2019,,,,,,
4450019022,https://publicaccess.ci.malibu.ca.us/onbase-portal/api/Document/AXZVhuPZiYswbYq3GlPInEBmPSSUhSGPa2YyZPKgK%C3%81vNeOMPiN%C3%81tr%C3%81jVUeRvjbgyCCkkijXtjiqfT%C3%81ZimI6pY6M%3D/,2022,https://publicaccess.ci.malibu.ca.us/onbase-portal/api/Document/AbwDBqLR6OKkbeESxwGemWTFluYRzfYrpE8WbZUb8LnIhUAL2f0YkryYd3643RoOAyyqwWFlu%C3%89Ia%C3%89FU0WOY3nOg%3D/,2022,,,,,,,,
4450019024,https://publicaccess.ci.malibu.ca.us/onbase-portal/api/Document/AT2n%C3%81Aq%C3%81xf3e5cZo4%C3%81amR6K8XdL%C3%89vihlpAOGlXQCuM9ruuxFyi6wl%C3%89ii1hJVz6%C3%81YwyBDioCBX%C3%89pYLnQRXoLsNRw%3D/,2020,https://publicaccess.ci.malibu.ca.us/onbase-portal/api/Document/ATr9Oknyda6hihqVYOukYeM%C3%81fDrkJ3rYJukDbGHSiF37%C3%81jLld%C3%89ytUTvPwFWDc1qF5tbq1XwuKFO%C3%81P9P22mlZvzY%3D/,2007,https://publicaccess.ci.malibu.ca.us/onbase-portal/api/Document/AcUUFULl5teOVlbnCFggHBSUtzW7bgAOAwUihjzXmyVOlqJVzP6kqn4TUGI8Fg7XaGI%C3%81MXJVaLQVJ%C3%81PfTnjs4UA%3D/,2007,,,,,,
4450019026,https://publicaccess.ci.malibu.ca.us/onbase-portal/api/Document/ATLpWRlVkV9zd%C3%81fqPVwdeN8k7gLBwDJpv%C3%89DPrTDiBF1qvouvMBx9oCcBKYfqa5RtaFh%C3%81SFAoa4RNg9junIKR7KU%3D/,1978,,,,,,,,,,
4450019028,https://publicaccess.ci.malibu.ca.us/onbase-portal/api/Document/AQ4QudS80uFGbYzRhbYji%C3%81u%C3%81YzR2E5XaN21q1Yo9NJ4v5PgXoABFdYTBN4hXPtnKz7sHX3syvqzBsqtlYhmE30Q%3D/,1981,https://publicaccess.ci.malibu.ca.us/onbase-portal/api/Document/AZq6WRiUdQ9RxP2pl9bRsFSJxlke%C3%81%C3%89gC85gaJoCr5kFBVs7xzPtIgZIq%C3%81qYnrmzmYjuXviei8Voql8jF2qRYcUg%3D/,1980,,,,,,,,
4450019029,https://publicaccess.ci.malibu.ca.us/onbase-portal/api/Document/AbTkcpORukryOqHMuxUYl%C3%81GfFZ%C3%892vfG47XxEalYx9RNRRZX5lvc5MfjJl9z3kR3%C3%816p8nKnvmrLqozBvy2w4Lp0w%3D/,1983,https://publicaccess.ci.malibu.ca.us/onbase-portal/api/Document/AV4Ryf7U52p8Zll7TRckjoLpfhPILt8ZBsPfySoejPhLhwV9qQVYF0AhUte3FbHEXDSRFWM3R%C3%81upvbswaAkSl38%3D/,1983,,,,,,,,
4450019030,https://publicaccess.ci.malibu.ca.us/onbase-portal/api/Document/ARWf6E06W9pJI6iKQaCtqueGRdS4OsUIhNwLHF3V%C3%81HiWwa%C3%81Avj0lXPgpybMSsR7gzPwNxYgAEaqToLYnm7CV7kI%3D/,2025,https://publicaccess.ci.malibu.ca.us/onbase-portal/api/Document/AdqXZ%C3%89%C3%89f%C3%81Kzk9UKTVrtsJ63nKtH39ITc1qh7ZFAiMJbL4znj2vhOXG2TPi%C3%81RmpwyEp1SgMEnnJU139BLRWgm9AY%3D/,2025,https://publicaccess.ci.malibu.ca.us/onbase-portal/api/Document/AdHJz4ircPYDoGArOmc%C3%81%C3%89lvAbNrs4pJ9v3RmAdlVcifxzsfAIricVNDR1NzlGgHNnwC%C3%89VFVtN61SOyEqtVYNc%C3%89E%3D/,2025,,,,,,
4450019031,https://publicaccess.ci.malibu.ca.us/onbase-portal/api/Document/AbTX01bwiF%C3%89nU181nY9jl4mnm410Gdh6thYn5TkUta%C3%89NAlHEyjSFDSbMiXVUJmLLjzo%C3%81IqWc2iow1OyRpmEORhE%3D/,2026,https://publicaccess.ci.malibu.ca.us/onbase-portal/api/Document/AdNUm1JQXFPqVovasJqTWeprHJWLsV1dQ2XYlpPPmn1ZSq0sLCBt%C3%899VeajJgl6RBVqunolIpj0CCljwY%C3%89k%C3%81uXk8%3D/,2025,https://publicaccess.ci.malibu.ca.us/onbase-portal/api/Document/AVjg4sMEe7%C3%81uC3iDJS1kt7Wt4MV6%C3%89qlVFO2V4CiBHXzkvKpMSGNu96JEZn4KeUxAve1L49%C3%81yS%C3%892fwbenZ3eahRM%3D/,2007,,,,,,
4450019034,https://publicaccess.ci.malibu.ca.us/onbase-portal/api/Document/Af3utH7TnRy3GoJCV2oftiaw9eh28eSZTTQh%C3%8109NgADozIhjcWnRHXfMTjBt6OjOqtS3wQL5z03WY5gebZXgTbA%3D/,2010,https://publicaccess.ci.malibu.ca.us/onbase-portal/api/Document/AfmeFRW8MvR0rpvI680Hf67lI5JFnJ3t32T94dgNKWnCNr6IivGbWdXiz%C3%897rEycSDLonOASFGfP6duiC78%C3%815V74%3D/,2010,https://publicaccess.ci.malibu.ca.us/onbase-portal/api/Document/ATPn9ryake1kQA9gUT6J3McvyDzykTbE65DOX%C3%89lZaWvCXLDB4nSsxbkMM2KY7h7DrD2tbXHON2my7M%C3%89pnWfxTzw%3D/,2010,,,,,,
4450020025,https://publicaccess.ci.malibu.ca.us/onbase-portal/api/Document/AUkhINQggn37aZ7XdstimFc4V%C3%81BRhr%C3%89lOkZazASgtvn2rDE%C3%89%C3%89CsrP9F9tmC9spGGnYCtSphwffTdisUcHIhMTn8%3D/,2002,https://publicaccess.ci.malibu.ca.us/onbase-portal/api/Document/Afux2x6K1Y%C3%89YkEj%C3%814%C3%89y3shTi6WZj2IelEF0AkgA2HFdFiESwvnOrIYxdJ5MYLA32tHb4Y3G1dR4Sm8EW%C3%81EzVJa4%3D/,2002,https://publicaccess.ci.malibu.ca.us/onbase-portal/api/Document/Ac0apUur4J9FnNFsRGFAquNQ%C3%81CbNkI3jyUxqj9YRUdNKwzFQL3MaJgnZ99cBMnDFj5W%C3%81JUOQyh7sRSjhJkh7IYE%3D/,2001,,,,,,
4450020026,https://publicaccess.ci.malibu.ca.us/onbase-portal/api/Document/AT2vIx%C3%81M%C3%89CgMpYRZR6XXmyHVoUIun8TARbITvF0%C3%810iotU%C3%89aSe2WVKjyPiRS67PxO2WfEFn%C3%81vz1UUye%C3%81%C3%812gRnOBI%3D/,2001,https://publicaccess.ci.malibu.ca.us/onbase-portal/api/Document/AQi7dWdAfYQ0F1QTtOP%C3%89aPjzeEaCEQMzfeuDBwew3yYOw9TdHMPk%C3%89vhq%C3%81MUwT4SJO6FuTkinQLgxrN%C3%8974i0qZds%3D/,2000,https://publicaccess.ci.malibu.ca.us/onbase-portal/api/Document/AcKHBqDEzeCfIXyiBdcD2ojVUMMzKNjtm7%C3%81lL0Xu0kxSLYbP7DXzX9btqCSfSp8e%C3%89TNBFte%C3%818%C3%89FxRAnnHfnvt8g%3D/,1999,,,,,,
4450020028,https://publicaccess.ci.malibu.ca.us/onbase-portal/api/Document/Abu9QG%C3%81LHm5trsA%C3%897V7t5kU%C3%81Ava4yLGPFPv%C3%81EHvCnLQXffJO09OLdw5cI9%C3%89mjiCyOWnhLT9XZb1sjz8V4Z3SO0A%3D/,1966,https://publicaccess.ci.malibu.ca.us/onbase-portal/api/Document/AeHDBQj33BhsfYu8YMplgiVfsh8ZuO9Ql%C3%89UenNGwLWcLqwFL7nKimRcZ5xSrMr5VKR3%C3%89g1Xj5ih1Q5hR9sMNf2I%3D/,1965,,,,,,,,
4450020029,https://publicaccess.ci.malibu.ca.us/onbase-portal/api/Document/AZKbgo7uBMQuuP04bDvG2PPwlBSuO7mkzPbGchQnHTgJJkPDBu58mTgH6EyowugGAREgd9mYjy%C3%81A%C3%81ODwpviniJ8%3D/,1991,https://publicaccess.ci.malibu.ca.us/onbase-portal/api/Document/AeObVHwE2oFpnvakp55v4CpGewD8SncNtAqldykLgVjvq41KyhsvRJAoZ%C3%81OnFkCDSQFcVsJBDAFkEPcRD0IBK5c%3D/,1978,https://publicaccess.ci.malibu.ca.us/onbase-portal/api/Document/AV73VudEHAJjsK0F8ZMEjxcYh3P1caiQtPMleMdfgsuzYCOsZORpBcU%C3%8108akhW9W3fx5DNoKPRIo%C3%81CjgnwpKDAk%3D/,1978,,,,,,
4450020030,https://publicaccess.ci.malibu.ca.us/onbase-portal/api/Document/AV0PU4CCbwL62dRbf8gUKmTFNrAGCIHvO3usAg4iVds2iKyCADRkJwetx3sA3kDxt38Z6gDbEZbcPZvw%C3%81dMLN7c%3D/,1999,,,,,,,,,,
4450020031,https://publicaccess.ci.malibu.ca.us/onbase-portal/api/Document/AV73yeaTKpKPeWbCr5dLjChwrPL%C3%81kf%C3%81sE1HulJoxhGVilQDzcBCl6g%C3%81Wi03KXlMl8Q3vyY84yszBTK9tiOpVPp4%3D/,2019,https://publicaccess.ci.malibu.ca.us/onbase-portal/api/Document/ARZqnmK4WSrawreLBXai8kNV1bL%C3%89w%C3%81EW6%C3%89mUy4hnjJxHBmUmERs4OIA10BLz%C3%8978u531ZlfxeSpvSVYISbAVpenE%3D/,2019,https://publicaccess.ci.malibu.ca.us/onbase-portal/api/Document/AU8C3XfUanZm9ffuLv1K%C3%89r1%C3%890O5xl4CzK0FeEjhNb%C3%89rnWoWfPajio4siR4ZSG9kXuVaSxftRvsq2CMo2GD2PUCU%3D/,2019,,,,,,
4450021043,https://publicaccess.ci.malibu.ca.us/onbase-portal/api/Document/AeJPZ7qUUjKJtpCamIkIlWvErF7ZwFBNAhE%C3%89%C3%81vEmgykd5fOL%C3%89isF0PPIqMn5PhRJHCgKSlL0yYlDhyPfKKh7VGo%3D/,2025,https://publicaccess.ci.malibu.ca.us/onbase-portal/api/Document/AQa6wKvrUqq5magXt8Db5F7OOVub6J32Q7%C3%81D66BN9QahB8WsGsNAYrkMDeCcyhb%C3%81UQFhRbtmLDuaiSWY4%C3%81W27zs%3D/,2023,https://publicaccess.ci.malibu.ca.us/onbase-portal/api/Document/Aa7z7w2wlG6bV1vSIMbohdFi2cyk2296J6jnbfuF9wHl82aIslQe06ynwp6em6plVmcqjqsQs3Ch6yQmLwogNV4%3D/,2023,,,,,,
4450021044,https://publicaccess.ci.malibu.ca.us/onbase-portal/api/Document/Abfj1koY%C3%89Itknt78OhpNPDt3sbgCemt6Cs%C3%89ZyHH9WRhgrDQrVgauCZY7PRv4ElI%C3%89Qc%C3%81dFhLDFzBxOZ7aWeXzOmU%3D/,2013,https://publicaccess.ci.malibu.ca.us/onbase-portal/api/Document/AbS5BqpfDlNn9wWr8fZKvl8x7AxRDLj6lgTchC7tI4LQafXrxnw8wvs1L1xb8UJlKiFPlKDyCJLHGkvgboeZTJg%3D/,2013,https://publicaccess.ci.malibu.ca.us/onbase-portal/api/Document/AfhaTGrLayBNbHFwK4TuM2yJCba6%C3%810yXrtedGk9IorVDbXa%C3%89k6PA%C3%81KJiNd2f%C3%81K%C3%812bgnsG5Xzya0mNB%C3%81sgydT6nI%3D/,2012,,,,,,
4450021046,https://publicaccess.ci.malibu.ca.us/onbase-portal/api/Document/Ac3oTlwTg0mw0ry3m5CMmbtLu91Z6qaG34lyZfoQJn%C3%81mpkASzpwjIDFyB0%C3%81LciuMu%C3%895Cre%C3%89%C3%81LrodNH4Ly6gmwXg%3D/,2004,https://publicaccess.ci.malibu.ca.us/onbase-portal/api/Document/AQmnqCmKrDcc2qKg%C3%819gp%C3%81o0xWx11yMfsUy8A9MCAVAK3cN1b3QT9DJXc5rmFa6vYGTqA5QBGc5RkaLHcRYZEaow%3D/,2004,https://publicaccess.ci.malibu.ca.us/onbase-portal/api/Document/ATKEce8OBHVEE%C3%89ikwkEaDiSAR90W932z5u8nuxOoZPLiZqaptxkYH%C3%898WQ6caIKFn0xa7N7AGwEj%C3%89hvvYctM19pc%3D/,2002,,,,,,
4450021048,https://publicaccess.ci.malibu.ca.us/onbase-portal/api/Document/AXECShEUK8axu2rwWXLV012XQVzU0U8RUzYTf2HA3Y19xVpZ%C3%8121TvBYqxvYmsJZm5f%C3%81rux3okypezkDLuOw%C3%89dZs%3D/,1965,https://publicaccess.ci.malibu.ca.us/onbase-portal/api/Document/AQH%C3%89FgJclAWckcg8L%C3%81GjY8M34YpT90lLclIJFvyCigCUHWWjXS7tUzgdQvFEEDLZBaNczkrrDZnSU%C3%89f7S6OJ%C3%813I%3D/,1965,,,,,,,,
4450021051,https://publicaccess.ci.malibu.ca.us/onbase-portal/api/Document/AcQqEzwCXszy%C3%81EbvtYlwR3rXc61%C3%89unkhLD9WSHwtm10SIFixc1GDndTaEJ9h9QvcIrNx7v6XnH6XCkdhai0ijc8%3D/,1964,,,,,,,,,,
4450021052,https://publicaccess.ci.malibu.ca.us/onbase-portal/api/Document/AbL744ZyFlcLEKGqm0fAVhxkJvLD0OM0m9s%C3%81JTx7JNCaYCTrxg%C3%894Ibl0AIUM6AAXi2VnCxfHZxdxopQHITPR9kA%3D/,2001,https://publicaccess.ci.malibu.ca.us/onbase-portal/api/Document/AcP5q6prZZUhxi9LrGyZV%C3%81lse46H1r9asSjJFTzc2NmOznqGHFHnfSaz7OuJ%C3%818Z4Joi6tBSP%C3%89215RT56905Ez9E%3D/,1961,https://publicaccess.ci.malibu.ca.us/onbase-portal/api/Document/AeWjWarGUPGRg0BrX2etDQYJdKP2eBm6gkFaF9kuv2fGHcoLnrzdbYPppneVqO5RRqVLgYIgxd49MYJ3GfUdn2c%3D/,1960,,,,,,
4450022047,https://publicaccess.ci.malibu.ca.us/onbase-portal/api/Document/AYFMFaTYyCWAZwZrBtQir8IqTll17vu6ThSysTOY5zzVN9jwGbA%C3%81mrJDuVIw0bsV0PolFZXXxLzpNsj%C3%818XObPGw%3D/,1990,https://publicaccess.ci.malibu.ca.us/onbase-portal/api/Document/AVoXgOWGXfCK7KN8saa3vBF3JZnaGnlVZviZqluFLHH2g5y5JdcrCyf%C3%89KQ7LtsVTOH0NGTk6fbZB64jiT9PUUzY%3D/,1974,https://publicaccess.ci.malibu.ca.us/onbase-portal/api/Document/AenVDL1WWTHpAKfX7loMSnFyW8BbbkLzCJ%C3%81zWWYP0SbVa5kmIbVWUTcdalIdC1amWTsZM%C3%89DyAT3HndyQOQzimMY%3D/,1974,,,,,,
4450022049,https://publicaccess.ci.malibu.ca.us/onbase-portal/api/Document/AZfb529tkwIMOGjUF5ehqNmxOmErbTi1w3iAlUo%C3%89yU3LbK2wF2g0qcSDSJUbEwHTChz24%C3%89dO5RC3%C3%89xyQX6pli0I%3D/,1977,https://publicaccess.ci.malibu.ca.us/onbase-portal/api/Document/Aecib9aJgMgeDV%C3%81v8NYCUBF4Gy15wdFfzwP5NAf61ux6AFN2E30oOg%C3%819ctJwrTxCQUYYbomEuc3jBLYnUoquFTs%3D/,1977,https://publicaccess.ci.malibu.ca.us/onbase-portal/api/Document/AfMN9rlodGi4W2e0c7nemUm2qT09G7LR7DvkbrUEBZu6nzUJ%C3%811ptfuzPvjS%C3%8929%C3%81uk%C3%89cCblKIC%C3%892pK84u7jpTNX0%3D/,1977,,,,,,
4450022051,https://publicaccess.ci.malibu.ca.us/onbase-portal/api/Document/AWWr2b1C4TI3ux2ygRMU%C3%81kU3NdNgg5G%C3%89yIJMwk%C3%89ziQVYwsPOQlVZjr43JLyDZwOe0fSm8IxM642hu1x0JVynBrM%3D/,2025,https://publicaccess.ci.malibu.ca.us/onbase-portal/api/Document/AfvTltN2%C3%81REQ8xddSkGtQfbWwMMbjartxaYiSbV7%C3%81PvTmOKam%C3%89UENHFVhyfIA9vxL%C3%81Y7D0KNUxhjK5w5tkldDQc%3D/,2025,https://publicaccess.ci.malibu.ca.us/onbase-portal/api/Document/AQDG4L8XwdNNeD6PQWJB6ogrjTpy9sWwMEi4RU5IwogZW5hYxmBac61aapUXGiYbOr3dG%C3%81LSnsDx07uPnKVJeJs%3D/,1995,,,,,,
4450022053,https://publicaccess.ci.malibu.ca.us/onbase-portal/api/Document/AczKcYgbIeJYr0ADQCBUiX%C3%89gML7MIvVR31raOVHTwPYWtJb08OrcBrEO%C3%81PZR1kYw60bbHc5DL6TYs22a7UebNxM%3D/,1976,,,,,,,,,,
4450022058,https://publicaccess.ci.malibu.ca.us/onbase-portal/api/Document/ASLMhP2qxxUlNJmsi5YtYxCT%C3%89B9XvVtVVfOx6B0T98LjeeOuvkxPESBYp%C3%81W%C3%81V6v4EL8ELLzhPr8j1DZ0LkRiPhc%3D/,2022,https://publicaccess.ci.malibu.ca.us/onbase-portal/api/Document/AfpU9yi5g4UbE0zLXfiITegoReetbIGZfI%C3%81nawS5rIof5uI8J%C3%814NlJKfR97wK5zYvrBG8P7KpwZArU6J%C3%81MlU6WU%3D/,2022,https://publicaccess.ci.malibu.ca.us/onbase-portal/api/Document/AVT7%C3%81tL2xVfcKbFcKo1XJmiRlVUCV3dQOg7rr3NOXONRnDuTBBvnT3JdluCPV67eXFlAsnOULGCtXZfbvkW4UnY%3D/,2021,,,,,,
4450023002,https://publicaccess.ci.malibu.ca.us/onbase-portal/api/Document/AcfLA1K7XMpl6VNhz6V%C3%89fkcW34XDmlWxJQJ8hhld8OXy%C3%81A5USj8ZKNJfQYj6MuRmOktQtwo5iEkVTC5oOZXNrfI%3D/,2013,https://publicaccess.ci.malibu.ca.us/onbase-portal/api/Document/AfoqakQViAZ0rUGAmOv%C3%89ttWJbNwKxDg04O3WWNA9555NFcieGYCoB0eG9VZgFUTFHZQOeVJCES%C3%81V3bYjMMdIiGk%3D/,2013,https://publicaccess.ci.malibu.ca.us/onbase-portal/api/Document/ATKs6FLREqeO5hrRKSxyjc5Sh7UOd6YPDFOIXwUr5jylR1FPiV5csvDDoz7UjXTV9S4QVmTklyvrgs9MnJ1MCjw%3D/,2013,,,,,,
4450024037,https://publicaccess.ci.malibu.ca.us/onbase-portal/api/Document/Aev0GYnCA545V4MnjhDRl6mBnyFUH0CvqbpFjSr4Sf4xxuO1Z%C3%81Wv%C3%89RdWyyh49LaXsRADE5xOXnV%C3%89qD%C3%89icEL5hOA%3D/,1981,https://publicaccess.ci.malibu.ca.us/onbase-portal/api/Document/AU2MIn8rwx2ZsFAeRSKf%C3%891mCJY4T5YKSd6rbaTOFJF1Zxz%C3%89VLJHfb2NMgScjwkllsAW%C3%89KwyYGapHRsm1B%C3%81NrVuU%3D/,1981,https://publicaccess.ci.malibu.ca.us/onbase-portal/api/Document/ATG7Y0ihHTLp%C3%81gvGrjm8aY%C3%895nyYlfKcOQpr3AJEnZ4HHLMLE4ELp24rAzuQlo%C3%89AkarvU0Eh6CCeZ3UhWnmr0hoE%3D/,1981,,,,,,
4450024038,https://publicaccess.ci.malibu.ca.us/onbase-portal/api/Document/AfLEi8qUhj8jRN2rCYIR8Uu5r4X49GXGNm9tBVNXe%C3%89Ns1o9ugwHLfgcWMVRKl4yxsiRl5fIVWKQ4bMavpReqCbM%3D/,1998,https://publicaccess.ci.malibu.ca.us/onbase-portal/api/Document/AeyixnXe2T%C3%89C%C3%81vkX4alSfVTgC1bdYXsKa8PMHLLfWNBMSACbgyGhdT2WxsLB8Ynh23keCCOXV96O5Q7W%C3%81SVkeHo%3D/,1998,https://publicaccess.ci.malibu.ca.us/onbase-portal/api/Document/AXGoexzXY5gatgDQ6PNH7AlS2dl5DF5apCSzVA0IDBOMQLpjOeouZfWiEqam0a8rYpx0dX2Jsyc5DwZAUibdMFo%3D/,1997,,,,,,
4450025034,https://publicaccess.ci.malibu.ca.us/onbase-portal/api/Document/AakzeEMU1vq18EOJgkByG5yzRmO4oo1rf7%C3%89k7sqeKosKv60wthZIOHEHwA5D%C3%89dgjqcrap3Op%C3%89wuybMdIjCzRLIY%3D/,1995,https://publicaccess.ci.malibu.ca.us/onbase-portal/api/Document/AeJedvgyW27Yx%C3%81QionNjCrErGKO5Dly70Wk%C3%89qss6lHcffAmri%C3%89xtebFl2DCy6uzpMq2Y2Ysi2p0eyv2cwGplfnk%3D/,1995,https://publicaccess.ci.malibu.ca.us/onbase-portal/api/Document/AZMsmi72tKBuERgQBzjjwqbePyfCal%C3%89pSCo6TBswpqGpnY92aFcPq0oFEujqOvWNH3EbqK2D8K4w24GS5FWWTPY%3D/,1995,,,,,,
4450025035,https://publicaccess.ci.malibu.ca.us/onbase-portal/api/Document/AW0sP5vSascS6gVsQ0BxphFVDMd%C3%81IUzaRdCE%C3%81q%C3%81sasOfEez5ADYdpHkhbXbC3QsRGJVUOBvc%C3%89qnWtMZHgLD6Zhs%3D/,1998,https://publicaccess.ci.malibu.ca.us/onbase-portal/api/Document/AT8A1CtTxQ%C3%89oRi0i1u7oUrVirPzo%C3%89%C3%818ZcwP4nVPaAd%C3%81%C3%89tHP9Hittq4KVI0HH8inyVwtCUkHn8RzFqsKC%C3%89Y%C3%819d00%3D/,1998,https://publicaccess.ci.malibu.ca.us/onbase-portal/api/Document/ASIw6NPANt%C3%81OGQOv4%C3%81ueSkL%C3%81JrV7EJBne1AxqILWvEVnrorKHSa8Q7DsdqG2TDk1PpzcjWZ379mUGjXb%C3%89b09W6k%3D/,1998,,,,,,
4450025037,https://publicaccess.ci.malibu.ca.us/onbase-portal/api/Document/AbdVxDrXPkE5kZVjaV5i35YAw3zxwykDg0HmSdqxvsZ9ei2W1L1AQDGxuSToXo1fQdFinXgaFScxiFNqC%C3%897B%C3%89GY%3D/,1999,https://publicaccess.ci.malibu.ca.us/onbase-portal/api/Document/AWvPl69jKXpjZUepKgbQyYC3wpq484rfsU1tehKADz%C3%817%C3%8159N16t85ilYLMMJ7LRoVPvL1ntDFl9eQfEDmhzOskc%3D/,1999,https://publicaccess.ci.malibu.ca.us/onbase-portal/api/Document/AQ%C3%89Dttes%C3%89rbH4hwW6qJHCGhBLs9OhDBDwEt4JIttpXHqZkfPZ7EQRQItAjatD3zMKZ9Ek2%C3%89YTvqXz3AEuaWFeYQ%3D/,1999,,,,,,
4450025044,https://publicaccess.ci.malibu.ca.us/onbase-portal/api/Document/AVb3N%C3%819rTDUUhPXvTYvdgF9uw0y7DdC4rRAQS%C3%81A9ezTh0nGgmPnlX22RGh1dwLD2KZQHYDk078lX%C3%89BVnXiK4cog%3D/,1965,https://publicaccess.ci.malibu.ca.us/onbase-portal/api/Document/AQNJaPOhG0cob0%C3%81OGgJfPle2OKsW1ZFw%C3%89GFbF9oT20kccIePro4FVzht03jwdjhZxEW0Xv0Qc%C3%81b1e3%C3%81d%C3%81OKJq3s%3D/,1964,,,,,,,,
4450025045,https://publicaccess.ci.malibu.ca.us/onbase-portal/api/Document/AUNfO6nDWh8BXP1nFAuhju18tSPcjkPMmKneBVFsXIcjARFchDFYhvxj8IAs%C3%81iG85APm7Rtoh12hCIKNS2CJ%C3%81wI%3D/,2008,https://publicaccess.ci.malibu.ca.us/onbase-portal/api/Document/AS1oSqJr%C3%89tFxOKXb%C3%8994YObnnFR1mHXfb6kPNUxsMEQBdiehjNbwH40BJ0i0QEp1d%C3%897kSwt1pYH7kaLmYNzz0fyQ%3D/,2008,https://publicaccess.ci.malibu.ca.us/onbase-portal/api/Document/AfEUcItZ3WLlnujTenBGq%C3%89ic3chSRoMOT1TfthzNSLIDpTEi5WtEot9v5xJbxg42Ihvho2RfiKynkM%C3%89gl0wwj%C3%89I%3D/,2007,,,,,,
4450025900,https://publicaccess.ci.malibu.ca.us/onbase-portal/api/Document/AaE9N9CdERMNVNhiEO4xHAte24STpyb40P5BPT0gxBoLiUOHl8Hzxeq9kIpLcGZKgfXbi%C3%89Hgb0MFLVt46IEyd0c%3D/,1994,https://publicaccess.ci.malibu.ca.us/onbase-portal/api/Document/AYqC7BHT5heTI8LymurjTMQwJEGhgIr6qtsxd%C3%811Q1m54yXNALfm23piGlkJukY8BdrNNl%C3%89sptCfMoEbri9pGkhw%3D/,1994,https://publicaccess.ci.malibu.ca.us/onbase-portal/api/Document/AWDp0BQKEuDmcLd51tOrTL54g%C3%81YsHGSlk5MIp618m4b7UZSJQO8MUeEeZh1xK4S%C3%89RPNN6tkE%C3%8187X55YwCagRvCY%3D/,1993,,,,,,
4450025902,https://publicaccess.ci.malibu.ca.us/onbase-portal/api/Document/ATPNbFId8JIDRn1ewYXr4MJfjBRbI%C3%81xb4n8b5MM0eV%C3%894iWn%C3%89PspZZRVWSdARaITcHpeEkWgyFN3wCFmcudZvmx4%3D/,1995,https://publicaccess.ci.malibu.ca.us/onbase-portal/api/Document/ASPuWhk2v11vRBQKZmG8HEq5WiPLgO1ntl94lln%C3%89ARPt5t8ZgwbRVKJ2tgpfZI1MRTXL3g%C3%81kU0JZLepFlb96CF0%3D/,1995,,,,,,,,
4450025903,https://publicaccess.ci.malibu.ca.us/onbase-portal/api/Document/AUOh1jFmJXy%C3%81DfGzIWFracrpklcROntTn%C3%89JR1QTg3TUo6RHupGBgWNLzioL8xyWjh7Leub%C3%81ee9Xa9y4pp1Y022o%3D/,1966,,,,,,,,,,
4450026067,https://publicaccess.ci.malibu.ca.us/onbase-portal/api/Document/AZsHBum8uF6nMsgb9y3rCJuG5PzMgOKG2DDrFC49URcxJ4TG19khopg%C3%89SYpQDtS4elURSvtMrkB%C3%81hcQqE7Qz2vU%3D/,1995,https://publicaccess.ci.malibu.ca.us/onbase-portal/api/Document/AZCK2C3tEMeU%C3%89BMIcc79spDBzipr2VryeOPIU2dFSsvZB4AFBi8bwwks9X3IgIskujadRfJTN7ZPsPKB8umRQww%3D/,1995,https://publicaccess.ci.malibu.ca.us/onbase-portal/api/Document/ARz1w6I33%C3%81LJpPUWmKhs4tBCWSThTYxiRZMv6IWs6Rz7k%C3%89Pk7J%C3%81K5J%C3%81swcFTeQSx3Y32CPIzpcDLI2DDN5pRPCA%3D/,1994,,,,,,
4450026068,https://publicaccess.ci.malibu.ca.us/onbase-portal/api/Document/AZ9jZbJenUjZjYuPC8uudf7NNcCG7dOVBsex5PCu47rCPFQ%C3%89HdrVNhmZSAF8tmT02ntcdVfuTtvJjg2WF1uhdzw%3D/,1998,https://publicaccess.ci.malibu.ca.us/onbase-portal/api/Document/AbqZxnFNk3FDgzGhJX3hs8ON%C3%89rqPxeXfFSj6sqNEtyGoVsf2WsejHIKtJCV1klvueGuE96CjqJW2wKwG99bO0sc%3D/,1995,https://publicaccess.ci.malibu.ca.us/onbase-portal/api/Document/AYQQ1uyl5VqJ5KI%C3%89ywaQk635cw%C3%810rxNys45DVMC8BVSTi08zIEue0VhmweTA4kn0RdrMeMqsz2QYAZ6GWoGUcJA%3D/,1995,,,,,,
4450026070,https://publicaccess.ci.malibu.ca.us/onbase-portal/api/Document/ATYejBokAZU%C3%81hI9Ie7Ps8E4l%C3%89cTdUVWd%C3%89LqmgOejxZv28GtiFQYJWBykPkcDN4mPx7OUnDhMUkqu%C3%89L0CJoBAlLI%3D/,1995,https://publicaccess.ci.malibu.ca.us/onbase-portal/api/Document/AWt4DO5ELq5SyGKKGGIphFx3JJ0qQHhwh7K9xXb46v%C3%89nvSzJMvUDwFcsviaJsv3W2jj7fw6guVZ7niigZyrVcpk%3D/,1995,https://publicaccess.ci.malibu.ca.us/onbase-portal/api/Document/ASMPB0VExUyt5w31MtEBUcgSIxqK9DvXU8mfQ1jGFM2xnQIDSpI7tpzcgFI%C3%89mZOpeME54mWlUr%C3%890UK4UBs2gub4%3D/,1994,,,,,,
4450026071,https://publicaccess.ci.malibu.ca.us/onbase-portal/api/Document/Afh9OzBOk6xRTOB9dM5OVnKOxaXTcINsrhipXGwD%C3%89Z91ouenwFMtdMEm6B5s0BluzG0QXnYZtyJA5NJAgnNN63A%3D/,2015,https://publicaccess.ci.malibu.ca.us/onbase-portal/api/Document/AR065OlysxH6t8Ws%C3%89RuTFeKQ%C3%81SvjZYL3635eYrrMw%C3%89Pti3Pslfxe47uZSbvjCMjvrEcRHVEpaXHUc1GIbFZ2NU8%3D/,1999,https://publicaccess.ci.malibu.ca.us/onbase-portal/api/Document/ARig5LRh%C3%893HdcTbMUIHmNbYdt0DTLwynIC%C3%817y%C3%81ZSkPtIG%C3%81T7pecvHIk9XS9fXPECYDfb3Acj2WioJFJbzETUWmE%3D/,1999,,,,,,
4450026072,https://publicaccess.ci.malibu.ca.us/onbase-portal/api/Document/AUjJ3AEyCJ8FI3GXgvgtcRUkenbTGfAlGcOa%C3%81ES%C3%81ds4IK7FUakxNbFRBbV3yb%C3%81vh2mflQeMmos673EbZzgcVAO0%3D/,1989,,,,,,,,,,
4450026073,https://publicaccess.ci.malibu.ca.us/onbase-portal/api/Document/AR2RwQY7ItnVolin%C3%81tU%C3%81F5p%C3%89hKytkm8f5R2gsl1D6bSNfEzakPt6Zlbs5TAVjnv2mbEprQ9kk3jti1h7H4GY85Q%3D/,1982,https://publicaccess.ci.malibu.ca.us/onbase-portal/api/Document/Aak4Z5QE6QhZCnfH2QhZsLiP4t%C3%81ks5uwSi3duKsMRfCfVOtc1beUy6%C3%89iQdJHU2o3AZV9Ez07Cm35MWEjG9stmTo%3D/,1972,,,,,,,,
4450026074,https://publicaccess.ci.malibu.ca.us/onbase-portal/api/Document/AfadfSNCjcGqx5%C3%81jPvvEQinXrlbtlVELf%C3%81Hqie1sEJawPvv30%C3%89NIU2cA86%C3%89tLn6YxFl%C3%89mdgN5WWulBrCrOPlCc4%3D/,1999,https://publicaccess.ci.malibu.ca.us/onbase-portal/api/Document/Aeqma0DohJqVTCDdzWXYbR1xc%C3%81kbOSkiZX0M4PcE%C3%8901Rnaai8iqRbDwE%C3%8945dTfsCpY8VV8MlRbBpTVd5lvDsgC4%3D/,1994,https://publicaccess.ci.malibu.ca.us/onbase-portal/api/Document/AWGcxs%C3%81EhFP1Pk4VjmJB8DXo4CumnML%C3%89DstrPOt1O5rYFZFep6yRud1IXobxaZyAC6W%C3%81cNQ%C3%81lQmDo2OMWxa%C3%89Hmw%3D/,1994,,,,,,
4450026075,https://publicaccess.ci.malibu.ca.us/onbase-portal/api/Document/AfT%C3%817F0jS%C3%89SX6N7DOu%C3%89hIgqcIph5e9oxvSUZItRQNZup%C3%81QNN37XavPqvmPP%C3%89PwffdTMHEiBvifbK2BVRF4YRag8%3D/,1967,,,,,,,,,,
4450026077,https://publicaccess.ci.malibu.ca.us/onbase-portal/api/Document/AejZQ1%C3%81MenzdTFss2IvdArAcT4upUeHPpixypF1HTVqTe1jql%C3%81a5J6BJgkbbO5yrv7Pc7qJpEAE8isqoe7yUSoU%3D/,2013,https://publicaccess.ci.malibu.ca.us/onbase-portal/api/Document/Ab%C3%814arbVBgZZrgJJfnIiDqQCnoAPGOMpmbZpI%C3%81trJSFo16EM8WBvQeMU88F5v04Ci9V655WBT7uzxauZdZyVy%C3%81I%3D/,2010,https://publicaccess.ci.malibu.ca.us/onbase-portal/api/Document/ATFiVovz7zpVz7w9T6ebkmcE1jejqQLYQE34WDZy7ZTPFgv1lwQUSvM23sr9Qvkvko3C%C3%895GyqzUcUtu1Bo073I8%3D/,0,,,,,,
4450026078,https://publicaccess.ci.malibu.ca.us/onbase-portal/api/Document/Acu2xtPjL2DS%C3%81jMm%C3%81SpG5mcmQm3Akst4VhyYX6ezws1dZQOIMR7B8xaiMy3KWCTszvV96u9ccQD6qBc2KZ4OB%C3%81E%3D/,2022,,,,,,,,,,
4450026081,https://publicaccess.ci.malibu.ca.us/onbase-portal/api/Document/AaNrI%C3%81uwFsUqi4idigkK08XijgzjlDgiYrYJ2AfhjkbBf0syYMTbs%C3%81JEb0ulwTV4o9gJJNetGpxBt93IMMjWqGs%3D/,1998,https://publicaccess.ci.malibu.ca.us/onbase-portal/api/Document/AfIBkZ%C3%89LHnTXOG1oiUGrkijLYkyBNy6%C3%89XDJvfeXamKZw3OTIIeuzWRG7hPQReB7Fcz%C3%89XOxDkL3WMk1A7PQ%C3%89hGOg%3D/,1998,https://publicaccess.ci.malibu.ca.us/onbase-portal/api/Document/AWr%C3%81cGrfEkNXNvAl7EkZ4On8pFHxj9nwQrTskInZ%C3%81SBMtssWusn5fh2FkxZR2CWyrcnjJNDks4Lr%C3%81%C3%81UtfTx15AE%3D/,1997,,,,,,
4450026082,https://publicaccess.ci.malibu.ca.us/onbase-portal/api/Document/AYJkDdVnNfxxYVlaMXalUDnFSLXxdeJ3mpxwK2zmMVmwTbY2DtxmCS7r1xgrb7VM3%C3%89m9pD%C3%81sCsYmYQlacANgPN4%3D/,1997,https://publicaccess.ci.malibu.ca.us/onbase-portal/api/Document/Aclw3A5TZlYeGgSB56DeSQpcQnN6igD0RZTROd5RpKrhdzQXYvo0WLnvYXR0GMF%C3%81n1QZrKTGOlvjB5qImFsz5ao%3D/,1995,https://publicaccess.ci.malibu.ca.us/onbase-portal/api/Document/AcoxSdJAfN2gOEqwC0bd9vyVqJ%C3%81FhgLlffAdp0aY7SJlDqLeS21QrcIUVzO3tiXwU1alp%C3%81EDVp3ppEBN8rGC5QM%3D/,1994,,,,,,
4450026089,https://publicaccess.ci.malibu.ca.us/onbase-portal/api/Document/AQthfzDCmgieNwbuKM9vMo0yNtG6bWu7nBJAy6cAg%C3%89WN0%C3%81Sw%C3%89VQQsrQRxtu7sdQ5QCvd%C3%81Z5TSlS%C3%89B6fq8%C3%895WjBQ%3D/,1995,https://publicaccess.ci.malibu.ca.us/onbase-portal/api/Document/AYC4MckcAfDsr5ra4FNNbYtymowkmUtgtYBasvNxxkag1YLTlW9HdI3Y43A9h%C3%81zDyxOAweXUvk9F0w8lokqguE8%3D/,1995,https://publicaccess.ci.malibu.ca.us/onbase-portal/api/Document/AZkeYZHcifGoduyDR2A3shD3MbQMkjfex3Qx5E7Sa%C3%81duHKmZViqhPgbssWdByTRKAbfxJykJ4eIYKNhTcwHbDsM%3D/,1995,,,,,,
4450026093,https://publicaccess.ci.malibu.ca.us/onbase-portal/api/Document/AWZiLRFBGzfBMisyva0Jf7ZcFiMnC38DTzywI6g08l55y%C3%89JB4ON7tSmqBpxRoBVJpBxoc8C3nx8pyi7dL1nTnHY%3D/,2025,https://publicaccess.ci.malibu.ca.us/onbase-portal/api/Document/AWWRcFFU9z8%C3%89CmPihEYFGeI5orD8sjNeNBUYcBmxfuxoRrPSt1rqCGLhXEtTVvZCJgQyW7go4Dp36V%C3%81D7dFqtBc%3D/,2025,https://publicaccess.ci.malibu.ca.us/onbase-portal/api/Document/AQKBCTIfjCRStrpKn%C3%81dW7N6cNMS5s08Dyo6mwhqoepoOZg4nGVvQPYWqcEQDF35PxmQyfN2Zt2rwlrJufvSSB7o%3D/,2025,,,,,,
4450026094,https://publicaccess.ci.malibu.ca.us/onbase-portal/api/Document/AROKIYu7nbX9t9Zags5EskpypNFh6HWupS%C3%81WMQB43K2IKVzkbzCalSAEzBmC9a2MT%C3%81HoI5qqQr0A4E3nYkT9OYQ%3D/,2016,https://publicaccess.ci.malibu.ca.us/onbase-portal/api/Document/AQKedKGMeyo7uEW1c16I%C3%89YSluDDyS1UM5aYnoncYxbPgrO9wsJ0X9%C3%81PKHkQbVIenHOuPQ3ih9etNDrIBCZ8BUP4%3D/,2015,https://publicaccess.ci.malibu.ca.us/onbase-portal/api/Document/AWxKU021tfb0zWRPWb6x9%C3%89d3QPYRG44hsWSLQLF3BvwFvA%C3%89QPWV7loYNv3w89ZxjpmBVBMKcOFhg%C3%89v0oA7I5KWI%3D/,1994,,,,,,
4450026095,https://publicaccess.ci.malibu.ca.us/onbase-portal/api/Document/Aa%C3%81JM7WKRFPeZqObGvHE3%C3%81%C3%89dQpli4cTV6nGdo9BHY1o1403hDb%C3%89voWfTIrS9NbR%C3%89xgf44%C3%89rNO6e7VKw%C3%89fGHZa9E%3D/,2000,https://publicaccess.ci.malibu.ca.us/onbase-portal/api/Document/AXPItEXzNz%C3%89W1hQ0Ql2plKBk%C3%89bL8w5SxE96WzrjXrR6XrOGeQZOvqPUTs7NuR0r1S6so7AT1uoIfjkWy2HQBqwk%3D/,1998,https://publicaccess.ci.malibu.ca.us/onbase-portal/api/Document/ARsOUfJx%C3%81b%C3%892dfdeTS%C3%81Pi9TNt9dFuyTvMVUQjDAhHXbb7tH8ZlxMQ7vii4hIIM7EurnYpVvqhZrEQoMVtp3FnvI%3D/,1997,,,,,,
4450026097,https://publicaccess.ci.malibu.ca.us/onbase-portal/api/Document/AeDQrE5Q6wYa6C7gBLfxV22wLFwYzz%C3%81sdMBaTWDd%C3%81%C3%890oRhFSap7G7rAhHWutg0nGoXrvaFOxI7MHzOP45M%C3%89KM54%3D/,2000,https://publicaccess.ci.malibu.ca.us/onbase-portal/api/Document/AUFbFjLX5LA3Sm7q8oCLQVU8pgsw9W68ChYmK9PGtsvn0biWw2J2BAcimpLshBjSSuzTPFSEP2hSchDw48DBXSs%3D/,1977,https://publicaccess.ci.malibu.ca.us/onbase-portal/api/Document/AZg6WkMvrv8s5bgjIr7UPc96TgtA3io10ecR3Evbbhqn8t%C3%89rJbx6v64dcMa8DQmrEleBLm1JK%C3%89dusumYJD4zvck%3D/,1977,,,,,,
4450027012,https://publicaccess.ci.malibu.ca.us/onbase-portal/api/Document/ASkPLxNiRnzM6dZgGsSuDRk4T2v6uyh4Z%C3%81QZ7MZiOVToOn78aQr0o7bWPLb%C3%81QJo73wwTL8Z5FFFFWIY051g9U%C3%81o%3D/,1985,,,,,,,,,,
4450027013,https://publicaccess.ci.malibu.ca.us/onbase-portal/api/Document/ARJuRvTfTwqeWl847U%C3%89AQ7FwNi%C3%81HXO17ZGgEKsj13ymrQVaqjrggWKYXteAgn3ga2T3J7XxD%C3%813rX14gMI1uUXl8%3D/,1994,https://publicaccess.ci.malibu.ca.us/onbase-portal/api/Document/AcFT7tmG5ObwzMpmtqATG9tWdiUuclcjJms2G5Plh0FjauWrKs0V0EoNaSC69aBFYxKm7ef3AlmysSNXsbCCKXc%3D/,1993,https://publicaccess.ci.malibu.ca.us/onbase-portal/api/Document/ATyra8VF2el1jBe5xn0Q8gaE9z4AR6uir%C3%814V9PXpPiPydNootxfeuhGqbolSMFDMq8%C3%81wrBIxbi8EYAPEuloSmEs%3D/,1993,,,,,,
4450027014,https://publicaccess.ci.malibu.ca.us/onbase-portal/api/Document/AYVc5PYGtpWles9h0WXQzG%C3%81X3SWnxGkzoeAe7gkkDPMYhZFwGLFmLytK%C3%81kBJ8vhfkunqH9wydzorKM0bwHzqa%C3%81k%3D/,2014,https://publicaccess.ci.malibu.ca.us/onbase-portal/api/Document/AckavIivMOb9s%C3%81NSp%C3%89SghpfaRrVK9%C3%892dTCTIqAavlLt4M6Moi3YTsHpfwZb4eHnuxRZ0Hs7a5k5QgOl0%C3%896WHPkg%3D/,1996,https://publicaccess.ci.malibu.ca.us/onbase-portal/api/Document/AeRGLClhx%C3%89edHRgMkgCU4OOwc%C3%89TCrf3IiBt5xeiPOInhU47QFZaGvR2NAOGLJZjib2l7JEjmrxERycRC8FqUddU%3D/,1995,,,,,,
4450027015,https://publicaccess.ci.malibu.ca.us/onbase-portal/api/Document/AaogoWN02QGiQsREXbvEl1rUpjJvGJFHdTp0eQWc0dpz6HUDJmS%C3%8104LQsVz5SzDrTgJujPfqjMmGjfR4QCj54%C3%89M%3D/,2026,https://publicaccess.ci.malibu.ca.us/onbase-portal/api/Document/AQVSnoxgXgR9NEjfpafXCCFN5zRqdyCUTegQ8zEyIlJdE%C3%89U66iVCUbqOwDCkY4tfet8UEYATO40wnJZbjrGetHo%3D/,2021,,,,,,,,
4450027017,https://publicaccess.ci.malibu.ca.us/onbase-portal/api/Document/AQruTQYFyvMAHApbuot8dJpGMm%C3%89PAqXHB49wthZ%C3%8925AZnHTyMR5%C3%81HQ3PwD7Tfz%C3%89Z%C3%816YgoIT%C3%89N4CcamZ0ZGehmsk%3D/,2010,https://publicaccess.ci.malibu.ca.us/onbase-portal/api/Document/AVZPUsLYm3QSloz7w6IGhAogPJXRMoXHnG4QJBIRCgrdDBA5Wu8zBBjEReBjzMkp1Q%C3%89dK6JxjhMRQqztfDAcz0A%3D/,2010,https://publicaccess.ci.malibu.ca.us/onbase-portal/api/Document/Ad44CNMFQk%C3%89UGGmACvM8xqooA9qyQTHvpAHEBSzsjq1Yzk7Q3144IsvGlFpk91KQ5I8C2YDAxAzEA2MU7ndKB9I%3D/,2010,,,,,,
4450027018,https://publicaccess.ci.malibu.ca.us/onbase-portal/api/Document/Ae%C3%890otYDY2U3ZeuiCk7lWvgExCdsSQNmAwZhRCPWoR6tc9JZ0EaDIfBsvQYFgbpqlMUXcSWT3w5aMLOocO56Uco%3D/,1995,https://publicaccess.ci.malibu.ca.us/onbase-portal/api/Document/Aeh0SoTJxj82JXT6EdKkqpj9pyxiOl%C3%81VMLhfPB1PbL%C3%81wkjIEHGdpDcP5XiFl3VNGSBL177OphOKOtEiDWGEm%C3%81SA%3D/,1995,https://publicaccess.ci.malibu.ca.us/onbase-portal/api/Document/AX4bXAj9DBCWCsx8rVa1s7NCiKDWpzPp2uqNzHARlDGIOTLcRROZM1bToTzagti4yARsHn4sMuxpxqIUFpN0%C3%89g4%3D/,1994,,,,,,
4450027019,https://publicaccess.ci.malibu.ca.us/onbase-portal/api/Document/AZdRO1rXcU6WIhk0cgwkVAmh%C3%89NTyiLHURkE4fv%C3%89mHdW2lD7BGC684xYWVVO20%C3%811gZ99aA1EAF6hBeVxUKj0%C3%81I1A%3D/,1996,https://publicaccess.ci.malibu.ca.us/onbase-portal/api/Document/AQ0rlFc%C3%89wVLMnNnOn2wweZNqVioziYLaovsuOHEypwhpE7yQHkDfu4bR9XX1EAs%C3%89V%C3%89%C3%81bObu5mTUj%C3%81LOWjAXIb3s%3D/,1996,https://publicaccess.ci.malibu.ca.us/onbase-portal/api/Document/AagWRrsmBiJWCCxiJzQM6ExCAX4EykJ8YU%C3%89CJzks7bjs3GLFzzGy8N%C3%89lIBbpjzE4ZBnWByn5UbzV5kb8xgBASfc%3D/,1995,,,,,,
4450028027,https://publicaccess.ci.malibu.ca.us/onbase-portal/api/Document/ASbcMbSAMiYtJk95GYHuO0eaK%C3%81A1gpi5r5uEl3NI7r3a6nu7fG8NyxVIwzpo6eUClU8sCX49ELiPrlMISSAD5Ck%3D/,2019,https://publicaccess.ci.malibu.ca.us/onbase-portal/api/Document/AQQwpwcJNJRe3u%C3%8149W4yi%C3%89rvtu6cYvKYTk6cF%C3%89tlrll4irJer1v6c%C3%810EVsDBS%C3%892y3XW%C3%81pFx1H6TO8v05WIaFmAs%3D/,2019,https://publicaccess.ci.malibu.ca.us/onbase-portal/api/Document/AUoOzISIcQ%C3%893qr3xZ0kXxXD%C3%81paX3%C3%81F5T18knMBRcHVLQcqZpQFYkXTHWMOFYum2oX74l%C3%81n1iBLOGIPPlNxlmT3A%3D/,2018,,,,,,
4450028028,https://publicaccess.ci.malibu.ca.us/onbase-portal/api/Document/AVf%C3%81HsaCy8u18Cz5JSTQ%C3%81KI7aXUkBbuKat9YllZNCoIKWKttdYt3YzNjrey3X14WCnlvjdNNGCH9BdH3bpceG%C3%89g%3D/,1995,https://publicaccess.ci.malibu.ca.us/onbase-portal/api/Document/AS7y8gF8LawTkVsCGHQQx1zc%C3%89BMNafYdTQbjK3LbpQtRwcHQtH8T5%C3%89tyVeLeGLK7oPxrb1a6rd%C3%81me3PphXmH37k%3D/,1995,https://publicaccess.ci.malibu.ca.us/onbase-portal/api/Document/AclB0Cihz2zqNqwnmJxlftaTxcIFala0OdTCERJQSiEdy2q6dl931bn6kOO7M%C3%89YfcU0tCeOrJX04NqygUhgjMVw%3D/,1994,,,,,,
4450029018,https://publicaccess.ci.malibu.ca.us/onbase-portal/api/Document/ARWh9xcBcpqWVagaPOCwXHRBC9rtnVES9HcDrnGu00v6DDc2V9h3Y3H7i5b3MEWF6DB4eWBowWwXjx5%C3%81rWRkTdk%3D/,1996,https://publicaccess.ci.malibu.ca.us/onbase-portal/api/Document/AecYpxqsmFFlDW5YazZrKajqwyVZt6wgGo5yeuQ1W7vZ4XVSkRMqt%C3%81y%C3%81uPxD5TGL8yPP5VnjYYNpv1%C3%81RxlaFmAw%3D/,1978,https://publicaccess.ci.malibu.ca.us/onbase-portal/api/Document/AYxlTCla87oihUJUKk%C3%81%C3%89mng09IFLvdewPUk2P%C3%89%C3%89%C3%81PMwaBqKnXqZY3zhU0%C3%81miinqlSWi%C3%81MsR0a7I%C3%89GKZBYYB6mxo%3D/,1978,,,,,,
4450029025,https://publicaccess.ci.malibu.ca.us/onbase-portal/api/Document/AVeNeEspOWnqQS2oUr0k%C3%81lqvxrOWpzEYhXXKDd3XT0s44ARc6zHnfb3ldSfUjqSU1fqB4aDDWzYbp252bdgWM4g%3D/,2009,https://publicaccess.ci.malibu.ca.us/onbase-portal/api/Document/ASiEbByHB0esHcSx8IbJyUd3DacERn0pYDS24htvFCvIauVOkAO8kS20JuhB9N%C3%89PxxWUymmkjg5JtO3VBWIqaQU%3D/,2003,https://publicaccess.ci.malibu.ca.us/onbase-portal/api/Document/AXjQdxbpAKuzZFtT15TOVH6KCUd0%C3%89gsiLKfxJzHjJhwuw7%C3%89hWfx2ko1z3kN0H9q9SL%C3%89kMzBpztzfHmbh2dVyO0g%3D/,2003,,,,,,
4450029026,https://publicaccess.ci.malibu.ca.us/onbase-portal/api/Document/AT0IyKhMF34WTBxhjkHSKpovj6cUk5%C3%89jEYMFJYuHkWjRUekM1%C3%81SS8h9HnVOTnICqvAGd70xcSmuPSe7eg1%C3%89TVu8%3D/,1984,https://publicaccess.ci.malibu.ca.us/onbase-portal/api/Document/ASZCpcOI%C3%81rzTT1drw97Dx%C3%89j76gfvlQ3psOVndl6OsxApbvcEbdwgUKx6jOQbHlrAKsnzkGY41ZfB3%C3%89f81cla8O8%3D/,1984,https://publicaccess.ci.malibu.ca.us/onbase-portal/api/Document/AUtczgAYWwxPIyWh9cwgtqk0HKs0qZFXtYX9LlWjvbWjiUqXZOpCPhryYamvLrWWq%C3%89Ff8AK6POOchhbd%C3%81%C3%81Xm7ZQ%3D/,1983,,,,,,
4450029028,https://publicaccess.ci.malibu.ca.us/onbase-portal/api/Document/AYJEb%C3%813uV1jbh%C3%819mWKE%C3%89VH0acpp%C3%89Yj2acn1DNPvrv9Dl4fxF3kLPgcTBvjT5kLYnm1j3EjdZf0RhNDmF6%C3%89vQAJ4%3D/,2007,https://publicaccess.ci.malibu.ca.us/onbase-portal/api/Document/AaFaoicwF6mDHI3rqWorfhTAS5qv1VyMa8Vn0aCq2428ROSqs3OEcrXQcsGE2mQLgbNCq%C3%81HTligexks84p%C3%81foRc%3D/,2000,https://publicaccess.ci.malibu.ca.us/onbase-portal/api/Document/AQWEf%C3%81WhL8M1gSsRljUDV3ezfmepe081ZrB0FU8dHIoifvNeabgYN870BFbHU7xLtDPyBMyJJLxRrDQ%C3%81ICejZKk%3D/,1999,,,,,,
4450029029,https://publicaccess.ci.malibu.ca.us/onbase-portal/api/Document/AbMm4anY%C3%81EOzorbTL%C3%89SHE9Yl0%C3%81D%C3%89V9ZlMg6YG%C3%89Z%C3%89jmIjszJDI7Yzfq%C3%89EwIM3cZ%C3%819p2pDJUYkhV2uwBXKBnxbIsQ%3D/,2008,https://publicaccess.ci.malibu.ca.us/onbase-portal/api/Document/AW0rKWJoxhqR5sEzOxAl%C3%89Zx73oc8z2ITK%C3%89T4NKKIy6B0BnjcqyNQE7Bm%C3%89mELwDDSmtKllS1hgZWaFUkOXJF2jUQ%3D/,2008,https://publicaccess.ci.malibu.ca.us/onbase-portal/api/Document/AQFVfIkXbR9fdTTq00wurGydbssxFPqFDMzVY7OAdFkaXVGDuM2qt%C3%81fbo77YobOjyAJnisTwS1LAX%C3%89OniBa79Yw%3D/,2007,,,,,,
4450029032,https://publicaccess.ci.malibu.ca.us/onbase-portal/api/Document/AcqAAAixoNzJdVf5M%C3%81hRCkPSchZmxond1%C3%817ak1%C3%89v%C3%89F4Z3CLCKL1C0s22oI0JcA%C3%81sVkWzwUEZpJRGc0aFpmYXbNE%3D/,2001,https://publicaccess.ci.malibu.ca.us/onbase-portal/api/Document/AVR8RQOjJzRel3Yb3MjVuoTNofVGrwIglEibhoZLmS7ofYnLqm5oY3ZsUYBASn4b5bJZeuN0Q1ZRVkEdhett9U4%3D/,2001,https://publicaccess.ci.malibu.ca.us/onbase-portal/api/Document/Afs1kD7xe8oPWsSSDHVVh33CRc5400s5jeikyFWzEHHWPwJVDdlS147ULfj4lzljjrjZgYBn5pt%C3%81Pg8kTxyvy80%3D/,2001,,,,,,
4450029035,https://publicaccess.ci.malibu.ca.us/onbase-portal/api/Document/AWaXIuUj8gku6010INv9WdzLstw1VQzx02J4%C3%81k3MyOxr2dhuM8WZh5mwDO2uQ0XmCB3wooKDDdwW8tFa9kZxbTc%3D/,2011,https://publicaccess.ci.malibu.ca.us/onbase-portal/api/Document/AUi9YtqN3z0CKNrdoYp56zlN5Frzfb98qV9anf3JNLg3hfBau77cJ0deALwFPycs%C3%89JWu0Abk%C3%89p9Xi3Apmx4cIhw%3D/,2011,https://publicaccess.ci.malibu.ca.us/onbase-portal/api/Document/Aaum5T7xYOQ98%C3%89tj5dE6S9gZzUu6uX8V3ogeb6%C3%81HVNipHgiHJE6KafoBVlpIaUFgOjsVyE1FWafbbhEMMsYhbAw%3D/,2010,,,,,,
4450029036,https://publicaccess.ci.malibu.ca.us/onbase-portal/api/Document/AeDNkGHurGQACXoFLSOimekwwpPk2jxp%C3%81ITWT17pOElh4o0jdII5dqz5gS%C3%81VIlHeQ7inl2vJRMGX56Nd9MhznsA%3D/,1997,https://publicaccess.ci.malibu.ca.us/onbase-portal/api/Document/AeqCVWCxpna6Et0lxv1nCBF4zq%C3%898mi3o2kvOzTJD0224w8%C3%895RfVkMwVeVmE63seN%C3%896BcHEC0L71sOhyldO%C3%89%C3%81NqU%3D/,1997,https://publicaccess.ci.malibu.ca.us/onbase-portal/api/Document/Ab5zmfb83SedDy6K1cWFTX80uTetwBBf2tst3C0nDxTVVd%C3%89dEUo0SfK09atEXMaX5bEuxboNtyWraGHJMdAqncQ%3D/,1996,,,,,,
4450029037,https://publicaccess.ci.malibu.ca.us/onbase-portal/api/Document/AWSFIAfleDTprho6ZJl4%C3%89pzCWsn%C3%89BTWqPxpl0nLk%C3%89p%C3%81jdyxItTTjV%C3%811XcnAE75lm9zE0a7tGpDTFYBP5Fs%C3%81%C3%81djc%3D/,1994,,,,,,,,,,
4450029040,https://publicaccess.ci.malibu.ca.us/onbase-portal/api/Document/AcuuUJZOuGDyDB8EgSdK7ba2%C3%89GJVJE5DoICETbr8NrVBXZlpcN2cgELywOEaikXG3yEYmUrkeHo0%C3%89Ixmvr7TEM0%3D/,2025,https://publicaccess.ci.malibu.ca.us/onbase-portal/api/Document/Aej6Px7K93YhXhCPY5JDMZA30FyAk6YkMjlDRkKHfUeqQJjdi2QZgBhJONPoezBv%C3%81Ra1rPY03zKukt5soo6IZxo%3D/,2025,https://publicaccess.ci.malibu.ca.us/onbase-portal/api/Document/Ae%C3%89a2M4DAm8dxgs3uPogCCELOJvBWws6iHWtP7NV1hXniAl1NS5hobVP%C3%815zHaQkfy1mq8nDWDErTANfAwzInoB8%3D/,2025,,,,,,
4450030021,https://publicaccess.ci.malibu.ca.us/onbase-portal/api/Document/Ae88KEI4eeQDmoMFcmDfjcdcC37HSwvCjO%C3%81PcLlyK7QsZ0%C3%81w2Q8t%C3%81S123mn%C3%817lhJ2usb%C3%81%C3%89PzpIEItEgnxfEw8rs%3D/,2022,https://publicaccess.ci.malibu.ca.us/onbase-portal/api/Document/AdWjqL8WE3pme%C3%814NIj6D%C3%81OIQRiYOZVdy41QZTMuAWfFbcAqn6Oifnyluc7PgAfxKGlhbhY0xBgPimRTLwbjdBjQ%3D/,2021,https://publicaccess.ci.malibu.ca.us/onbase-portal/api/Document/AR7LuSrelBeYjXfBnaUtf14pR9GECy9v6zjE4SuRgZ53l4PuE9s6Rc054FqLdOEo9SCtdMzEGUHsAEuecEfBuGw%3D/,2021,https://publicaccess.ci.malibu.ca.us/onbase-portal/api/Document/AUCiffHdBx%C3%81VtsoaWa9hrIjGhmQGjv7xuFsDAs2NLv%C3%817RLlRPMAf7%C3%81d%C3%81%C3%89I5brL1sT5I0o%C3%89sIGIWu%C3%81YdnxANRnx8%3D/,2007,,,,
4450030022,https://publicaccess.ci.malibu.ca.us/onbase-portal/api/Document/AQELOrVWA0ov9Xq7wN1%C3%816TsfglBQ8NX1i678rHm6lQKDjYny9dJrjnB%C3%81fRyTLDgnJXlycohQxwt814GelNaKXnY%3D/,2011,https://publicaccess.ci.malibu.ca.us/onbase-portal/api/Document/AfMEWatiwRFqpIlcrS2msjhwMJ6A1vf7mUhQLo%C3%89lOkS1QLWX%C3%81%C3%89bfAWRJJtHe1rLMflmFnlOGNeUiaLF%C3%81EhBx9qU%3D/,2011,https://publicaccess.ci.malibu.ca.us/onbase-portal/api/Document/AU75muP5QsbrcjNLIEdK3XcviDhOvuuU52WyVjxAecWaE0u4a0NPib7eIw4e97X7XKx%C3%814Bjn3yZLo0TJwkWScMM%3D/,2011,,,,,,
4450030023,https://publicaccess.ci.malibu.ca.us/onbase-portal/api/Document/AddXz9%C3%81f54%C3%89oj5OW43IKXGmu8lb2BeX2BQXWDm7KHvTaHwod7WBHVqhPX0BQsQbkEaM%C3%81zxBccyv3mv08EpvAyPE%3D/,1974,https://publicaccess.ci.malibu.ca.us/onbase-portal/api/Document/AY9kvzUUSxwjUHbhCydR45q7YHc7ibW0jRXLhHDGl2GsC5JZk5kYsurak9dGYFbIbZ39bKkH5zqdTwunut80CGQ%3D/,1974,https://publicaccess.ci.malibu.ca.us/onbase-portal/api/Document/AZa5AHvCzQLK4rC0sdk%C3%81xZXH%C3%89%C3%89rP263mP6YOht%C3%894BjXoqkE4nE6GldR42f%C3%89D%C3%89LMCOrjEt3uVmv6aYQBvUtnehVw%3D/,1972,,,,,,
4450030024,https://publicaccess.ci.malibu.ca.us/onbase-portal/api/Document/ATuNpIHFozBBMV3X6iyD24BoBuIi79a5dn0iWspCEJeafyamLsz10TVM4LLk7Dsq%C3%89eQvMIoaGG8COg5%C3%81xTQC9PY%3D/,1998,https://publicaccess.ci.malibu.ca.us/onbase-portal/api/Document/ARqpRPFMs5A%C3%890jnhGmFcnDHLvvDwV8KgF6cMGHUeaGifor%C3%89gJIaRnNfEFfzGacPFO7EaxnHihs8T6E861NhW9fI%3D/,1995,https://publicaccess.ci.malibu.ca.us/onbase-portal/api/Document/AecNi%C3%89L%C3%898b%C3%81N5a2DCFdDCbSC%C3%81uXJVk5Sp67RNuojW%C3%81zykSbXObjUcVSwcpqj6tV0Eh7MYZFV9%C3%81MhBE7WrUDAh74%3D/,1994,,,,,,
4450030025,https://publicaccess.ci.malibu.ca.us/onbase-portal/api/Document/AXT69PBNv9pR7cag9H8uNNeEF4AHVjMhuVqS1TtDdku4mhivE13W56Z4H%C3%81sKDZijr2f94JsOMXjCXVtCKRjBRfY%3D/,1983,https://publicaccess.ci.malibu.ca.us/onbase-portal/api/Document/ASoKoGq6TprpzbrXxAhYMExzEv%C3%81XW%C3%89bZR%C3%89jiAfhtoSnOkO6yxw9%C3%89I21ApV8grBLMFjBAKxZaIgntZc25sJ8nsgk%3D/,1980,https://publicaccess.ci.malibu.ca.us/onbase-portal/api/Document/AcgSfDs4wArNcYzycQbEeiTJwjJKeO9ydeyS%C3%89AIuCUprFhv5jr2Kn%C3%81ds%C3%81dXy%C3%81ks8DxZcuaj3bpAK3ZT4BK8G4d8%3D/,1980,,,,,,
4450030028,https://publicaccess.ci.malibu.ca.us/onbase-portal/api/Document/AbSKLpwc2A8lXDaTqattiV7kMhdr3IAUZ96Xr8eg0e4pgtDmd5SCdo6qQUTa0naS0Xpp3%C3%814Y4sCNoQWIIL6Ff0Y%3D/,2002,,,,,,,,,,
4450031030,https://publicaccess.ci.malibu.ca.us/onbase-portal/api/Document/AaL8HpvT%C3%81Mlj%C3%89lUIzvK6SDg2vwEzh9HPD5fikMtn%C3%81EdWLyXFgCIWhJ3LjRkUXoermr9%C3%89OccbUOfvkpbe1M411so%3D/,1986,https://publicaccess.ci.malibu.ca.us/onbase-portal/api/Document/Ad2CTOdEwFLbtDSt4elRAKATDAO2qIWPZ9CXUySvwh1303AqUvmLI6elvcCBbmr9cr%C3%89oeYgATwR%C3%81nOJJ255OR9A%3D/,1986,https://publicaccess.ci.malibu.ca.us/onbase-portal/api/Document/AWXknSE5csf7knd%C3%89xts8hfUmor8%C3%89n%C3%81hm3Wy29Zra4sTGiNs6Sg5oIVBNNvezCcVktDCL93mqcKWAkidSjGlmmJI%3D/,1985,,,,,,
4450031032,https://publicaccess.ci.malibu.ca.us/onbase-portal/api/Document/Af6R0slwagZlr8X6vfMZ5KDuebt6JNiGhBzNp%C3%81ZmShIgotY%C3%810JTFWTbHhxCzKiJHeuI8h4VZNeZQ1GeJEvh0Vmo%3D/,2026,https://publicaccess.ci.malibu.ca.us/onbase-portal/api/Document/ARKBhziTdsrJPKZOcws1cKleVpUNk6iNPoz3qPwCQ%C3%813AsAv8NZqbIRlWQp8Xj%C3%89xj8a0ONgp7t%C3%891nNvFJwZ6SnWg%3D/,2026,https://publicaccess.ci.malibu.ca.us/onbase-portal/api/Document/AcDqCkdReVbfyQz2wyXbYJ29ouAh3hDq79ewVE3bCQMu6UxwDgoMJ3VRiEZJuRM%C3%81M2wf%C3%81S1LQW%C3%894qD%C3%89dX43LtJM%3D/,1994,,,,,,
4450031033,https://publicaccess.ci.malibu.ca.us/onbase-portal/api/Document/AQiSvpg6dPdr5iWj0nzccetwjEqeD9WeH0oXuJEnrjA1Mb6fSyGjf4a%C3%81iyvdWoUT%C3%89PAEcsiLNTbDYgIr3Bl6OLg%3D/,2025,https://publicaccess.ci.malibu.ca.us/onbase-portal/api/Document/AVJhonNE%C3%89xsZvQuHfcmFHUYkTWQo1k6gzzTKEaf9qqvKZHLOj2x4oOP%C3%89dwItZpN7hOF9wUasgLXhPJ25AUIHWBg%3D/,1972,https://publicaccess.ci.malibu.ca.us/onbase-portal/api/Document/Af6az8HVZm3aBbmu%C3%81LNAVERnbT4xsOgMvJXJAxpRn6%C3%89z%C3%89ErczVUjM9AYL5OKhKjtLYqyGTkGNo9T4eEeGce4PVQ%3D/,1972,,,,,,
4450031034,https://publicaccess.ci.malibu.ca.us/onbase-portal/api/Document/AfbnZiDHq0wTqoCYyZU6sd5tZMlacctIhRheO2vbtiDs6wSbkWp9o6LEoWSGhSSL%C3%81Rxdhhf%C3%81AUVtkcsJy9F9w7g%3D/,1968,https://publicaccess.ci.malibu.ca.us/onbase-portal/api/Document/AVTZ3gt0FLGFW8SrL%C3%817P6gtOkky91eLwszf9YwKKxzHT4xiZUxpg5jbfz%C3%8974cemDTknaBhKTSOfNKV77%C3%89ORbAu8%3D/,1967,https://publicaccess.ci.malibu.ca.us/onbase-portal/api/Document/AYLkJPnd1V03O1yBkLkgr9BoKPKKQbo6emFVKGw6fkEJp1k8rSURp5gKyROTHc5%C3%89hLW5hni1VN6EUYkARP%C3%81t35M%3D/,1967,,,,,,
4450031035,https://publicaccess.ci.malibu.ca.us/onbase-portal/api/Document/AfEqfthSmxhfEql%C3%89oC8AX36g6uLts9gYIhXz%C3%8125E4BpW9FK6EbKHDTnTDzxwQ4cmrkgMJhpjz1NMdGlH9Tyy%C3%81Kc%3D/,2001,https://publicaccess.ci.malibu.ca.us/onbase-portal/api/Document/AbCC%C3%89N6BBhzAVNISJCtyHGkISmrzizfFCTT34p22a9ml9AG9z3RcxxtVaKRMN4kUXVksv7Be3EisqtalV9U3EyM%3D/,1997,https://publicaccess.ci.malibu.ca.us/onbase-portal/api/Document/AZgTiy0LIRaSFx8%C3%810P5MaLJNyuHkiYRNJrNTYugk66H3A9nl8%C3%89903%C3%81Nnu55SWfD1%C3%89YY5SQZ4QG62X%C3%81%C3%815xIY5OPM%3D/,1997,,,,,,
4450031036,https://publicaccess.ci.malibu.ca.us/onbase-portal/api/Document/AVOQaiI63BXrrgcgycbCwfpIY3aQqLQ8LcGtpyQ30H53QpsdbCDPo5AWff15stRnqDK2d0KCCHGbk%C3%819vxa3y4uA%3D/,1998,https://publicaccess.ci.malibu.ca.us/onbase-portal/api/Document/AT0nzhT92d622vku4Pz%C3%89lrIvCy7guDUhHGhVVfL7sxmyufy2S3AsASonxOdv1IE%C3%814M%C3%89%C3%89Ax8z5md9wkaNPo3oHUw%3D/,1996,https://publicaccess.ci.malibu.ca.us/onbase-portal/api/Document/AQDQrQwCbEYR8fG1yRHQgbC%C3%89BO6GezAFEKyCMYzO3FgBUnxVjUJDxVS%C3%81cEhomEaIMuz1SrxLRKHujVLAd5ax7FM%3D/,1996,,,,,,
4451001005,https://publicaccess.ci.malibu.ca.us/onbase-portal/api/Document/AdWcGIW2PAVYQe63k2b4OXI1tET8AypK%C3%81W8oTfv6QxZFJADOIUep2kOzLHLTyhmMxM1wngkwUG7vTOGVuuiUL7g%3D/,1997,https://publicaccess.ci.malibu.ca.us/onbase-portal/api/Document/ATUe06auolXVrUZQxB0u9xgIRl2tbg1DK6Ji0Pa9PP3Jcf6lSRs%C3%89SQ5YspHfNiyBNU5RtLw0X1bI0zxiUGGOaSE%3D/,1997,https://publicaccess.ci.malibu.ca.us/onbase-portal/api/Document/AQvRf5oa9x8lc0rBIBRTjKYyyGNuWrlfK2RH5ZQTzQs28t0zToMvm69ARuLzWvVRIHcqXopJ1icSZSYc%C3%81Tc2CbM%3D/,1997,,,,,,
4451001006,https://publicaccess.ci.malibu.ca.us/onbase-portal/api/Document/AXv52kYDRvDcjjq5TIh5h1HaoKsWOCOFqg6YGTFiTpu20NAEq9QZwdIdReJR2gWOzPDq03QT0SYTNQ5Dht%C3%89JvqA%3D/,2025,https://publicaccess.ci.malibu.ca.us/onbase-portal/api/Document/AXptzoUNTU7GzksR7D2HCBgYNUv4h%C3%81ZXSnTxhMu2rKEBdQKrza%C3%81zSCMRaA21I4qam7s0TRR1jPIEAuO4Migfqbs%3D/,1992,https://publicaccess.ci.malibu.ca.us/onbase-portal/api/Document/AcHvNw1FgjZV4o%C3%89Qhu66543rbvBFAD%C3%81gqrbT9TgO%C3%89kyOkjP%C3%81sb%C3%81h%C3%89CL%C3%818OSB4wiM%C3%89JFxUZ5tJf%C3%89TplVXphmzob8%3D/,1992,,,,,,
4451001007,https://publicaccess.ci.malibu.ca.us/onbase-portal/api/Document/ATVff85RcrCrmJk9nZslSPq9L5AfrkRl%C3%894lUGIynYGOZUh%C3%81ROqY4TIzjs0IONZi4wsXRvkYu%C3%81bgzW9YoSCH24pw%3D/,2010,,,,,,,,,,
4451001009,https://publicaccess.ci.malibu.ca.us/onbase-portal/api/Document/AZ5nsBDF%C3%81lcj4RiLuP4OSDBOBVzHmGcnNMJhR0TKrnNAfLSLWwATRP7N4ilDmvt7c1QkZ2athTDT4riDeQo59bs%3D/,1997,https://publicaccess.ci.malibu.ca.us/onbase-portal/api/Document/AT2pM68vQ4SyqX4%C3%81BetjFBEpSdZrXiJ6OMhwtzTaOmvq84Swg6seEzZm2InUQlYDJh35olOvk%C3%89PF0naQ2K6q1XM%3D/,1997,https://publicaccess.ci.malibu.ca.us/onbase-portal/api/Document/AbYG9ePZqzhxxDe9lfPPxJV79YrXobB7VBsidhcGXpoUBBzL65Lg2JsUanFcqlnj9HalYnKw9sVndg6eh42i6cQ%3D/,1997,,,,,,
4451001010,https://publicaccess.ci.malibu.ca.us/onbase-portal/api/Document/AVWHTRVYX3AX%C3%89GfZ%C3%81PysQ%C3%81X9DyftG4M0%C3%81wr33JwHTF7P9tw9m%C3%81QyNTlMyEWDZyho2kboT70f%C3%89No5oqLtG0m6QoA%3D/,1990,https://publicaccess.ci.malibu.ca.us/onbase-portal/api/Document/AZpvBsuWhL8oASaHukWN041WkNIho0Jal6Tv08YrbTEVmN08LZc%C3%89CcffO6sqX%C3%89YNWchyzKkRb0tisX%C3%890igskjSk%3D/,1990,https://publicaccess.ci.malibu.ca.us/onbase-portal/api/Document/AdGI%C3%81WSWhCKx%C3%81M40QZ4aaZS3nZg%C3%89C6iIJ75%C3%89DZZXWWrtyhCDmdvmED5q1V%C3%81ZQqhYk1TtC8dcJChUqm6hSoF80zE%3D/,1990,,,,,,
4451001011,https://publicaccess.ci.malibu.ca.us/onbase-portal/api/Document/Aa6ZQj5MYSB8UAA4oIhDEmH%C3%815itadOxaw492zYXnyuMHdidhuVrH4rGEl72d7GTfSoL2mEA8Zq4gRqkJyd%C3%89bXOE%3D/,1997,,,,,,,,,,
4451001012,,,,,,,https://publicaccess.ci.malibu.ca.us/onbase-portal/api/Document/AQvc0aCYbSDo67gH5yj2DDJtfbEV7Km3Ezjry%C3%89rGRDZvRASbLZ%C3%89QKH9RuCCUbq9KkMNoax%C3%892jek%C3%81TwdvoJ0Q3xY%3D/,2025,,,,
4451001013,https://publicaccess.ci.malibu.ca.us/onbase-portal/api/Document/ARv%C3%894D55NvXafi1bOSA0FPTwFaXPb%C3%81vv%C3%81zk5OrMazSVNA1q%C3%81X1GXH%C3%89AZxaDxNB4jJNygI8tpjt9%C3%89si8o1fzVW%C3%89o%3D/,2015,https://publicaccess.ci.malibu.ca.us/onbase-portal/api/Document/AWWD0yQMtBT2bLRiCaLyLrLg2QkOe3DFOoOCgxt76i5wlKp16tQDNIZMKRc4pCgsEZIN9tn0nRzMxpTS54Nj6is%3D/,2015,https://publicaccess.ci.malibu.ca.us/onbase-portal/api/Document/AUszUGIJnF%C3%89AU2D1bTW267ugvGv%C3%81EKROG3NGw8T10NuI5Cq4e9yufk%C3%816rd7U56r%C3%89AeKRKRQbOyNE31SWJ%C3%89PM%C3%81OE%3D/,2006,https://publicaccess.ci.malibu.ca.us/onbase-portal/api/Document/ARWLEuNaO%C3%89zJTQAavmgFlDiGrxG%C3%81eMYQDUNYXT5wNGSbfArfKi3h7mztL7k9oNfYB4k5VssCYmkaSJhIkYWODXI%3D/,2015,https://publicaccess.ci.malibu.ca.us/onbase-portal/api/Document/AbqEzBo2SQUGS77r%C3%89Jm7%C3%89nle%C3%894C95VA34NIrROga%C3%89hRgWCxK9oK35QsSmpdrijHh53kuB7gGhknoEsDWorFxrLY%3D/,2015,https://publicaccess.ci.malibu.ca.us/onbase-portal/api/Document/ATJv8ZOlS8Fn7Ru9B%C3%81qqCgT0XMC%C3%89xCUoueeK3DrNhYE63ENPbBPJg4bCgHGjYuvRSimDhnVw4zY48t950wGo%C3%81mA%3D/,2004
4451001014,https://publicaccess.ci.malibu.ca.us/onbase-portal/api/Document/AT6xcA%C3%81KEORUPpFAlvP1%C3%89Ev%C3%89TufLv5A%C3%89nM6X6GqfOjb%C3%81OJJANYfqPw1%C3%89wYqAyNuyaXHhmKVUpnRzdl3N8m%C3%81hZF0%3D/,1994,https://publicaccess.ci.malibu.ca.us/onbase-portal/api/Document/AVFNt3HKF%C3%89VtvrR4JE21NTm3JyNFDKCFkTbZwz2nYJih4l%C3%89Q5Z8%C3%817NtNeI2Se6TCC2aVjw9onb4DAw6mSOXRySQ%3D/,1990,https://publicaccess.ci.malibu.ca.us/onbase-portal/api/Document/Ad8x3T9Hk5lH56mJT6gMyGVWgkXYIfzFEgYOJR5%C3%89%C3%89NQGvavYNfeBKacbpqXOZjK45AYcn28rbX%C3%81s%C3%81iFC%C3%81j8k6Ig%3D/,1989,,,,,,
4451001015,https://publicaccess.ci.malibu.ca.us/onbase-portal/api/Document/AXN0xNsjgjv%C3%81dTNdT%C3%89SOuWkeZUT1lOijy7n7IdfSSSsFpjnvOlv%C3%816M%C3%893zljTtSifCxMzL7sOADyvPwLuehkkC1s%3D/,2000,https://publicaccess.ci.malibu.ca.us/onbase-portal/api/Document/AT%C3%81eHBfznSvpD2dILqQ%C3%81iCtHZmKafaaO8GGfAHHsMtEoI0xm3hyetlyKCjZvpZGpcPAV2iSNn6peoLdm0sCyw4I%3D/,1999,,,,,,,,
4451001017,https://publicaccess.ci.malibu.ca.us/onbase-portal/api/Document/AW3dsdfuRcbuMx8ytqZgHLyCkQzxTAzIfrLbvZ9%C3%89xPFcmuaI8w0I%C3%81uOteTigX123Sld1C89KhQpdDtSYhgb6V%C3%89M%3D/,1985,,,,,,,,,,
4451001018,,,,,,,https://publicaccess.ci.malibu.ca.us/onbase-portal/api/Document/ATZuoALsPiEjfHbQIvw623rWDxVnvvROwOO63XXUXwQeWrRxKmlJZhgPBmOTRjLuk6So4VQVZaAoRMrRQnhTefE%3D/,2019,,,,
4451001019,https://publicaccess.ci.malibu.ca.us/onbase-portal/api/Document/AWW3VV3e9lSYTfYirCeGOX%C3%89%C3%89l1DpXSIzjfjOjrYq0GnntZDNYogsCHQ1abLlxyds18%C3%89AtwToX%C3%89fKLiw4jK6awT8%3D/,1988,,,,,https://publicaccess.ci.malibu.ca.us/onbase-portal/api/Document/AQLuyd4524yALLfELh56E%C3%81pCg9Ly1xm%C3%89JGNbtrrdN8ixEX1WySzY8GlzpboqE6O%C3%81kAJPAfAa%C3%89FKawIDMTzW0NEo%3D/,1988,,,,
4451001020,https://publicaccess.ci.malibu.ca.us/onbase-portal/api/Document/AW4Ee2xf4Hr6hKaoSQNPSsJCyZC6IyIvZYsOWuInwAM0%C3%8916JYQfFaCY2YdovtghYv8%C3%89ZdwbotNI7t%C3%89zcrJnT4Z0%3D/,0,https://publicaccess.ci.malibu.ca.us/onbase-portal/api/Document/AS08NJqNWsTUVTBtDZmQCsFdGy6lBZkFTDAj4GJXHjgLfEavHe2APdmKc%C3%81vs0ZdxzIOZXkHBaop4qjDQgXy2baU%3D/,0,https://publicaccess.ci.malibu.ca.us/onbase-portal/api/Document/AWpmwnyTIrdG6J8p6esR2eTuGDGQNCQbd1VeuwYtxCiNU%C3%81BXr9IteKMj0MTGWSnOimUSgDC%C3%81O2iF4xvjxhaV4CU%3D/,0,,,,,,
4451001025,https://publicaccess.ci.malibu.ca.us/onbase-portal/api/Document/AVFaiqGEqAHRTYArMNB%C3%89RquPpt515TYPS9L%C3%89x7vl8ISTbZvPpIhHcx35plM4h2w4VjC7EclD%C3%81F9npEmp1z7tUX4%3D/,1997,https://publicaccess.ci.malibu.ca.us/onbase-portal/api/Document/AeKOP4I%C3%89x0VOUr7JMa8rpp7ls%C3%81h5g1y01gBx%C3%818Gb19A%C3%81zxYh%C3%89PGUyfjJt1HT%C3%892c%C3%81P%C3%893VQ5nAvdd%C3%89Z7nEWDrh13k%3D/,1995,https://publicaccess.ci.malibu.ca.us/onbase-portal/api/Document/AaGy4arvpQ4AHFa1cmQMVMcFjB%C3%81fRfsjna%C3%81TtvNnNEJYPzxsB2poyvmzkS1TZvVAwF2dlwsuEsz%C3%81nMgYBfKP9OU%3D/,1982,,,,,,
4451001026,,,,,,,https://publicaccess.ci.malibu.ca.us/onbase-portal/api/Document/AQPF8E19h6Ep8Qlmt7GBU%C3%89s4REbYIlbwXt0RTJDsZcA6hEyB7%C3%8133vpQBVIMOt4gMozH0MsvZwN4B2iS79%C3%81t750Q%3D/,2018,,,,
4451001040,https://publicaccess.ci.malibu.ca.us/onbase-portal/api/Document/AddVRoplFC5%C3%89opyOFu4BUC9Tt0rN3gJQgUTWhCYZFurN4OH7lliqL6cVT7Dg%C3%819O29eHveWCu3xtstTCoehJjpws%3D/,2001,,,,,,,,,,
4451002006,https://publicaccess.ci.malibu.ca.us/onbase-portal/api/Document/AWm0BPEvHeWBVwr1osulJcohH9y%C3%89OW3sXp%C3%89Hvtmm5B%C3%89MuOZ2%C3%81j19DnGGNG9FXci1BJPD2ZFywzN9FXjspfrU7t0%3D/,1995,https://publicaccess.ci.malibu.ca.us/onbase-portal/api/Document/AYujTRyUgL0%C3%81DTaDsiTrk2knmNQQOX%C3%89gsA0Oeo1wBiEJbDaXOIn48vpUZEv76FS715rFq6rmK%C3%89IpnoKhn8bs6v8%3D/,1995,https://publicaccess.ci.malibu.ca.us/onbase-portal/api/Document/AX2lTJv%C3%814jx%C3%89Wwn0W%C3%8943w2ra%C3%89U%C3%81iHEs2%C3%81xK%C3%81%C3%81xJWgec7axh2%C3%81Y2cUk9UqmbagULo45jIzdWMe48W8EDqai7tExM%3D/,1994,,,,,,
4451002007,https://publicaccess.ci.malibu.ca.us/onbase-portal/api/Document/AUJd7%C3%89%C3%81Hxxu6CvmTqGbH21aIKY2qbRHvmZCaEVy3w9WPevR4%C3%81sZ06h3n5qVapUHMMMBDq5GT%C3%81ZF1aMdv98iN5jg%3D/,1988,,,,,,,,,,
4451002008,https://publicaccess.ci.malibu.ca.us/onbase-portal/api/Document/ASWwTY2GGkgYQSEwtnbp1MA7CHY4ZnYcmbhYuc5OGFh4w1%C3%89zz%C3%89%C3%89CjMdw5ZKN56nNRJJ9ZJhdntJ2Dk%C3%891PGTeNFI%3D/,2018,https://publicaccess.ci.malibu.ca.us/onbase-portal/api/Document/ATgxcWHg8oK6pFlIGj4FFMOwuWfXoyynplYwB6xvbwZ9EsGCFCQS6STfJeVguTH93RIz6n2n7VpEUrHpPaaye6A%3D/,2018,https://publicaccess.ci.malibu.ca.us/onbase-portal/api/Document/AUwi9i%C3%81dMLtira6fI6AHoXdVCgMdSSdBuvQNRUT5M%C3%89K2jTOJrfp7Gn8OnpbC2Owitbihj2O2sUpl7N5hWBO%C3%812GE%3D/,2009,https://publicaccess.ci.malibu.ca.us/onbase-portal/api/Document/AevVNz60KWw0S21Bx%C3%81Dh4eD8dFjixRymNUFR1j0glK8c6NipCJIdUvE8VGBoyDd74kWUi4FVMseDxU9MKyASDyk%3D/,2018,https://publicaccess.ci.malibu.ca.us/onbase-portal/api/Document/AVJ%C3%89TSq2wHFJEQNGR%C3%81gQnU7nPqorQBbAeNJ%C3%816pw5cuLfLOIyimKPcbGxFkfm8PSGicvLM%C3%895E8Lbe97IEd2yGqBA%3D/,2016,,
4451002010,https://publicaccess.ci.malibu.ca.us/onbase-portal/api/Document/AR%C3%813sOAcflOdLR0qNODapKNX6xUxPRkLEI9slFfTl72rihBbCYXgjIOJU0gxmERJRblYGpi3o58Kexx7FjEIkjQ%3D/,1977,https://publicaccess.ci.malibu.ca.us/onbase-portal/api/Document/AQNI8tnvANonFbXOvOoAp%C3%89fPjUQGJTwzXw%C3%81CqyxS0wKPMXxuCuYcmBh6q6QSjo5G5mYBzdz%C3%81sR53%C3%81XYoTxTYABE%3D/,1976,,,,,,,,
4451002011,https://publicaccess.ci.malibu.ca.us/onbase-portal/api/Document/AaCYoVZwFx2UORh1aAtCbfDDmwlXNNpn6Vsz1TmH8105pxzWoZLc7d1ZRTRSagH8lWOOrdsym4LStC23ZVQ%C3%81nFQ%3D/,2012,https://publicaccess.ci.malibu.ca.us/onbase-portal/api/Document/AT12qcP4bQetnLHk82nGkCzQxO3%C3%81e89uk96xI3pNiZa9y7t80Q1ELLn9ZdsHKGfg2GmA3dWE3JWusCoI2i02Dtk%3D/,2012,https://publicaccess.ci.malibu.ca.us/onbase-portal/api/Document/AUEDTO0sZ836iOPVqL98PX4jQ0lVHFDS75d7W%C3%81aiRQcsLrD3XGceyibtyxgwY1NG939ixARMfIu5xUIfWdskeQQ%3D/,2012,,,,,,
4451002012,https://publicaccess.ci.malibu.ca.us/onbase-portal/api/Document/Ae9yiCM9cugavhqi2rBObbojEgR%C3%81yr9oJ%C3%89%C3%89EdOb8Dy%C3%81gyB23U14fukoJWr9boEqC9i3Mw577RBfSHCiAo%C3%81C53FM%3D/,1993,https://publicaccess.ci.malibu.ca.us/onbase-portal/api/Document/AV%C3%81EuQ%C3%89YXUn4YA4NLR9PBdOTvjNYNPtlDoFDgCywX065%C3%816PkQFM3SNdN2U0p%C3%89uzzPBvdnRpsh43n5EhG9NzUp8s%3D/,1993,https://publicaccess.ci.malibu.ca.us/onbase-portal/api/Document/AbFzgmPQIFyKDs5cbiQ%C3%89w2%C3%89X51xOmFgoAFi5pB%C3%81LOSwPSltzatYCKZx6Yaz76Z%C3%81OyrLU9%C3%81dYBTuHP5gl%C3%813O7uyM%3D/,1993,,,,,,
4451002017,https://publicaccess.ci.malibu.ca.us/onbase-portal/api/Document/AfwFRy1tDgTifLGDJKqBCemYDQLFHcWhjR%C3%81pe%C3%81zT8TU4q6v9hNzEiTNU4T9Zk5a2BEsOEBDKDykEqOti64Z37wQ%3D/,2009,https://publicaccess.ci.malibu.ca.us/onbase-portal/api/Document/AbUKtaOhgKXWYB94MrMqpEXgSfYZfKrGaQM7NPU76v3fnp%C3%89PXiirUyWKDaApzq5u%C3%819B8C1vi3UG2FT2BNi%C3%89UHIU%3D/,2009,https://publicaccess.ci.malibu.ca.us/onbase-portal/api/Document/AcS8q7r%C3%89x5Vbb7aQIaeRfCkfnVByHK%C3%81Txbm9UIxznOsmRIdAq5rNdte9iCSHAokkkLTxDqVrGWWwtcyi089KLmk%3D/,2009,https://publicaccess.ci.malibu.ca.us/onbase-portal/api/Document/ATbT4RUvkDbeSSn23dbZ8aa11lNAZjsLC7UNfQ%C3%81oTpLGaJzP%C3%81%C3%811LgVfLUz0BJNlfHAkRFphhuVrtxxboA0D3x4M%3D/,2008,https://publicaccess.ci.malibu.ca.us/onbase-portal/api/Document/ATSJ5%C3%89B2EtcwqAp9PzUE%C3%81JFAr6Fqdl%C3%81E074MAyFAnH6g%C3%89cfxfgT%C3%89eHFocip11PdRY%C3%81cDKlU6%C3%89LZVHfuAJKtenm8%3D/,2008,,
4451002018,https://publicaccess.ci.malibu.ca.us/onbase-portal/api/Document/AZq%C3%81a3ZpkN6pGo3KKvlaQwULzhbdshjTzWqMyx%C3%89R0n%C3%81YrjORzuIy9zE8Wa2zI64DxpIMRROR4D4caZoDAjhnWag%3D/,1995,https://publicaccess.ci.malibu.ca.us/onbase-portal/api/Document/ATQhlE0PV%C3%81wmyqdGhN5HKoeqOg0oQ%C3%81u%C3%816kG6opSI45Gzr%C3%89%C3%81srZKkn0mtl%C3%81pwGcUYT8BzTXwTK8qwvUoJzPM%C3%81ROw%3D/,1995,https://publicaccess.ci.malibu.ca.us/onbase-portal/api/Document/AUHNFB0FLpxUOQpsv3k2IIhDwDUercE718bXhTrWhVEw%C3%81mZKSXsMUs3J71%C3%814H7YH6ae7RcziwUiT9U71GpULf%C3%81w%3D/,1995,,,,,,
4451002020,https://publicaccess.ci.malibu.ca.us/onbase-portal/api/Document/AaXoqhig4LWjMGdYuCPIYibqycIH2%C3%895jjYONLwW9h4n%C3%89GeDLo6WS36wXDrSGmw4Ko5Dg2TvuCWkaN7yxNuOLIn4%3D/,2005,,,,,,,,,,
4451002021,https://publicaccess.ci.malibu.ca.us/onbase-portal/api/Document/AccU%C3%89AK2EPdnLsWgeIQQTe1LF6jieIPSw3LvxBS1Pchb0ShRyXkUtL0MCAnsE5zc6i8Buo2Q8FmAObyk8PyL1G0%3D/,2000,,,,,,,,,,
4451002023,https://publicaccess.ci.malibu.ca.us/onbase-portal/api/Document/AQxptlbQds8CUXqzlfElm52fb4l%C3%89uYiW%C3%81uAZgGmJQahhl9NhyYy%C3%81n3V3K0yCdUNnrvwqcRrG8dpCdMNjiqVQCEU%3D/,1998,,,,,,,,,,
4451002024,https://publicaccess.ci.malibu.ca.us/onbase-portal/api/Document/AZTaVNUhb9zv5vwm9fBuU25Dk1VKTAUcjd21OEGaxcI8p0p9%C3%81pAZWs7ex4tHMw%C3%81rje5wpVMsVuXmMLHIPBRp15U%3D/,1979,https://publicaccess.ci.malibu.ca.us/onbase-portal/api/Document/AT9BRgMYRprwi%C3%81IOppNhkvEV7E2PTOcOBhoAkYEBGL6XsGenn1z%C3%81hVvJJDZZA9f%C3%89EbGIB%C3%89%C3%89f2UsooIVoPwkeGrE%3D/,1979,,,,,,,,
4451002027,https://publicaccess.ci.malibu.ca.us/onbase-portal/api/Document/ASMxYwKc%C3%89t7P6ctyjnc514iNfCyZFqOthf9l4wKXPrvuzFfEEDkBAk3LPreBXxucAc4fN8MSTWbxVd%C3%81eUoziEgI%3D/,1996,https://publicaccess.ci.malibu.ca.us/onbase-portal/api/Document/Ab5LUDb39n%C3%89HnGalxSfb%C3%81ZgSvR9ckemkfaSh8%C3%81F8Ih4TzrlwWgD%C3%89uBW6MAqDx05LZk8XnnUp00kg2vlV%C3%81wG0poM%3D/,1995,https://publicaccess.ci.malibu.ca.us/onbase-portal/api/Document/ASc%C3%81Dk89JcpgmoMq95%C3%8148Sc%C3%89z3d9J0%C3%81skicyHpth3n63FJ9SaBzolPrK933InHzOGOm6gLYZEu9DIP48dFuGG%C3%81g%3D/,1995,,,,,,
4451002031,https://publicaccess.ci.malibu.ca.us/onbase-portal/api/Document/ATt163xLxtmhPsERYpGl5vbzdJn%C3%81b3uXhr%C3%81dfWdvhMPTZr9bBJ6C6txjtmbo8TaEQazlJpTjAvk9Pcqc%C3%81lXm4UU%3D/,1991,https://publicaccess.ci.malibu.ca.us/onbase-portal/api/Document/AQsiztp4NXacUOnULpwR3cx5MhrXofsh4m%C3%89fvVNWpFaYHk0cxX8D1yhKOddZVVpU09mUfq83M4QpOAdrdt1vhms%3D/,1991,https://publicaccess.ci.malibu.ca.us/onbase-portal/api/Document/ASoaIEtH9ws4r%C3%89TL6rrRL6nOcdbYmqcebQW8fdjlYny34nd5G%C3%81RlfcsGi0ZWjUwGOij%C3%81PQGU2awJsvwbbeMikCo%3D/,1990,,,,,,
4451002032,https://publicaccess.ci.malibu.ca.us/onbase-portal/api/Document/AetF6nLYIu2PsLPB4VL9TGYz%C3%89kfu14uZU2t2QrC3%C3%89QXIq8ip9bAu4JGo8LZgv%C3%81XRe%C3%81U0Ut0muBGpWH%C3%89xQml8fQI%3D/,2006,https://publicaccess.ci.malibu.ca.us/onbase-portal/api/Document/AR4sffG8yc9WXQpYVsVYaECW7egRWRew9xuRTNF64k3goQZfvXnKNy01U43Lpw7C9nRldEMc5pgpQlwYtKkNW5c%3D/,2005,https://publicaccess.ci.malibu.ca.us/onbase-portal/api/Document/AWWyL5p68efd8HaeKlYy8g%C3%81mFLSAHu5S9r9EbItSVAQ45kvpIgzDSPEXywv5BVbzc2nvVlYkqIChObIOIJzj06U%3D/,2005,,,,,,
4451002033,https://publicaccess.ci.malibu.ca.us/onbase-portal/api/Document/AaI%C3%81s%C3%89CyiAVD3hv0XitgH9dGxWQu%C3%8181T0CUvdZKydRY4mw4DzQsV85bV%C3%81ZTfj840hbIYcJRkEeRooI6Rn9zoE6Y%3D/,1997,https://publicaccess.ci.malibu.ca.us/onbase-portal/api/Document/AUekG%C3%897TaJTtAZMV038lDeZTIExmxGX4PSZXbX%C3%81hhTAGxto7cmPzIK7QXgdsei%C3%81fmUe707JdFgo2AdbcW3KkuQU%3D/,1997,https://publicaccess.ci.malibu.ca.us/onbase-portal/api/Document/Ae%C3%89oGuzB9emMzAo6eIilV%C3%81S6K1wArTs2REDYLRMzZfMzN6hynELQp7jTfQ%C3%89DR2Luiz6uRnEuxJHUrgFdxy795Ro%3D/,1997,,,,,,
4451003020,https://publicaccess.ci.malibu.ca.us/onbase-portal/api/Document/ASNMyW7ZTpVpPhc9E4c74bX65xPmA19m%C3%812tcFRbQW5XIZwImuzb0bqnICWDUS0Hvq7%C3%81x%C3%81UE%C3%81jGbwGdq4dpw%C3%81iRM%3D/,1982,,,,,,,,,,
4451003021,https://publicaccess.ci.malibu.ca.us/onbase-portal/api/Document/AZOsW1go1no%C3%89z3aJh%C3%89BZEkdObOzt3YQm9aZTzu9L0xND4mW7wV6%C3%89Dxu3Mh%C3%81%C3%81m3%C3%89FLUUsPc33atgi4UrC7kT1ajo%3D/,2002,,,,,,,,,,
4451003022,https://publicaccess.ci.malibu.ca.us/onbase-portal/api/Document/AVF7K0U5Q4S08xHCXelHfrTBCRFqwAqM%C3%81fxeTYTfnjK4FhvNtqm%C3%89oOeJeHwLVj8MtPH%C3%81BWSibxhSidRLdmmfrS8%3D/,2008,https://publicaccess.ci.malibu.ca.us/onbase-portal/api/Document/AZ7KeG8xk7oeeD1y1T36W%C3%89MfVC%C3%89A4m6HnklCTF9cv%C3%81%C3%81wDbtaX94rQnQAVqx1Ek7s7qYVl0XK4KaHaGKeaKYiXT0%3D/,2008,https://publicaccess.ci.malibu.ca.us/onbase-portal/api/Document/AcpVgSWo6MsAjIOcoLkmzf%C3%89nJ8HOWFgA1SBtPkWN9xSxstucUtYo3CzTUkExWoV62G4WlgaHNcVYZhDpoCU4U1I%3D/,2007,,,,,,
4451003023,https://publicaccess.ci.malibu.ca.us/onbase-portal/api/Document/AZQasIDVYeIVkplfPSdVZOUM0Qf2fOcelqM%C3%81%C3%89nTsnpvYz2L6smRpQT81fIbmhK1SA40p%C3%81kwwYCXG1bOjnNqdhgo%3D/,1983,https://publicaccess.ci.malibu.ca.us/onbase-portal/api/Document/AUS0q6TrfR%C3%812Re%C3%89x8GzQYtPQLkzs2pUsLWR26HMpPlOCdlkn%C3%89HDdtcqB3j%C3%89NR67yKewNVztXRvFlgVHr9f1ecKw%3D/,1983,,,,,,,,
4451003024,https://publicaccess.ci.malibu.ca.us/onbase-portal/api/Document/ARCkBL6hZTPH79W7CnLRm6AIgh1shdkoifSmRUIRB3uNjteqouGNrBrVZnrp%C3%89LgwJ5XAfpNUi%C3%89F4tA%C3%89zPizTFow%3D/,1988,,,,,,,,,,
4451003025,https://publicaccess.ci.malibu.ca.us/onbase-portal/api/Document/Ac%C3%891vRZO3tpGa2YQ1s3HtzQuL7x4A9RQJqrlEvuTtNuBYdKuU34FXhTsBBYSEXG1z8qLPUC6Vai42SXc5lOCaAA%3D/,1993,https://publicaccess.ci.malibu.ca.us/onbase-portal/api/Document/AR0cH2Jc%C3%89S4I00r1x9RPzK7JB2eqiZwQpAl7tCMNqMXP21aN%C3%89PO7yacTtnota63%C3%81g3x6Xp%C3%8122xlpUkx7lmDbRMk%3D/,1993,https://publicaccess.ci.malibu.ca.us/onbase-portal/api/Document/ATwrsKcRuAGtPHbjzKnOYnczZeVsSQ8TqyG9Mers7WD6SsDR3UakUMWIVUxjUaT%C3%89xGM85e%C3%81vp8AL4%C3%89U7EPm%C3%81JHw%3D/,1993,,,,,,
4451003026,https://publicaccess.ci.malibu.ca.us/onbase-portal/api/Document/AYJ5%C3%81RB9S%C3%8139kgPMIrF9Nb%C3%81x2TXY2obdCOvPi5NxIxAdgwKbQWpoHfF94NHA%C3%894Yav4WtTWIQocfq1cnZ0cZYw1k%3D/,2005,https://publicaccess.ci.malibu.ca.us/onbase-portal/api/Document/AQzGYV8XVbOmcpg8Iy5M2ckB%C3%89tRxX1bbIdwrnpwJZIBpiswTy10alTK638BKauiZY0T2iUvtwXHBla0tREtJ6bs%3D/,2005,https://publicaccess.ci.malibu.ca.us/onbase-portal/api/Document/AbF9XjPxIPfZz9X%C3%8172hAd1rtOttgrrywW80kJnwZu0kZnD%C3%81AhzQx0Z4D69ZsdZukzXJbR0hhDfJwTNOdxOkhmxg%3D/,2004,,,,,,
4451003027,https://publicaccess.ci.malibu.ca.us/onbase-portal/api/Document/Aa4XVLvkpDG8yTLzj%C3%81WpsitoVK%C3%81Aak4dfbCX8vYx0Tv7wcmoh6GyTvDBLjxA4S8bJis4x%C3%89tkIJ8%C3%81d%C3%89HJRLgTUCw%3D/,1993,https://publicaccess.ci.malibu.ca.us/onbase-portal/api/Document/ARQi7SkboReugob32RBedfnE8%C3%816%C3%8103c%C3%89DYFeD6kx5zkuF2dnKSjtNrRHhCo3PpmcoTUiH8nZL3Y0x4G6P6nxlyo%3D/,1993,https://publicaccess.ci.malibu.ca.us/onbase-portal/api/Document/AQjHsy%C3%897tz5BF2sEYKZ%C3%81TaViDI8UPPFRY3R80pSiCesQZl7KK7X5jXm0esAo4PHYy8m1I7CKFhq5skk2modcsqs%3D/,1993,,,,,,
4451003028,https://publicaccess.ci.malibu.ca.us/onbase-portal/api/Document/AZdGjG%C3%89t0eUQs%C3%89%C3%81HtGRaEemtFaC7jMS6x5WoL3RhG%C3%89rjz8cgRnzch%C3%89u4Mi6BXEWzJG8x1LJ%C3%893D4LXuG2uhT5pDc%3D/,1991,https://publicaccess.ci.malibu.ca.us/onbase-portal/api/Document/AZQwSzNfiuTcigkVJitA%C3%811yDrx%C3%81jdXWzuMnk5n2yczBaVtLVZDUOOrhw9Pv72bepkVwrbjZiHGIbkrEVKYPdI6k%3D/,1989,,,,,,,,
4451003031,https://publicaccess.ci.malibu.ca.us/onbase-portal/api/Document/AeIZeEMP0y1e4Ca%C3%89Xi%C3%89bVP2jfIvWpftWRNuPh%C3%81GK%C3%89cjbEUHywD%C3%81RgRVGs7ilqDX2DI2ZMltZ45jbMOWOEf97Wf0%3D/,1996,https://publicaccess.ci.malibu.ca.us/onbase-portal/api/Document/AX3TwOeP%C3%890yNEuuvU4dRKZ0LlzFvNseIv%C3%8153z5sCTFnLmJ3b55CgLTm4w%C3%81q4VsSBPwPuYMeGG6p2TM13AEa1kVQ%3D/,1996,https://publicaccess.ci.malibu.ca.us/onbase-portal/api/Document/AR0UtJMsofY%C3%81wCOEStmUZBcyg0WeTcl4WYdD72KcrbDvGxqAgrUbV6gRUy%C3%81mte1OcVSRrnjP0za5b8fB732RSrY%3D/,1994,,,,,,
4451003032,https://publicaccess.ci.malibu.ca.us/onbase-portal/api/Document/AebvedVTwLM5KyY%C3%898KvSsscF2cC%C3%81vbMeeePYI1VANHeuDpb70eh4ud2TUP68DPmOcpaJAevHj82lX1IsUrfBPCc%3D/,1991,https://publicaccess.ci.malibu.ca.us/onbase-portal/api/Document/AchSc%C3%89w5TkzA6CEq7CUsB9g%C3%81ww6DV8k5wPGsVquNC9KvOov%C3%89Tdmue35%C3%89wkMoPjdhzQ6XxrOt751d97LPQ%C3%89mph30%3D/,1989,https://publicaccess.ci.malibu.ca.us/onbase-portal/api/Document/AQisXjs%C3%81XjHJR5G1UBdH9soI%C3%89ZVPMpwq3%C3%89RAKhP%C3%89xxP0jNYWkzUmbg608OgmZzHOk98hbUXcKRjAe9t1ka3rOi0%3D/,1987,,,,,,
4451004010,https://publicaccess.ci.malibu.ca.us/onbase-portal/api/Document/ARJrNQqOi1RkK5Xi0h9tOTwi2Pm6gqCEnL7wCU9yiikonF0WGAXJUH8K3svNBhFV4h8ocrK%C3%89%C3%89FXSjZYeiIhszBA%3D/,2018,https://publicaccess.ci.malibu.ca.us/onbase-portal/api/Document/AfyYOScct9d6yuHnRcRjo0B3nVd1hlTlJhfeCq3EjGaIXJVk4oAInhQZmbHBS%C3%89RhVFhaBcmlTm14RWakGWg%C3%89yUQ%3D/,2017,https://publicaccess.ci.malibu.ca.us/onbase-portal/api/Document/Af3%C3%89K9aFktnQJ8jYXteJ%C3%81lGkCcHwM%C3%81p0KQx%C3%81g%C3%89shHQfymGAUDArvNrqDU3xEZp9xDfI6sTCmPrG4%C3%81oXrYoikMHc%3D/,2017,https://publicaccess.ci.malibu.ca.us/onbase-portal/api/Document/AXV8Ourmdcx8%C3%89hJ3UaW%C3%81N0QpxM8uxxwV2%C3%81pNDqHWPZqhlRv1V7mOKkegm5f09cb74ZPjP27ALM%C3%89kZMGJRBSTi0U%3D/,2022,https://publicaccess.ci.malibu.ca.us/onbase-portal/api/Document/AYoDbR38s3mw5%C3%81I22GhWi5l%C3%81MJieYm5kw5tKWHWkNKT%C3%81CjZF%C3%89ljJrrguSGgFLWDhsY2LyM5QpzKgL3cWk%C3%81YlOGg%3D/,2019,https://publicaccess.ci.malibu.ca.us/onbase-portal/api/Document/AQ35eRiaKAzLjSeGkz0r27Vh1q4IuTf3NqgDz9eqI4gQt8crJYYCBMmEu8zN1V2wfXKVvdNLN%C3%89mml2BpTBanGNc%3D/,2019
4451004011,https://publicaccess.ci.malibu.ca.us/onbase-portal/api/Document/AW5lVkJ7HmfyqGaAtYDXU5lN4pChOReRpbj0Y2nGb7W8lsbB7rwti4F6aplFQMhIEqgcCbX%C3%89CYXhyXj92vBq8%C3%89Q%3D/,2025,https://publicaccess.ci.malibu.ca.us/onbase-portal/api/Document/Ac27MghfcakWvTgWtG%C3%89MA0gSVIF1%C3%81sOR2FkvLHlf%C3%89ThF%C3%8985MdqM9Jti22s5PiekAJMC5x4tVCRu8KqdZm5uCfAo%3D/,0,,,https://publicaccess.ci.malibu.ca.us/onbase-portal/api/Document/AUkt1eZeTSujKxUpIE5n13ovrmu47nVv7wz%C3%89YTD3cZmKy%C3%81cpTat3XGwlgNQDVMnaLCI87tIumTaVq9xGXzeVHws%3D/,2025,https://publicaccess.ci.malibu.ca.us/onbase-portal/api/Document/AfsZemTTe9R0Y%C3%89yvy0JFSFeRzGtbe3QvT2WAyb0mxExgtsLRDy5LPH%C3%81Bwjoy0PMnlvurwInsEB5n3Wv%C3%89VTAKbmk%3D/,2025,https://publicaccess.ci.malibu.ca.us/onbase-portal/api/Document/ARc%C3%898rPAM39iZ3cUg3NSVgl5APUdPMmDlA5d7AQzMUrEaxcOFhZBSFZeDGwt%C3%89QFnp5dcEe5lAcW9cdvuh9%C3%81Uv%C3%89o%3D/,2020
4451004012,https://publicaccess.ci.malibu.ca.us/onbase-portal/api/Document/Adm0uQO30Npydv9S2Dg%C3%89d6WuM%C3%81%C3%81OT%C3%81CRV4v8BbJUgLUKSJLD%C3%89l7fyyiZjk9xWj7jkRY6yxry2L%C3%81dnrLACq5V98Y%3D/,2022,https://publicaccess.ci.malibu.ca.us/onbase-portal/api/Document/AWA6Cd%C3%81M3mTRP7ztQUtwxs1M526QI2%C3%81Roc8gckeGne1NqQZjGDtR0AX5onPbCI7ShRtwCdGOS6%C3%81FDovhyEbHIPI%3D/,2022,https://publicaccess.ci.malibu.ca.us/onbase-portal/api/Document/AZr9%C3%81SZhBlhGHLqhdwCm%C3%89DhBemhGJCNCBsgRj9cRkrP20IpMBfMKHyV9ZiPSbpwV1qq5M%C3%81O4AUR1TmZMQUunOos%3D/,2020,https://publicaccess.ci.malibu.ca.us/onbase-portal/api/Document/AVM1T27czcyXrvNjlEcDhvkJvpQTKUmTuel0nQtVxmhuz9x42NUdcsXClDP4l7ic1miRfYoLQMtjT2Y%C3%81rme2PX4%3D/,2020,https://publicaccess.ci.malibu.ca.us/onbase-portal/api/Document/ARqmcPShqaoLnqwc%C3%89jTHV8w3kJGn7boqyrGnhrx%C3%89HonPQwEhrNSgbHfx2DjlPmbi65U3FeoA2DLX066mIG5ljMo%3D/,2019,https://publicaccess.ci.malibu.ca.us/onbase-portal/api/Document/Adg44cdQ1Je3LiHBpsjJTp4CJ4ugmO62rXmeYsKUSa4E7pk7yEOXM1uaB4n5ixApj9pW%C3%89M3Eyr%C3%89e2Md9vyJbYrU%3D/,2019
4451004013,,,,,,,https://publicaccess.ci.malibu.ca.us/onbase-portal/api/Document/AfcFccIDxr9bopzIGm5DB5kX9skbKl3C0uSRYDA49QMBjFRB6R4uopdoBJYo4W%C3%81xOcm7NK9CXYdZ5Ajxt7d%C3%89V84%3D/,2021,,,,
4451004015,https://publicaccess.ci.malibu.ca.us/onbase-portal/api/Document/AXEt7KD%C3%89Dh%C3%81w%C3%81CdjGcQq3WghJhdWZR96SeqANnlbYbvITMKI0m4kYQB4QEZ9%C3%89H%C3%81XFzyX0lVSPVVbr6pdu%C3%81XlwO4%3D/,2001,https://publicaccess.ci.malibu.ca.us/onbase-portal/api/Document/AX6bWClc5bWGyiqohBn88tA4XaMMTpG0wVXO0G4W73UGz%C3%81FaFkC5LIuTREWVctAVHjqTEEto4KBgN%C3%818odfM83hI%3D/,2001,https://publicaccess.ci.malibu.ca.us/onbase-portal/api/Document/AWVCSHY1XYDu7r4bfyZCgqoUysCeeUJXFeG61ZoG63XIL%C3%899ms0PXcfIGPnNeKAceSpt0sohPD%C3%89N6Au%C3%81cZbLWpQk%3D/,2001,,,,,,
4451004017,https://publicaccess.ci.malibu.ca.us/onbase-portal/api/Document/AeB2rX%C3%89ySKe%C3%8923Gh%C3%89icmyHqNfkFay1kfWIj4GemkS3IX4owTwCYexcMZpwPGnMuS0xpbXQg8wW7IbaRyuw5XZwg%3D/,2025,,,,,,,,,,
4451004018,https://publicaccess.ci.malibu.ca.us/onbase-portal/api/Document/AYpNK24lt8bpQmJ5DYxbHLtlwdhIh9VmPtouuLZqDO%C3%81PYjczpGZq4gruJqMbC8buJbEa%C3%81xa2iRhhiuMwPiblCyo%3D/,1982,https://publicaccess.ci.malibu.ca.us/onbase-portal/api/Document/AVzoALUwuBANGUrSq0KWhPHV1t2Rf2RicolqykYQUT4GmuUz0RdeCirYpUis4cfTLB6wehHd2%C3%81qjp8iVgt9Ynw0%3D/,1982,,,,,,,,
4451004020,https://publicaccess.ci.malibu.ca.us/onbase-portal/api/Document/AZvdnTrzTlVGHmUI3ScUVebs%C3%89tuwGWI5QUtW7PIJpo77OAn2Dn3Ay9ovMRFocou%C3%89uXYn4NHqM8XHTb8KDYhJiYY%3D/,2018,https://publicaccess.ci.malibu.ca.us/onbase-portal/api/Document/ASiOQaelX164rCSWsVgtGqU5oGm77%C3%81976x7U3crUQ3RudK6gQtj8hQ%C3%89yH%C3%81COpDV8VQND6x6LrYUn1hTF35eVCNc%3D/,2018,https://publicaccess.ci.malibu.ca.us/onbase-portal/api/Document/AYcZL%C3%81igBibegeqssQNFJyhYrOb9Vo4tyfAzIz6I6SAG4i900Hp59j0dq9pSZ7%C3%81INsZW8RPwER0AQrjtoXpBfFM%3D/,2018,https://publicaccess.ci.malibu.ca.us/onbase-portal/api/Document/AetE0BczCso0%C3%81ym2pu%C3%81CYQ66heHEqTQNA0d8%C3%89cxdCWnGL5OIb9yQWxGB%C3%81DpCP9ECnWII2bfn1UAfR%C3%89s%C3%89aicOWew%3D/,2017,https://publicaccess.ci.malibu.ca.us/onbase-portal/api/Document/AbEG1a3DWNbWF4hqRUWGulbxO14IcodRVALL%C3%89koemzim5Icz3nDEkCVjBwZfVe6k6nxJKrPtJgBTDmU%C3%89vA5BSbc%3D/,2016,https://publicaccess.ci.malibu.ca.us/onbase-portal/api/Document/AdtWsfngzYQcnEXHG24T3jPLajlI2NUHX6C4XetTSGJVkDO06NaSGi%C3%815VpB7qq%C3%89F85F913u8W%C3%89nWjAhvSvr%C3%81ZrE%3D/,2005
4451004021,,,,,,,https://publicaccess.ci.malibu.ca.us/onbase-portal/api/Document/AY7WpIEQeTEbfYtDaZ7e3R98ip%C3%89HhgllU9mxIQp8gO2z%C3%89AF0u%C3%892HXftJScsMrRZHOfYS3HxiU8j3ug8A%C3%89%C3%81eiLx0%3D/,2025,,,,
4451004023,https://publicaccess.ci.malibu.ca.us/onbase-portal/api/Document/AbMuyRUcbpRae1LkrCyjxqV7bMlm%C3%89SvKgvofC6YLaBU5WchVu%C3%81CaFbxsNDy1AP2zvtJQxIZ6oUL%C3%89Yn%C3%81gLyhjJ2k%3D/,2003,https://publicaccess.ci.malibu.ca.us/onbase-portal/api/Document/AY1MLdGdZ4yU9rvH%C3%817Yf%C3%89NalI1lBNmc1kCdpeqtNo%C3%890CfgnOZy9JBx1FQHLovwNWWXTCY%C3%81KNdIWnnt1Z66yDrDU%3D/,2003,https://publicaccess.ci.malibu.ca.us/onbase-portal/api/Document/AWZ8UYddbPpWV7BvtcBqiAqSSS1hGnAbeITlGCGq5WAHo6shHMc0Y1zy8m4Sw6SK7%C3%89Yq1MsgxWILU7jNGcnChnk%3D/,2002,https://publicaccess.ci.malibu.ca.us/onbase-portal/api/Document/ATIpjJjUtecFdfZzcMe307Qd7fQimnPlJKrfXoK0ukSkYnNWYKHCuzWfU4WiV2fNBhT6i0zmcf%C3%89xAzNz%C3%89j31Q2A%3D/,2003,https://publicaccess.ci.malibu.ca.us/onbase-portal/api/Document/AQUrr%C3%81yeodKf0N%C3%81pcAVsKLTb7Nz31nek92S7ajW5XH1WIzOyyeFwr%C3%81bDxd9SCsoZlIwu7RsTqcBYpY%C3%89T5XwwN9Q%3D/,1988,https://publicaccess.ci.malibu.ca.us/onbase-portal/api/Document/AaxhysSSbCmguEGoc%C3%81a%C3%89Ab%C3%81b0oveeT77AMqX6Ln7tXyvGTVZ99yeINmGz9t3mMC9szcIbQR1xYf3YiKP56hKrt4%3D/,1986
4451004024,https://publicaccess.ci.malibu.ca.us/onbase-portal/api/Document/AcxswuCBU9He2RypHlfy5sMOBOscgeUwOwHSH7qtDNjXtCkZbkj2xGynfPQak7NXJ%C3%81yJ5jg6od0sUdHqKtGNtJ4%3D/,2003,https://publicaccess.ci.malibu.ca.us/onbase-portal/api/Document/AY%C3%89dew90WeH%C3%893LWfKqFR56wZofC1p03V7aw1ShW1CZs5VmL45rXCTjB6iKxznz%C3%893r%C3%89lHCu8bBi6lpCzlr9X6aPc%3D/,2003,https://publicaccess.ci.malibu.ca.us/onbase-portal/api/Document/AcybpiEhdmmOH0T2ZCasTSXnuwoq2%C3%890YyBgsrPnXTTk2Kfe4LYHFpPKCZ7JO6FsBuvhoH8EwLNvTM8vZ9m30AMg%3D/,2003,,,,,,
4451005008,https://publicaccess.ci.malibu.ca.us/onbase-portal/api/Document/AffEpwAiFddXJcVbFbbtijolxhRFuMhhTJzHBwI%C3%89K0UZWo0RsKbr4UL0W8wVKKL0LVTNjpCFhTgyKADZ9Hl9CS8%3D/,1992,https://publicaccess.ci.malibu.ca.us/onbase-portal/api/Document/AX6kgJcy%C3%89UtNlEPeOouZ%C3%898KZHghcKTJ4f6Pd3kR7Or%C3%89foILxfQEKJhLT2oMa1bwM2%C3%81jH2aj3WMYn6tpijg2EP40%3D/,1992,https://publicaccess.ci.malibu.ca.us/onbase-portal/api/Document/AU7tDRQrlPEhXARCi9Upo7YVz7Bcbtc91RgwwwwTxJ60dIANYr8BNzLvgugI8QlY1X7YvjQOS4F2eCPivtFrsC8%3D/,1992,,,,,,
4451005009,https://publicaccess.ci.malibu.ca.us/onbase-portal/api/Document/AaL1Q5WNUTLIa53IOxlSFk2NAG6HOEucDc6g50Xd5IxBZDjtG0As8mSNjmCVSVx8uRnKLTzVBehMpMJHvq4NUKo%3D/,2000,https://publicaccess.ci.malibu.ca.us/onbase-portal/api/Document/AcpXUN27WrtMFEkz6bLJTXeec%C3%89%C3%8168jTUYNvmmCdnNGw%C3%819yj8CWF%C3%894mRXSaSMbYzEBs%C3%81GxsmR1YBfz5z3T1CO2Sw%3D/,1999,https://publicaccess.ci.malibu.ca.us/onbase-portal/api/Document/ARjdLeoO99PmkVVi%C3%81DaGkFyrqZnBLh7xPnSpCyIwlyhriFtRfZxPQgOq5bPWT6TefyPfVx3auXISP8KiZ%C3%81Y3j2Y%3D/,1999,,,,,,
4451005011,https://publicaccess.ci.malibu.ca.us/onbase-portal/api/Document/AbH7FuhtsMwadXySRD2gQhRRsuVezBDNUgN5iMS5uH%C3%81InUqC3%C3%890n%C3%89naNpK8o4KNIPpAaBccH24q2chuwJTgB%C3%81og%3D/,2007,,,,,,,,,,
4451005013,https://publicaccess.ci.malibu.ca.us/onbase-portal/api/Document/AQyGtBQ5Eyue5HzdWGlr0IZ5xmU6Na0%C3%89sEZCjhVPnEbgTcMCRL7iB31gu0rHJ1O%C3%89oUvXo4aoIasIscx08ntO%C3%89gA%3D/,2025,https://publicaccess.ci.malibu.ca.us/onbase-portal/api/Document/AbYZif3EGfbM%C3%895LMYkeKDj4hNo2LFQuNLeqPXgCwtIyeALeSfEZgIfnN3KqAjQ8f9ObIHQD2oDXzz1%C3%897Oghl1eA%3D/,1995,https://publicaccess.ci.malibu.ca.us/onbase-portal/api/Document/AVc2AyHI3tes7PHRlejfbcaRBuT27VI2CZYGSlyPPG8Zr2LmXVJc9OaZOI%C3%81xuBADHjq4zsG4KsuiM6IwkaLg6hU%3D/,1991,https://publicaccess.ci.malibu.ca.us/onbase-portal/api/Document/AVz9SPfKNIKMNzKioJEpe91AA%C3%81BfOI87hP310%C3%81iPxKzajSYgxQVn%C3%89LeaY%C3%89sEhGusMYUQsbIVecijW1a%C3%89zP3U0%C3%89E%3D/,2025,,,,
4451005016,https://publicaccess.ci.malibu.ca.us/onbase-portal/api/Document/Af6%C3%890oSfcHOLVKKSlftzr9W7EAV89UXX5WInwz%C3%81bR5p2kP0YjN4XgwQVwvKIYAiMoPYXACCrVnL0RlKpy10KhhM%3D/,2005,https://publicaccess.ci.malibu.ca.us/onbase-portal/api/Document/ASakr8vaXlDcgp0sJDEGTV9iXPWzV%C3%81v0g2C7iASLxZ6ldEOQJdM29xxcDKRUYlt3YrIJQKk3BKtEkLPZVhgWHcI%3D/,2003,https://publicaccess.ci.malibu.ca.us/onbase-portal/api/Document/AT9Sq9JpgWut24fMJvXPIhtTmoNkMekBT8NcRSQD2Jkiv%C3%89STHO%C3%89gL6yPqy4hbYILkWjo2mbkSS5Jd5wLYOzheCk%3D/,2002,,,,,,
4451005017,https://publicaccess.ci.malibu.ca.us/onbase-portal/api/Document/AWvRE3vo%C3%81hUEZjgXrNeM7%C3%81H4EuUgvfg2Ru%C3%81UBpQ44aXUyVVjME2NTFcNccvA919MJ2jkk1U4jrnGF7JBRg11U0E%3D/,2025,https://publicaccess.ci.malibu.ca.us/onbase-portal/api/Document/AU8FiH8nJqg0AGUMT0SHDc%C3%89UXXitbf%C3%81dVm3IIQJcCXArW0LJaRhesyDNmnUEb0Flq6tEataqat9mmVHxDbf2iE0%3D/,2025,https://publicaccess.ci.malibu.ca.us/onbase-portal/api/Document/AX0vGfmgXeaVyq3esJzBX1khJNZjbtqE6USZ5xUY2ZApVzfRNYeHOfKEKL6XVAACevNDTsSVMAD4hlYidhOpphY%3D/,2025,,,,,,
4451005018,https://publicaccess.ci.malibu.ca.us/onbase-portal/api/Document/Ab2aSZA7UeuNNWhJRli58TP9FguZ%C3%89BX805%C3%81UeGzqhj5Me7KQyB5p4%C3%81otQiH1v827hF8FWX%C3%893lkm3Asdrhb7d38E%3D/,2025,https://publicaccess.ci.malibu.ca.us/onbase-portal/api/Document/AeLm4Vtjan3Wo5xo3XG%C3%81jWtXeAW2s38Zg8Yhvl2Kn8PuenM47ixftlIk12zVk%C3%89yRPNSOmXHjWcrhY45LEQW%C3%81wJQ%3D/,2000,,,,,,,,
4451005019,https://publicaccess.ci.malibu.ca.us/onbase-portal/api/Document/AY%C3%81ZeowjG95FROZwxPkVJRcfzoonsvLj3O7NeK%C3%81RO2MOsmvUGUK3%C3%81cZTy87VolDSCOWGR%C3%89ow%C3%81t6bnAYF9ZqTVIk%3D/,2009,https://publicaccess.ci.malibu.ca.us/onbase-portal/api/Document/AcBJoZBwkchOz2MZbS3Aq7YX3GBpXTd%C3%89lt4Vh8o804XpI2jEjwNI4%C3%81QhkxxgLykhw9J2gYdC6cFLoFdIQsaUBis%3D/,2009,https://publicaccess.ci.malibu.ca.us/onbase-portal/api/Document/AVgDF0uKlCy6q20CdbiIKAWPFknOuxxFhM%C3%81a20MWJnBfwIJL91398FnjFb2k7VnarjMHlz2s255B2iNFO94wHMA%3D/,2009,,,,,,
4451005020,https://publicaccess.ci.malibu.ca.us/onbase-portal/api/Document/AYkBQw8IrvR7zNsIlnMl0txUs%C3%81Fvg19L%C3%89XmQ27ngODhYOS3pwCUkJuBgC6tf7V%C3%89tgEEQoGUJ5OuZbM16AyFzh9A%3D/,2001,https://publicaccess.ci.malibu.ca.us/onbase-portal/api/Document/ATZ9cWB9OvInJwbaza1AIAN%C3%81jQAYHr0mVAHqikc7dRLNMkBYXYqIJ%C3%890qMPR0nuCT13oF7RjiJs9ZGnkI3W8teQs%3D/,2001,https://publicaccess.ci.malibu.ca.us/onbase-portal/api/Document/Aawa%C3%81b45jcG9lqx4QKDEvCaiSQHW%C3%89nULTOWqCbjC9KvFQIWsColvccY9AJHc6GVqoE3Iui8vCcOyil3rYcuLqbs%3D/,2000,,,,,,
4451005021,https://publicaccess.ci.malibu.ca.us/onbase-portal/api/Document/ASCZmzXN8sgu5gcS%C3%89%C3%81KjDir6rxhUHKS2y81b0mp2Y8Bz58W84mJlgfyypl2GBO%C3%81jyxgI%C3%894qpQVd9%C3%89kt9sBuObEo%3D/,2025,https://publicaccess.ci.malibu.ca.us/onbase-portal/api/Document/AY60KvmsdG1aijzukGJwQ%C3%89DpmESp648sKliYHYxWxhaJ17exi6tMMvWkc9uN9JeIwVBVMVVCOJIFCKGhwzkYGDk%3D/,1996,https://publicaccess.ci.malibu.ca.us/onbase-portal/api/Document/ASvJyn4oDWo5dDlhBq7XE0SphXRDUDExR2hVcdHzOkWbp4k0nBxjAOsQTdt1z%C3%890H008qJSUqSoiuaBD03ZkjlV0%3D/,1996,,,,,,
4451005030,https://publicaccess.ci.malibu.ca.us/onbase-portal/api/Document/AdSrJYvjZKvSy%C3%89AO7l1xzRvq7EhXnuftpjHeJjSp0j1HA4L3l%C3%81LyQmv%C3%815%C3%815zmg9cAuTi8CVHmISDcaqiohGryVg%3D/,2008,https://publicaccess.ci.malibu.ca.us/onbase-portal/api/Document/ASCY%C3%81PXF0iOJSGySiY8mCneJ7X0zdIQyOtpd3w5QixdCJpgfFsMGTDkBxPOu1lC4L21FtmS78BKYkofhpBjAcx8%3D/,2008,https://publicaccess.ci.malibu.ca.us/onbase-portal/api/Document/Af9MbSdS14Uy%C3%81vG9BwpIF7i95W7%C3%81YtYG%C3%81rMXj79px%C3%81HmIMjKyksgxi5e4t%C3%89gXPrCbLvf%C3%89%C3%81MfaDVLpEh%C3%81l0ugQ7Q%3D/,2004,https://publicaccess.ci.malibu.ca.us/onbase-portal/api/Document/AZqLboM5HB2OSxz1P%C3%89z8ZngX0X0d5ppIgYzi7dCBOM9%C3%89eEsXrGo%C3%81n%C3%816huQfL9sRg%C3%818O4%C3%81xtWiAR%C3%81L5BR5pmcsUw%3D/,2003,,,,
4451005031,https://publicaccess.ci.malibu.ca.us/onbase-portal/api/Document/ASkBz7c3nnCVYMPkoqjJEvwNiTj87Z4IuHxlpUyXo3%C3%81WItc8uBbmMBSqFG0ps5YyP31MrYtgeCYdZxGLdn9Xwdw%3D/,1986,https://publicaccess.ci.malibu.ca.us/onbase-portal/api/Document/ATuExsGjOYlgBgfNjIulbC28EYhiZDoiQFYWtUDBgNJ79YpYGfCtzgiQUAzFDFLR7KyACf9iO%C3%81Xp41kgn8%C3%89zpV8%3D/,1986,,,,,,,,
4451005032,https://publicaccess.ci.malibu.ca.us/onbase-portal/api/Document/AfjkqGWx3DDTzLkW9i28P43FqbF%C3%810B3mwA6ZCuCEBB8V28B73YFGeud5ta3xaJQ9%C3%89mHr8c%C3%89ydtTdUQIgcTfqOIs%3D/,1969,https://publicaccess.ci.malibu.ca.us/onbase-portal/api/Document/AYhZYH7XuEf2tmf9KjHbJnTLaYpocYFnrJI4djKZbrx7XZW%C3%89YxMRmIA31Eg%C3%894qUbbmYU66kor7AvB1ULieORhG0%3D/,1969,,,,,,,,
4451005034,https://publicaccess.ci.malibu.ca.us/onbase-portal/api/Document/AZ36yw4C9bGJxYL1wN07ICky8PeXuF%C3%81StNpXzeMLXo5eDhXSFAGKXX3uszTF2vp5JmrKSsKKA0aspxlb0xXFfHk%3D/,1995,https://publicaccess.ci.malibu.ca.us/onbase-portal/api/Document/AR7%C3%89Ytuhiu1rdpsWmwIxOGGylIYOZqeCNEo8HevLKEgaBfuvLGCA4pS%C3%89kQlLvi86FMB7qDP7tg3N3rvruOzxto8%3D/,1994,https://publicaccess.ci.malibu.ca.us/onbase-portal/api/Document/AfW3lM38AKjohbcHvraTeCMF7cQjZ27xv1C2XVDA%C3%81Xg8grkDAqT%C3%890pjikVDUhESW3ENSQexoBR2goTOGjtBRh3s%3D/,1994,,,,,,
4451006012,https://publicaccess.ci.malibu.ca.us/onbase-portal/api/Document/AVtUD6l1v7tWlnVCUZccCxTkBqsQlnSLPnWairbW%C3%89yELr1sFFiDrf9r4Vk0NzNmrkUIqux9sO5gFA6QSeqteNng%3D/,2003,https://publicaccess.ci.malibu.ca.us/onbase-portal/api/Document/AR96aWjaew0l66VrG%C3%8165Wo5h%C3%81c06oVrREhVBf43FKVdM57X%C3%89pmIehjRs1E%C3%897ZhNuGzPAJFTd0V%C3%89mbw2Fd%C3%89J7%C3%81C8%3D/,2003,https://publicaccess.ci.malibu.ca.us/onbase-portal/api/Document/AVkwELPl8h%C3%89xGwPkBEoQQ7Tt1FioorEk4Ws%C3%81ebPKrxDYwFeqSPOx%C3%81nQWGENZtkVnfL1qV4qlXS4JeVs08WDd8Is%3D/,2002,https://publicaccess.ci.malibu.ca.us/onbase-portal/api/Document/AQ89JmMOKUa6ilwcQPcpiYu57mhEvFOlqihvg%C3%81u0MLmbeAzgQ%C3%89KCrBybI6wkoSylv4%C3%81mv5KWyIa8vH8keTlGTIo%3D/,2019,,,,
4451006013,https://publicaccess.ci.malibu.ca.us/onbase-portal/api/Document/AY%C3%89I%C3%81CDBFqzcRePzVec9GRGSTsjiSLwzxvtMRLSsa8oMuU0pAJajG2RsOZ2v%C3%81XmtC%C3%81TiQ%C3%814m12rOoYZX3y02Xyo%3D/,1989,https://publicaccess.ci.malibu.ca.us/onbase-portal/api/Document/AUnnevV8ACNAfor7Y58Wlbe9zvTkGpXxqDm8ZisWaUrdLmSnQ1EvXixrpvfWyHY1qKPLrTA4gvKX0tJZR8x2AJw%3D/,1987,,,,,,,,
4451006015,https://publicaccess.ci.malibu.ca.us/onbase-portal/api/Document/AeMFoceBTAK1K3iKHfKrLADZ78wlOBPaYwvMOq9QKTEXgzgjbjlsRJw2Jt53EFVYtioSDoKktOZWZuvLIg5GL7k%3D/,2025,https://publicaccess.ci.malibu.ca.us/onbase-portal/api/Document/AR0gn4nwYZGR4isqTmViTPHHGFF6K71GTvROeB%C3%89IQqVTXcb7JYC7n%C3%89sIEmGr%C3%81SfmastFcADC%C3%895ZpP4nKOjw7RBw%3D/,2025,https://publicaccess.ci.malibu.ca.us/onbase-portal/api/Document/AZgA2j4F9fkdo64Az66RPVccrTTkF97Z7lx6op8noMM27Ec%C3%81avJuPmw8Q3KlzYTZH2IrXAl0mmMsaFlXp2Aau48%3D/,2006,,,,,,
4451006016,https://publicaccess.ci.malibu.ca.us/onbase-portal/api/Document/ASleAiYfAEzE%C3%81l5XpEWtIFSnOqC8u0PJzxcTwjpu8x1%C3%81Sn%C3%89ZWi8S6j1M86dUHIGUPoscf1NjctTlq4em9C0p2uk%3D/,1996,,,,,,,,,,
4451006017,https://publicaccess.ci.malibu.ca.us/onbase-portal/api/Document/AaotR2kEEdedLfkvYQ6IXws%C3%819gVboEMgAEBYtPcOMR8rLw%C3%89lALYm%C3%815jjuefCZhCRKa4gGRTg5UMk9UbYmsyX5B0%3D/,2021,https://publicaccess.ci.malibu.ca.us/onbase-portal/api/Document/ARbfBpSMwgFfxpCrEvcjDPJE2EJrMAn%C3%89tjhbluA11PFFgNzFo6ROXN%C3%81sdKdPDSE2sMTy5A8ZZOMIzonah4Uh6z4%3D/,2021,https://publicaccess.ci.malibu.ca.us/onbase-portal/api/Document/AXvELjJqCU2bRWN5aVfYEK3KIAPxB4GtDjw%C3%89PLO2SKegtWU%C3%815VnEKbbLVuHGs5K%C3%81a72RQad6mFxbbf44oejQQWY%3D/,2021,,,,,,
4451006035,https://publicaccess.ci.malibu.ca.us/onbase-portal/api/Document/AYqPQQ5Jp0y%C3%81StwNzyEEEU%C3%81bp9fsu82sE2ns%C3%89mGl1XYEPdkBXtZSahD6nmQR11QiJSj%C3%89dMVmZrn8krFg0bN51lU%3D/,2001,https://publicaccess.ci.malibu.ca.us/onbase-portal/api/Document/Ab7ASiogKFTnJXA7B4%C3%89vZGYXC7vAr95jLexpYZSeVDiFnH08Lsh244nKQZrLg5rM%C3%81MdDz%C3%81I68Cv4tSklyC1%C3%89XGg%3D/,2001,https://publicaccess.ci.malibu.ca.us/onbase-portal/api/Document/AUVT%C3%81hEFHT9EGUaxjev0xoqSd05QcxDGSAG4fYF8sJWsLFumfWPg0sCpdc8%C3%89w5HzEnrUu9uULBDZwAMGufKVVa8%3D/,2001,,,,,,
4451006041,https://publicaccess.ci.malibu.ca.us/onbase-portal/api/Document/AUVLnrQIAUwfdolI1iplHSN%C3%89Zt%C3%894LyxoiJ3xTkForP3dWqAGCMbMHOWp6yEJKphjTK1Bt6BimFKFOUlo%C3%89UBgRjg%3D/,2012,https://publicaccess.ci.malibu.ca.us/onbase-portal/api/Document/AdcE%C3%81MBhAMF86VfN3OAA3ZEmnn0B8pdZFqwiSkYRP0017PTunWHbd9mnBwdDgqUQvN%C3%81qhGpG0mezlQ6ETfIf%C3%81BE%3D/,2008,,,,,,,,
4451007001,https://publicaccess.ci.malibu.ca.us/onbase-portal/api/Document/AV4S9ApyErtt57jIjl7J1m9q6612DpmLR%C3%89aReyllElSTrYtU%C3%81T4OL%C3%817DIKk9640yrF%C3%89qh7hVMoUYAvhrovZsRk4%3D/,1996,https://publicaccess.ci.malibu.ca.us/onbase-portal/api/Document/AdJ5debUrzlbxkzxOX7zlmzgaQiczScP8KHI41hMfsSuQFusAlYuzT1xNt7s2RNPa0XM3UTO%C3%81D3tHKACJHbOcHI%3D/,1995,https://publicaccess.ci.malibu.ca.us/onbase-portal/api/Document/ARkj7tL93BwcuS%C3%81QivmLZJ85JsaR34kJGtkcesAAVexa5JsrBwBS9qovXNTVfg%C3%81xIbgfWidCF8uVaruyMT7W9EY%3D/,1995,,,,,,
4451007002,https://publicaccess.ci.malibu.ca.us/onbase-portal/api/Document/AZKAohdLhIc43i2BSkYOMgVPLvZ2ZZvleTj9DgguFzUROW87MbXgocNSTI6TALLEIxczyNakAM0oY0CB9yLhHDo%3D/,2025,https://publicaccess.ci.malibu.ca.us/onbase-portal/api/Document/AXvwJReqB%C3%89S7zB5M2s6oEnI2naVk1uDfXmUB%C3%89%C3%81Pu4scn5c314119CfjE6GaZUIXBiTJKMQ%C3%81qj5k0%C3%892Ty3VDXOw4%3D/,2025,https://publicaccess.ci.malibu.ca.us/onbase-portal/api/Document/AZgKJi5kzrkQTUcR%C3%89GRWcMq038NERN3kut6zNRiCqPTrNC0ByMGN%C3%89YOHFyjiuiuHfcN%C3%895uNZVYWdcodIClqhT4U%3D/,2009,,,,,,
4451007003,https://publicaccess.ci.malibu.ca.us/onbase-portal/api/Document/AR0MAu4qWGh%C3%89alsOt71tUuufU24GcNnlpDpny444CirYkNEMckbLb2iLiIIkqnGfTlTORY91jHUiUQ1bLJZ14Uc%3D/,1999,https://publicaccess.ci.malibu.ca.us/onbase-portal/api/Document/AUBUY5JiZU8NoJs2gskkU4DSuxzvx6G079OkwDdnSJLwnOMTbOfASTrBcHPKokD3RquQykgxF4IUB9NUYCNQtGU%3D/,1999,,,,,,,,
4451007004,https://publicaccess.ci.malibu.ca.us/onbase-portal/api/Document/AafT5jFcLAHPb11WRxqf8cT57wk%C3%81WgX832c4ezArQ7pARvislLWcy16cCW3wdNYgEADCDJanfRgRBaqRC%C3%89Slm20%3D/,2018,https://publicaccess.ci.malibu.ca.us/onbase-portal/api/Document/Af7aYHe4FrCtM9o47o0zsJ7hk7%C3%8942WjYq4vtPBp%C3%89pindJLtRVqfcIchShx8vVmFtTRL0aj%C3%81Yd4VfewzyhEdc43Y%3D/,2016,https://publicaccess.ci.malibu.ca.us/onbase-portal/api/Document/AQ7WR8LD5DHEQwqHIrAWKGyi8vJEnuYiKnuTpt3e7K1GEJRvsOpnQ0Y%C3%810aBSsepLnNWZlXuoaQqBfn5bmr4s1SA%3D/,2016,,,,,,
4451007005,https://publicaccess.ci.malibu.ca.us/onbase-portal/api/Document/AShKHiKHfHupYxtHdQKdSEOcSSjoMsGovKENDOdbvkaUn6RIsq0bZPtIN%C3%89PiXMBYxJiQd4wSiQHlhvKtoyHuSsI%3D/,1996,https://publicaccess.ci.malibu.ca.us/onbase-portal/api/Document/AR1mWFTEuWJTURpJ51KfgAoUKzpMfkVn4lsM7i7SAwEQlfZbgw%C3%89wVPqsh4P7wC8XCxO8VojEunjKgkwh59frP9s%3D/,1994,https://publicaccess.ci.malibu.ca.us/onbase-portal/api/Document/AZsJv7fE%C3%81qIi37ECZkFS2W4QLCuv0F4rNw94qYL%C3%894knsbKmWDH%C3%815fQ91q68G0otW9TfrGYVn5r7BHWBz2SRtppQ%3D/,1994,,,,,,
4451007006,https://publicaccess.ci.malibu.ca.us/onbase-portal/api/Document/AV7PDoPYHFUgnfoEBgcterhamodoX68KQH9IfNycdxWONweHRU2e0BYNM4wZaeYhpvCuG4Pb1FRX42pNbAlx%C3%81ig%3D/,1981,https://publicaccess.ci.malibu.ca.us/onbase-portal/api/Document/AfHlzskCtM9%C3%89dcUd2lT8LYluCWbRctwJh2MnwqAgI%C3%89%C3%89RR5As1H35BtObHbqtw4LdYdPSJQHKWaFDjD%C3%81N39yAw7c%3D/,1980,https://publicaccess.ci.malibu.ca.us/onbase-portal/api/Document/AeCd7Ms8RcgU%C3%89X7AyT%C3%81kfstfR9lnO62iVxFkuOl5UJR77E%C3%816u5RESPY2SWbyt5SVhKjq9QoDwj17t9muQ5oV%C3%89LU%3D/,1980,,,,,,
4451007007,https://publicaccess.ci.malibu.ca.us/onbase-portal/api/Document/ATl3M2yn04XFzIEKKMRoZQm6wQrjxLqE%C3%81bDXZrhsN7uhDF2IK%C3%81XtMOzbuo6R03SAaJvICnw5uAY7%C3%81M7dUUz5t9Q%3D/,2011,https://publicaccess.ci.malibu.ca.us/onbase-portal/api/Document/ATkaSzVRYgdecNFPw4KgHe2Rn99oM4LDWLApD62sMwj5MTixKAvi9ahwY0mrj6Hj65paSrsAfcuL5ogsyYDXqnQ%3D/,2011,https://publicaccess.ci.malibu.ca.us/onbase-portal/api/Document/AWIsCQx3jWpaa%C3%81Is940ZMOweFXsELVOiNsqZPzHRTuNqahes2M7WZMnp1oSec8KKSwU7KbH25dpnQ2Y5v1stAVU%3D/,2011,,,,,,
4451007009,https://publicaccess.ci.malibu.ca.us/onbase-portal/api/Document/AcrY6zSIwiSVOyfM6jJaDo%C3%893x%C3%891nQVzJaWa4KfV1cEv%C3%89ObQ5DH%C3%81YNsZm2FviLHHSfaBmttghXBldCDdA1lbUZP0%3D/,2016,https://publicaccess.ci.malibu.ca.us/onbase-portal/api/Document/Af7PwIeTJma4ELlTrD%C3%81LcSRJ1wh83lUz9HN0vlz%C3%81wU5y31XpWRdz9hqvqI7wZTSUKe3pgseaLGLCGvbwMQbWok4%3D/,2015,https://publicaccess.ci.malibu.ca.us/onbase-portal/api/Document/AQqAkAdm27KrQvddrTRq90%C3%89CVdGjGC9kqVehDnJKCsgT3r9U0lmHhf950wutp%C3%89Jti5o%C3%81rnjaY8mkOK6SepUWFnU%3D/,2015,,,,,,
4451007012,https://publicaccess.ci.malibu.ca.us/onbase-portal/api/Document/AQDDu%C3%81AP6zxfl%C3%89%C3%89bmigxVHvLP5rPokzXAT8qgxXUwYnWlvtIzUzAhEDEerKNTT7gyDAm%C3%89tV4F1V6d%C3%81JDQB6oZs8%3D/,1978,https://publicaccess.ci.malibu.ca.us/onbase-portal/api/Document/AWMuJa%C3%81krT0kLslPFRmxKMrNGYTEiCRcyH%C3%81Ysh5K5Y968cS%C3%81kZtKEf8TtTQUFWPbpFAUspxXDmTOnsJ9G52DieQ%3D/,1978,https://publicaccess.ci.malibu.ca.us/onbase-portal/api/Document/AUTrFopjv5P2QktmyapzijhVxlblvuYfFYj%C3%89RHhatiZgQVQNXmGQZ0UylK3xIZDqLEOn0UtKNu%C3%89Iw0%C3%81tYvi13hw%3D/,1975,,,,,,
4451007013,https://publicaccess.ci.malibu.ca.us/onbase-portal/api/Document/AamzG9g87TJDCFdFoDm%C3%89aLWiHHJX8TDFaZmGvd8DIJYslV5aGnWJqrACx%C3%89zvT28NnGlLfqfJQvF2T5JFJEpj%C3%81C4%3D/,1985,https://publicaccess.ci.malibu.ca.us/onbase-portal/api/Document/AXeWGjbrViLeXLF1LmlgrRGuCDy8WMPoD%C3%810ceuMxXNa3AH5YP8XdoAZhtkQW9VW%C3%89fhincx8Str8GG0OgcFdHu%C3%81k%3D/,1985,https://publicaccess.ci.malibu.ca.us/onbase-portal/api/Document/AY1MEiPR96u25%C3%896ZKk%C3%81cFIanLuxBIp0A6P1DGVCYJDOjm30I6m4y7DoJ5aNrSiSJ6d2TiZe%C3%89IDeswH90sURqX%C3%89U%3D/,1985,,,,,,
4451007014,https://publicaccess.ci.malibu.ca.us/onbase-portal/api/Document/AewmmYgE7nn2%C3%89EmNSiBLuFeHEVjwNlx1tMFSRazrrVqsdx8AgQyfbqKCtvSKlnfdgR5WRvjwZ5UGdpQJ9HwsLaM%3D/,1962,https://publicaccess.ci.malibu.ca.us/onbase-portal/api/Document/AY4G8VZijv%C3%81cVtUut9h1q32n5k13nks7fZ2YfGYh6NYinsukomu81cLgJ6PZgZ0Inui%C3%81AZQcqNWDeKkuihiS41w%3D/,1961,https://publicaccess.ci.malibu.ca.us/onbase-portal/api/Document/AbAAQJDjIy01dfLwly61VOUZDUDoRa7nVH8QHBz3%C3%89U2e1CbXMRtBPFvgBJLdTgevpL5hMptavUFAm%C3%81OIGe45Hxs%3D/,1961,,,,,,
4451007015,https://publicaccess.ci.malibu.ca.us/onbase-portal/api/Document/AQeRREcfjvQsR92BJcvtM4Hf%C3%89dnKY1HYp%C3%81wNJWRUVdAm3N2yxwDu6CLwQJ7TQe%C3%81RDFTtde1W%C3%89I0NWITKXbT9meQ%3D/,1962,https://publicaccess.ci.malibu.ca.us/onbase-portal/api/Document/AYgWCxGFl%C3%81t4TDic83Vzp7Xrx8aAXuwNUT9j0IM3KNeUyHuZbRYV1vq6asMpcFIrHpbGc0acobPLSNyQYq%C3%81Fsq0%3D/,1961,https://publicaccess.ci.malibu.ca.us/onbase-portal/api/Document/Aflb%C3%89CY9holK5kwWqlp9dkr%C3%81Vxe9MxyCreeFY4o9ojI0Iy%C3%812Vh%C3%89rRV%C3%895Olj7y63%C3%81vh%C3%8179%C3%81pVuypSCb9gFLm%C3%81CB8%3D/,1961,,,,,,
4451007018,https://publicaccess.ci.malibu.ca.us/onbase-portal/api/Document/Aem8LEgC%C3%89Cyem%C3%81KmIpSXyFJTftH%C3%893x%C3%81UPdhAYH6DQnFQcHgOapkcrUfBUsOK%C3%81ocnWd2XekxxPBQJvxsSOe%C3%89eoww%3D/,2016,https://publicaccess.ci.malibu.ca.us/onbase-portal/api/Document/ARkqwTNF4j9mTFK4QGInOjpGccGIe%C3%89sz3uXKfli%C3%89VRGb9WeNc8LS5f1WAFtEGlLYQQ2OqQmQwLvA3drrYIXxsew%3D/,2015,https://publicaccess.ci.malibu.ca.us/onbase-portal/api/Document/Ae14fVS%C3%81AMXxh1TOYiu5AQYf2JCXK852dEvNpzwYvpFhBjX9DewX4kWFm%C3%89CI8KbP8CdSdS2e0K2F2lgBi7gt4%C3%81c%3D/,2015,,,,,,
4451007028,https://publicaccess.ci.malibu.ca.us/onbase-portal/api/Document/AW0DODpadxVqhs38NOkR2kQHP6ngcxShh6r1aqzklcP2EJ0%C3%81vma%C3%81a%C3%89O9yth66qmGF4dJ9gE5imnOe5ZhqTBiZDM%3D/,2016,https://publicaccess.ci.malibu.ca.us/onbase-portal/api/Document/ARMSkjI71qhs3tCplMGFn9dQk7SmoPCSo2QvVWLPLxbFaaDZVkqo3BVdh8QgdVWsPpSyErNHe5YKkhMnWtZ5sIY%3D/,2015,https://publicaccess.ci.malibu.ca.us/onbase-portal/api/Document/AeiOPgmZcOL7fuaFwarqQKjSGVCXnSjwRDhpMqZ3kcl7sa1AzpiULfspwzVRUOs45fRN4%C3%81vDqmPOxNoLkX6k2uE%3D/,2014,,,,,,
4451008003,https://publicaccess.ci.malibu.ca.us/onbase-portal/api/Document/AXwL1k4P2K4sv4IHwENogbU5Lu15uAbGk8gRcPxdv%C3%81z8qy3kTH3%C3%89Uo4l5ltNWP%C3%81i%C3%89zMxlIYTY3wGxufYY%C3%89Eohhw%3D/,1978,,,,,,,,,,
4451008008,https://publicaccess.ci.malibu.ca.us/onbase-portal/api/Document/AV0qtJh7I3by%C3%89jqjqcCnE840%C3%810kTFnT%C3%89DlnE8gkM%C3%89d%C3%81aZW0SIqOMVoQqQiIRAubKmi8J72eUwkw8372pXWT1N7E%3D/,2023,,,,,,,,,,
4451008018,https://publicaccess.ci.malibu.ca.us/onbase-portal/api/Document/ATKShkUFNnCuBLBmq4J2paQlsjWWJenc6%C3%89CBuxKKeJAE8YdywE8aKbVm82gwSyXWAII9DoEL7XPPEAum9nVSPOU%3D/,2016,https://publicaccess.ci.malibu.ca.us/onbase-portal/api/Document/AWHaSSfdUBPU9CIL4h6bFZCdBFxL9OadivUYBLjHePu8HMWvSS2sBC%C3%818hc7DAIrz7K2hNt7aUTG9e9C0Eca%C3%89Pso%3D/,2008,https://publicaccess.ci.malibu.ca.us/onbase-portal/api/Document/AbOAMRg5OqpyG0svvfm4oABwz4sOGaRp1ndUW0DPs%C3%89SkARxrZh9s3hMWnkTLd16tZ5VKsA0K0OcGC6fSq9W0j4E%3D/,2008,,,,,,
4451008800,https://publicaccess.ci.malibu.ca.us/onbase-portal/api/Document/AVNCoFkk4PJchB%C3%893nwwLz6kTXBTXQvLMBtqA%C3%81aGU8b1OqXU6HO9MNbVJ5l0E5xp6ijKnnqf8%C3%81J4WrVhdkHqiRuw%3D/,1978,https://publicaccess.ci.malibu.ca.us/onbase-portal/api/Document/AWDCkrKYkXkdV7Ec9KUemGvAPg8J7JqCwAHPFjAhfP47oF1eo4F9jBwdKbJHkJ9lQa1yandPbicZwz0fcNWOfx4%3D/,1978,https://publicaccess.ci.malibu.ca.us/onbase-portal/api/Document/AehtK5BaU4tQSBSB471w4PJpQg7C6vAJzzwB4f4ph4TehCjkNwVMr9D7w%C3%817m05L7huDUbaZx1lP8Xf7%C3%81uNfa8z8%3D/,1967,,,,,,
4451009017,https://publicaccess.ci.malibu.ca.us/onbase-portal/api/Document/ATPW%C3%817s0YtaVlq18um7aClnf2m8gNGPOoTiQvd%C3%81yhgBa7gtJGRRMOf%C3%892yFTU%C3%89GX2QSsKTg8PwT4viNMX%C3%81ATLHuA%3D/,1994,https://publicaccess.ci.malibu.ca.us/onbase-portal/api/Document/AWBEqpF%C3%89Y1H26ZabnnxbrXv2%C3%890okTmXE1mkvWIk4KIlZ2EwHi%C3%81QcwZouTzsdQTGEJDzn3eZF2NojPH6WIwVEyWU%3D/,1994,https://publicaccess.ci.malibu.ca.us/onbase-portal/api/Document/AX6TUnC4eg16FLGESlxaENCewDkbSnHyVYUMGZ6tVlHnusrHqYHZzSVMunfq%C3%89bT%C3%81UzcMjWoebqVPARvCXz1m5eo%3D/,1994,,,,,,
4451009023,https://publicaccess.ci.malibu.ca.us/onbase-portal/api/Document/ATby1StcRvnljh17Qv7LtznHS2FsvjiVD3mWEwNAPSZxtW9mnQ8R5QzSbI2ZkUR51wIe%C3%89lCJCOskoqipxzqfeB8%3D/,1974,https://publicaccess.ci.malibu.ca.us/onbase-portal/api/Document/ASS4GTe7RmI0M2aEMptoynEn4cUDEoFTofaowYSXsib1sEEq6Pbqnm%C3%89Cwkl97TLCBZlbIz5pM6HbMi9tdQXsEks%3D/,1974,https://publicaccess.ci.malibu.ca.us/onbase-portal/api/Document/Ae8cECBF%C3%89UQ7KZkDTo95n32rJB5TUDXj%C3%81EB1yBvvB3oBwT2%C3%81ow2%C3%89rFfsvKHz%C3%89hFJ3jDFtLHxJwN6lJwD5g44WKs%3D/,1973,,,,,,
4451009024,https://publicaccess.ci.malibu.ca.us/onbase-portal/api/Document/AT6SxiVAsv1bi2VrW8TCGoCzcOtyuwxxFfUZbV86o%C3%818btfiAEh4YxRnJV9KVkBhiz1yKqQ9ruiTyaLQEs2G78eE%3D/,2017,https://publicaccess.ci.malibu.ca.us/onbase-portal/api/Document/AawrS9aNMn2Hy74V%C3%81y4jh5Lq6NF409pF4DRXQdggCdnfC%C3%89suaxFHzJFdap4hHxFOYkBoNWEQcCmOSOXfk8kVnR8%3D/,2005,https://publicaccess.ci.malibu.ca.us/onbase-portal/api/Document/AZSDKESiz6AAB32zmh9%C3%89eYMGask1m4uCGkDBIvdm%C3%81JV4MLC1hk7ClKtBagbFpX22wXEMJsiB4LduQSR9xAi4TgY%3D/,1974,,,,,,
4451009026,https://publicaccess.ci.malibu.ca.us/onbase-portal/api/Document/AfK0Fd2qxvFDEmqpjstT8u%C3%811gYgUcuOJxsYiyN1pbtrYW5GUK%C3%81GPePMyNG%C3%81JmVdOoCtdvRSqetXD7byKG98n9kY%3D/,1994,https://publicaccess.ci.malibu.ca.us/onbase-portal/api/Document/Ad1fgRH8DS8I%C3%89pOSvaZdHgEvYX0ipWYUPtkOC7lX%C3%813MBE1Rq8EsWek3Vi06xJjycikIY43P24x4BKfsZL6Zrpr8%3D/,1994,https://publicaccess.ci.malibu.ca.us/onbase-portal/api/Document/AfKADod4bw5PRlkQItCRiy2LoEEF9gCnmNuESAWP86ubf83T4Bo410zLTP133BjArcXeeX2OmN64G2KvGxu4hiw%3D/,1994,,,,,,
4451009028,https://publicaccess.ci.malibu.ca.us/onbase-portal/api/Document/AQ%C3%899F%C3%89zAWkYSyyImb5tGxfwO5F%C3%81M0AzhAVVqt%C3%81BfL0G3DVygvGdDIBb0Wqe0EK9ObjTl%C3%89b7gY88GnzVIpTYzRg0%3D/,2011,https://publicaccess.ci.malibu.ca.us/onbase-portal/api/Document/AdlVVyV1VWO1w8pbS%C3%89bHtwA8xbB6o982DEsOEm1%C3%89%C3%89ZC4PWeJHCOPnW6a6IA8X7aLelbog8l90tiLoi8TXTYgsJ8%3D/,2009,https://publicaccess.ci.malibu.ca.us/onbase-portal/api/Document/Ad89QkFIqyzMS2mlBG1gWEPprYv79kR07mdGG8JogNTvLtda%C3%81FDehI%C3%81m%C3%81Hker1d4ByvxjLRJ39jPqQdzYWlUWrM%3D/,2009,,,,,,
4451009029,https://publicaccess.ci.malibu.ca.us/onbase-portal/api/Document/AarsnT1S7jol55Z44294%C3%89szBqNC8GXQ5EuZ1VZNOg0eWe4%C3%8951eAOBfgMhZCGDYbCEl2FcUar3J2hBbv3%C3%81JLLj8U%3D/,2001,https://publicaccess.ci.malibu.ca.us/onbase-portal/api/Document/AYOi5fVS4N2WiiD1ewSF6l9XBTn7WFvcQOda%C3%89%C3%81u12cyVq3wRfJ86EmanvPAlemZsIeYiZC2nzkGoyRL3P2RPlyw%3D/,1990,https://publicaccess.ci.malibu.ca.us/onbase-portal/api/Document/AemwKY8%C3%81y%C3%89Qs71LsX13Es0RwTThKvNRYsJW3Wh%C3%89N1EK%C3%89mRDTkePKWsaduNscywo2Foct%C3%89uu5uBAUjtRnl8Gvzj4%3D/,1989,,,,,,
4451009030,https://publicaccess.ci.malibu.ca.us/onbase-portal/api/Document/ASVue7Gr0VUGADL6uApES4fvDO3DVBq6m6lZMVQaww7T5wTmePXQwKEk%C3%89yYQrZFyhQ2fTLdP9kJLvj7xEtjw9Z0%3D/,2022,https://publicaccess.ci.malibu.ca.us/onbase-portal/api/Document/AfAaAeAZoJ4lOU%C3%89W5xDbZdkzD05jSsIOm2k3JuqUmvsrQ1iIALg0RvQaJiak%C3%81RXT4zLcgWgyAmsZLa3PX67BCCM%3D/,2022,https://publicaccess.ci.malibu.ca.us/onbase-portal/api/Document/ATu1BWBpFqxpP%C3%89%C3%89BD7cW0PXLIknZ2i16V3sX1UjgkU3ZvDEheywXAiR3OtHD6LAmUNc9%C3%81zd5h9YYQo9T9ERDTA4%3D/,2009,,,,,,
4451009031,https://publicaccess.ci.malibu.ca.us/onbase-portal/api/Document/AcOE%C3%81kEdpSyso1lQ7LsXIQHiZZB%C3%89at104Qg%C3%81IwqKe19Exekna5KRdLbBfahFsxRL18Gi6HGX0fDBOMhF3oZEfXQ%3D/,2005,https://publicaccess.ci.malibu.ca.us/onbase-portal/api/Document/Ae8yDKQ2OWGdcuxPigIdPPkWF0qsEUi0JV8uTdyNVCmWcq9YqSnb%C3%81XJk44jWUn4YEWYT3jhOLA1wYeJAkZByWO4%3D/,2005,https://publicaccess.ci.malibu.ca.us/onbase-portal/api/Document/AcTA9mJ1Flr2vPMNyNqnHo2JlxUFT399CofUbaBZ2stNVw4lvJQF4l03a%C3%89eTrq2wk0qs1bkwdLUJESzf70NOn1Q%3D/,2004,,,,,,
4451009032,https://publicaccess.ci.malibu.ca.us/onbase-portal/api/Document/AWsgUa7yDBR6J0Fpi33KwOq4IXiJUZ0hPD4iMui5F4qRKueEL7C66Utuc7cLzLJD1YrfCRavw7hKErIxOwNm%C3%81Xs%3D/,2001,https://publicaccess.ci.malibu.ca.us/onbase-portal/api/Document/AUHsdZtnV%C3%89eTBkTJjZNSyJn6a8qbykvGznBOppMc4H6ehlUITqcoJ94onw3oauvSI%C3%816DV17rv6yXTdm%C3%81CTxP41U%3D/,1994,https://publicaccess.ci.malibu.ca.us/onbase-portal/api/Document/AXi%C3%81hg7ceIcJIGwCtia36Nmeosl49pUU%C3%89YrIeCG7SL1QRYwv0ylo06xM3Yn4ZIFI3cfcryjbQ2JULF%C3%8926DfBnvU%3D/,1993,,,,,,
4451009033,https://publicaccess.ci.malibu.ca.us/onbase-portal/api/Document/AQFDQ4JcnwN0IWFclcHp8rl6NEdXrZKhxvETcPHOCXjTleSeDzSTfP%C3%81PvR0FShIfVNLL3AxrFkTOBSCcPbwvp2o%3D/,2003,https://publicaccess.ci.malibu.ca.us/onbase-portal/api/Document/AWzjYZbmuo71FHS1Ij8OjKDB27iLt1V9V94u8XmavtN2sp9z8ao5jY0DzrY5Z0H%C3%81l%C3%89ZGXVKDtIAjVatzadumGe8%3D/,2001,https://publicaccess.ci.malibu.ca.us/onbase-portal/api/Document/ARdjrs6Kn%C3%81PAHwBErKBgxDzff8hH7W9duGT5YNz%C3%81v%C3%81kBzRV5%C3%81ypYftJrHeLF4nBZhis0VYzY3XVLXlwiztz9C%C3%89A%3D/,2000,,,,,,
4451009034,https://publicaccess.ci.malibu.ca.us/onbase-portal/api/Document/AaMBEL%C3%81S5rL6EEnFZCicWsnDVPdCGEp4jWBP5XYdcv2kWm9xKTrI%C3%819CH6JEbb%C3%89g0cTzQ9zN9wWuLKXzJfJkTgGw%3D/,2006,https://publicaccess.ci.malibu.ca.us/onbase-portal/api/Document/AXDE3TIbK2AAT2rtQ8TH4wIp46QfHg%C3%89%C3%81IrZknjHqohiuGMZeXSp5v922kNP34AjKaCtP5blJ4riDYWkza9GNd5s%3D/,2005,https://publicaccess.ci.malibu.ca.us/onbase-portal/api/Document/AZaaZIC0TnM4dB4DEBtb7rVU3g%C3%81qdZ8m7NHA%C3%81cq7V73pIcQu2UJ87ZAHhq5Oj8%C3%81x9tQiee24Hu7XeUNVAJ%C3%816Skw%3D/,2004,,,,,,
4451009037,https://publicaccess.ci.malibu.ca.us/onbase-portal/api/Document/ASHWKG%C3%81eq2tgXWxgPVNc35Q6YeGRfX9WQB1JEM3Y4LY3vqwpLub8OOY5N5vtLzueodPRsfGY5FQykKh3xERmfvQ%3D/,2007,https://publicaccess.ci.malibu.ca.us/onbase-portal/api/Document/Af2sC7vPVwZBmMiwMCdpZw7ryQ9qe7vDnsWYjm68Kcny99bSkFodgL%C3%89liiTDFF8b2%C3%89Yp51NKB3P2gDvNsgCyHGU%3D/,2007,https://publicaccess.ci.malibu.ca.us/onbase-portal/api/Document/ASIoxoAfr8xOJVrSxEcrDECUvkf%C3%898En%C3%89ALrRPUU9CxnsWCY75BosMijRhmZdJuVFbl3tcbnjR%C3%81ogd2ma%C3%89TBigrI%3D/,2007,,,,,,
4451009038,https://publicaccess.ci.malibu.ca.us/onbase-portal/api/Document/AXlsJyJYZevr55QWSZl2QO9wYREgePyrfuNJhEl5wp3ricxEYrUwUrygoUmZQtzxIVwsDlrL66cKKeqMQisTEWU%3D/,2001,https://publicaccess.ci.malibu.ca.us/onbase-portal/api/Document/Ac4lHnzfi6B2xQml8WzoVXz5Ni1ke6jBOoBtYZyYZ2%C3%81rebe39heFCRCr7285BszlBaAz7AqSnNikzpmbAmsyZzI%3D/,2001,https://publicaccess.ci.malibu.ca.us/onbase-portal/api/Document/AfYfM99O6LXBdfAK9ivMf6KQm%C3%81JFpfWsaOx3CodAnHLav9U3y1ZrmnUmyLxyy9rLG9rb%C3%81L%C3%81PhUvQrnsL3jl%C3%89R1E%3D/,2001,,,,,,
4451009039,https://publicaccess.ci.malibu.ca.us/onbase-portal/api/Document/AViAQTnU%C3%81dje70wMgSZubZgV4GeDN3OA1uO%C3%89EjE3SoUKYlNZLWAUADrMTf7nq%C3%81YsjwxugA5DvGQm22At8MD%C3%89aDU%3D/,2001,https://publicaccess.ci.malibu.ca.us/onbase-portal/api/Document/AaP99x7TAxuYafXGmiD1CATg3kVwK%C3%89LVWfD%C3%81vMarKeGS8U%C3%81Flpy1dcPrWe%C3%89Atglnlj%C3%81zDhhMi%C3%81MMDpL6Hxpj97U%3D/,2001,https://publicaccess.ci.malibu.ca.us/onbase-portal/api/Document/AYM3IthQS0rcsnduXNJk72x5jms%C3%89G1CXdqIkfEiM9SljB%C3%89FQieyBW4WoYuWiaj%C3%81SJB5tW%C3%81gbZZBmkFVNtGXi4Fs%3D/,2001,,,,,,
4451010002,https://publicaccess.ci.malibu.ca.us/onbase-portal/api/Document/Ac%C3%89Gd5hZ%C3%89IgVfqRFRbY%C3%89yVp34kZlfXr1lGp47012ZRn6rHDqYwm0UmE4FEfjfEnlQRggmYrpA9v04A%C3%89lJ2tryzo%3D/,2007,https://publicaccess.ci.malibu.ca.us/onbase-portal/api/Document/AVdmYc9Z%C3%89CgCaigEdEwKViTo62%C3%8921gr8RClRCsr0IP6bQXO0%C3%89jXwgfLUX202HzF0kTnL5OVbH%C3%89bZLAp5rcoTeww%3D/,2007,https://publicaccess.ci.malibu.ca.us/onbase-portal/api/Document/AfGCBvIclDEcRM0%C3%89Xqw21hOBYLDKnWQh389%C3%89QtQUqk15qEONR7lbcr%C3%89%C3%89x7J%C3%89Hv4DQ%C3%8171CurGgUCO1JRkyjZ%C3%89jAw%3D/,1984,,,,,,
4451010009,https://publicaccess.ci.malibu.ca.us/onbase-portal/api/Document/AYe8i8SBnehYGxTVjQjn0mOqBqbB0UuZIap2jEqWnvvCoxbi3OV%C3%89vDwQJnKUiPCCqHzFpjDq0JWdeZ%C3%81B%C3%81%C3%81qtfp8%3D/,2017,https://publicaccess.ci.malibu.ca.us/onbase-portal/api/Document/Ae70v4RuviyvQ%C3%89KzNnuQbYuYPq4wSNc4hMK3ArdF15JfcgkXrBRQy4OEpft0vk0dRX2Jhi9JsKU8agJWEqIrLf4%3D/,2014,,,,,,,,
4451010010,https://publicaccess.ci.malibu.ca.us/onbase-portal/api/Document/Ab6jA1uAH%C3%89VXU3oi6iCT3Df7sKnhkWDMDoX9nJXQj9dNMczMxuNLAj7EveLMzzDRKka39ExDo8Jq7iJ%C3%89ouZ%C3%812YA%3D/,2009,https://publicaccess.ci.malibu.ca.us/onbase-portal/api/Document/AZJ%C3%81lcSjTlyxZRxxRFYX1KcgfkCPhSVg2F6pr%C3%81WDnPEH%C3%81vg3TlWBuGSoxitz1KEtOi1F4CqcgZd%C3%81uCfON5zwzzg%3D/,1996,https://publicaccess.ci.malibu.ca.us/onbase-portal/api/Document/AVeegT8L%C3%8182kK%C3%897nGjWSi8jTMK2YDr41pEn02PcZzVl2%C3%81bh9IFN1gLTMYbU92WUrOjiSPQzupSS4HV4gP2teUaY%3D/,1996,,,,,,
4451010015,https://publicaccess.ci.malibu.ca.us/onbase-portal/api/Document/AQQEx6I4vx4Ym2aPPS6gJJi2AfSUp3sHDFpDqFNVqHPOYBcI53VBL0wqwVkABgmc4JGeSzOAjEqcVgYC4O9ofvc%3D/,2015,https://publicaccess.ci.malibu.ca.us/onbase-portal/api/Document/AVwHvbq9W2JHM4tUkqJHZ9%C3%81naQ2dkteyXX8o6e564OszRHlXpw8WUzlqkoBgGBeS%C3%89PI3iwiv1UVjwSYZriTovmg%3D/,2015,https://publicaccess.ci.malibu.ca.us/onbase-portal/api/Document/AdC4XTuBtpBhoyFXJYNuG3YhdZCNXauZU9QXUMVc5N1AGstdwYxxlt5ZZtaZuybXJDm6pUlB6xts0IpZzf3nIpI%3D/,1989,,,,,,
4451010016,https://publicaccess.ci.malibu.ca.us/onbase-portal/api/Document/AR5gC85QCxNYuK5gkcLuykEU0S%C3%89XFiT5ktMptOoJoOZakUeWclP0lcMDDv6FnqjL5e3O%C3%89CO0UIC58kREjG9tYXA%3D/,2002,https://publicaccess.ci.malibu.ca.us/onbase-portal/api/Document/AcDxCh8aESospsH3VW%C3%815pHhnO8zty2mSJjnESqg%C3%81ihkZbp0YtlLCG%C3%89fBQjiTfTzEHqlVgfkSx3FaBwJSjnoQ378%3D/,2000,https://publicaccess.ci.malibu.ca.us/onbase-portal/api/Document/AT5EiAiLRQxYjqjdczKp4OS7tIeh7dvmE3MVvvx9YbESZ%C3%89RMj9swGagqTq1b1s3rmhfhYZlLE9wdqHidcoMFoM8%3D/,2000,,,,,,
4451010018,https://publicaccess.ci.malibu.ca.us/onbase-portal/api/Document/AegqRFsEwNzACmtSsUpfF5sSSJWTy3PRAexr2q9HUpy3dKhKFvRvbyGUc3zTE63V1sF9qP08Yob13qjzwNwye1k%3D/,2011,https://publicaccess.ci.malibu.ca.us/onbase-portal/api/Document/Adu0h5t7NeDT%C3%8188zdMi4fgEZcveZXOXhgERbXyBD4GsSyTKLJYIXMn4PCW8pVipkUlwGe%C3%81wA%C3%81DbF91jG7poOvkQ%3D/,2011,https://publicaccess.ci.malibu.ca.us/onbase-portal/api/Document/AZwe9le94XIFt5AsFaexC8%C3%815hUyMjBeWBHK%C3%89JrJ0ceOHg6uDBRas3lXQgU%C3%81Z27NziTkVBuajT02N0b3TJe0oPR4%3D/,2009,,,,,,
4451010019,https://publicaccess.ci.malibu.ca.us/onbase-portal/api/Document/AQQC64ZvK3Pf36bmWRDWG2rxF36WUzm%C3%818Er2cLT4OEhzMjzK%C3%8923YTfpBYgGmv5W2RA3ug0cx9kfKv6ZToXqtJbQ%3D/,1981,https://publicaccess.ci.malibu.ca.us/onbase-portal/api/Document/AbktxaL6mEYpQQUywu79MpvxcJ%C3%89Cya1OiI8pAM%C3%89AG2PD4Q67Gv0gJlOGa9v6rJiFPAXb4FbZVG93H%C3%810SD8Fi4%C3%898%3D/,1981,https://publicaccess.ci.malibu.ca.us/onbase-portal/api/Document/AVZ8HvymAQr3gLQ91MWOCBnAozKoyChAnUWvzNF1oQ8qg0VPO9DKWCgdpAIWq2g5l9Iv3sixHgEl0q74CqtAr2M%3D/,1981,,,,,,
4451010020,https://publicaccess.ci.malibu.ca.us/onbase-portal/api/Document/AbwY5hK4e6Vz0YBTqxgcTIoCA1hsQfBC%C3%81EHBsHDfmNzrPZ20ef6JzatI%C3%81cMD6oaBgDqHoMX%C3%81h7IMJ%C3%81DDDJXQkt0%3D/,2018,https://publicaccess.ci.malibu.ca.us/onbase-portal/api/Document/AcuvU1g743%C3%81Dhb1Aks7nIBgmE%C3%81fraSFi0%C3%89zVfZUm6QIlBZulq7UNLvkSVXYQFcDeUJMsTFpH7FRyzmWed5UZUSs%3D/,2009,https://publicaccess.ci.malibu.ca.us/onbase-portal/api/Document/AcjiXURdAXJGd3X0lLZDXziGWiX8TzjvOPs75ZrDjhEO%C3%81YVw76YZ9fCxBPS8eZYv19CV2XTi%C3%81fOOR9MmKznN4Y0%3D/,2009,,,,,,
4451011001,https://publicaccess.ci.malibu.ca.us/onbase-portal/api/Document/AT8re%C3%81cuV0Ryg7z9FXMh6LVq4C%C3%817GxiTWvuRgNkkeloIxUePdLVhc561cQQ3zF9J01SXJj%C3%89QzdaM6REbv%C3%89Slw5s%3D/,2012,https://publicaccess.ci.malibu.ca.us/onbase-portal/api/Document/AXHIbZ%C3%81wbeIjkOyLgv745Byc538Nqlcu3lPrgjxlmDSkOiI33SljYYfQ4DhfrSThCQk2Evy%C3%81BUiaMTUa6P1mDDk%3D/,2012,https://publicaccess.ci.malibu.ca.us/onbase-portal/api/Document/AcaGf0OcgebaIsPvpA1OaUtcbZfH5SS3B%C3%81Tp0iTz302d4USk7Zj0G1iywL5PoiaWk1TBjxs3ilbS4B6G2J7bmdM%3D/,2011,,,,,,
4451011011,https://publicaccess.ci.malibu.ca.us/onbase-portal/api/Document/ARLBEid04wDFail7d%C3%893Ri4lKNSu9g%C3%81z6AvCQdl3FWzIKVwnGkiV2YygGLGxVvcLAhl75QURN%C3%89thuonEqtkEy%C3%89sw%3D/,2025,https://publicaccess.ci.malibu.ca.us/onbase-portal/api/Document/AcLoFIE10JW8L1ZIRmJKSj%C3%81toUmVDocd5RuezEd2Bh7GgHa%C3%89fc1cAzeBc4suD83UDoFIKGuawmwgJMagUt13Rts%3D/,2021,https://publicaccess.ci.malibu.ca.us/onbase-portal/api/Document/AQlEcgktNWTUqSJ4Jui3u69wXl0W6djraB6smiDPI3gh0haIW4MZepSLcZIFeZPDKP9%C3%81wpw%C3%890X05CxMFZ%C3%81mkGHE%3D/,2018,,,,,,
4451011018,https://publicaccess.ci.malibu.ca.us/onbase-portal/api/Document/Ad1zbHz37Eb%C3%89Dx3Pj6qyVRqK1dhPfmGGJX%C3%81diKk9ydH6InntflB4ogXcYXLlIAd%C3%81EgmeEJUC%C3%89naSTX4UGdmUqQ8%3D/,2020,https://publicaccess.ci.malibu.ca.us/onbase-portal/api/Document/AdPoBNBvi2RAyJc9z97Bg8SAtBp8noeDs7ISFgOB3DcWr9SEzxDZHbFGTRp1keg42Jf5SnQLH0YNv2ls9pGOEso%3D/,2014,https://publicaccess.ci.malibu.ca.us/onbase-portal/api/Document/AeuvraeMITrqC0NJxRBMLcHbAVBl0fMK9ksq9wQE2ydsKQwaTRH1%C3%899Pc8tXSfXsvfd690uiecli0Yg9oqPAPDuQ%3D/,2013,,,,,,
4451011019,https://publicaccess.ci.malibu.ca.us/onbase-portal/api/Document/Ad9NokSw3uHkpBXBa%C3%89Ss8emgyrEoVJ%C3%89sPZrfxab8D%C3%89alDjpj4P0mSIbWNEBTUrkEuP6Prx6KQrbtNj9E2P%C3%81eB9k%3D/,2017,https://publicaccess.ci.malibu.ca.us/onbase-portal/api/Document/AZwSirx1bylzubyaY1AjaqaPq3PjjWYd0a4Q2lqYX%C3%81NLzNOxiwzDQXJm4PiTahbF%C3%81eTYaNLbr%C3%81kOawbrki97DmM%3D/,2017,https://publicaccess.ci.malibu.ca.us/onbase-portal/api/Document/AdrMmMW0470AJdXgDxyvEKpXtGJhosGiv1WHlR8kk9WWirFouBSH%C3%81SpbXS0ZwgOTdV0dDvOkUnlCKFm8y%C3%89HHBK4%3D/,2017,,,,,,
4451011020,https://publicaccess.ci.malibu.ca.us/onbase-portal/api/Document/AYW5xsLPOkrNKtOaajhLw6I1bZjLyzFccsO4uKGN%C3%89wyJx7RftruANbO42i13RZMWvnyU6mhatIFOSkvpSqH7EIo%3D/,2019,https://publicaccess.ci.malibu.ca.us/onbase-portal/api/Document/AcKVnKqo%C3%89FOWUL3DKFSV%C3%812zn53qgRVh7hnzWVYkodTYajI96CivMEd7e%C3%81VgC7LrxUygEKhvGWk85HNzDaWKIFXM%3D/,2019,https://publicaccess.ci.malibu.ca.us/onbase-portal/api/Document/AYEbVybaIe%C3%810oZbvSaCGi3uAn9ccglQnZq8JrvoOYXOMNTOqsu83h3JQAWX89rVG%C3%89%C3%89v2X0%C3%89NZ2yNWFWTTAQ0qsM%3D/,2018,,,,,,
4451011021,https://publicaccess.ci.malibu.ca.us/onbase-portal/api/Document/AZrm6gk8QiikY2VRk%C3%89bFChP0KjVxAYLJai4UXthE0G3c0kjS%C3%89gwFCiC7awgZS6XePW34x1zYthZnF2RMiaIK94o%3D/,2016,https://publicaccess.ci.malibu.ca.us/onbase-portal/api/Document/ARqCDYafnjWv%C3%81PKY%C3%890%C3%81LJPsxgT39OKgnCCjj%C3%89gQ3lKchp2qRWwcusUOGsVgDQBCa4r%C3%81PLePF1yurORgcdRYl6mQ%3D/,2016,https://publicaccess.ci.malibu.ca.us/onbase-portal/api/Document/AS%C3%81Z9QqzXjssRsOU5w30OrnlX1CFhJoYL%C3%81ybdgMHGJItlLhQkAVt19wR7%C3%819qwQpR7lp%C3%89fQXM93tFNIo7Hsj5Ns0%3D/,2014,,,,,,
4451011022,https://publicaccess.ci.malibu.ca.us/onbase-portal/api/Document/AegwoDuPmoSZngqJlawLbUZspn8XQ0gW8saidEWdCCxY%C3%81JBlb%C3%89FI%C3%81M1b9FmE4d%C3%813BQZ9kIJF%C3%81XJyWDTjnEH0ZHU%3D/,2017,https://publicaccess.ci.malibu.ca.us/onbase-portal/api/Document/AYJ414%C3%8106rgwLDqkuhasmSrCjzxXPlAlWNcLFj6RIL5XTk850YYwYMZIx2jwmOAKET100KkQQD8d8qMgGoU8sUU%3D/,2015,https://publicaccess.ci.malibu.ca.us/onbase-portal/api/Document/AS%C3%89yBCGNk6NZ2S%C3%813fcJJaHqPH9phP6tUIOujuv7mCfZAsVwCJA%C3%81t17StUw7jxBKLjTWiYtX7gRCEsSJ2oVWVDdA%3D/,2014,,,,,,
4451011028,https://publicaccess.ci.malibu.ca.us/onbase-portal/api/Document/ARHgTRChvbxcm%C3%89jxQMFv4RQt9DEfx9hACiW3MY%C3%89VD%C3%81b01DbHsr0XU6elsJL5tVLfezJMGE8jknWGBkTfNibB6NI%3D/,1994,https://publicaccess.ci.malibu.ca.us/onbase-portal/api/Document/AceW%C3%81TfmGap4%C3%81S1GvIL7Nqd3GOaefCrKEGsGIgJOas4dDWEwR24IsVjpvjy7%C3%89z25lQJFOMuBZvriDmkP8SuGaKM%3D/,1972,https://publicaccess.ci.malibu.ca.us/onbase-portal/api/Document/Ae3ILkQbcPZcYPg1%C3%8144dFCoQ%C3%89dwWtGIhVYaCCxWRjQ8ATpU%C3%81WaZLQCNcnFiDsWEIHdiyaS6I6Fc2s3kdodn8v6c%3D/,1970,,,,,,
4451011031,https://publicaccess.ci.malibu.ca.us/onbase-portal/api/Document/AVEIIUdpuGtMhRppj5Po3C5D51xLKAhMYaDvZQvljqiLfRmBwvUS%C3%81Aq7gaZgL10VWrQaTdMMYVw8ixRmToSlLIM%3D/,1995,https://publicaccess.ci.malibu.ca.us/onbase-portal/api/Document/AbIQoKlHeXSGdnFLZ58vOXo8zb0e7PHFKOMM6YMKJF%C3%899U1qZLbv0ChsyBqn86%C3%81HNjbA4Rep5FqoH4fdiRNanfsI%3D/,1995,https://publicaccess.ci.malibu.ca.us/onbase-portal/api/Document/Ac37NGHXVznpgEyBmXSute0dDOcyqk5OdRf2YR9Fb%C3%81AM2YJv9C5mF7ho8IEnctxOwKoUaBEgmJ5d7lkMHE3cXjM%3D/,1995,,,,,,
4451011032,https://publicaccess.ci.malibu.ca.us/onbase-portal/api/Document/ATB4QL%C3%81WAAONrIBTZeEjSoIRkUvzdgZ7m0Q1h4RDToV5Yxhz9JHao2ljTgP6OBzQsmQk%C3%81ZFrYG5YreDWwdbLvGU%3D/,1995,https://publicaccess.ci.malibu.ca.us/onbase-portal/api/Document/Af0vrbdzlBnkLU4dvgMVhF9ojwq1mkZgUuFQfiGazFxqU9ETb5SG8CC6Vg%C3%89rIhEfwOycUnZIeIAiMggyut5kWjs%3D/,1994,,,,,,,,
4451011035,https://publicaccess.ci.malibu.ca.us/onbase-portal/api/Document/AZAzAiP3ElyLPvrb5QoKktQhGpDcOZK%C3%81Jw3cA%C3%81XGfGzXscnyvnkPWJKjasmK4VvFUh71f0FFRKR%C3%81I9HDYk2FgS8%3D/,1995,https://publicaccess.ci.malibu.ca.us/onbase-portal/api/Document/ARQCuXu4k%C3%89uxd%C3%81Spx6Qjw%C3%89Z2bVMCdBD7um%C3%89rGh5VHyruzTSFY0jQIN52naUiE%C3%81DXm4twBlhn%C3%89yMGY3G67WHLfIY%3D/,1994,https://publicaccess.ci.malibu.ca.us/onbase-portal/api/Document/AbWZf4FO43qDAP3ixg49T1V1iILCfo6C5WdJyOAzQ5kC9z6VY68Ik3GRX%C3%892eMFtZaKqJC8yQ3IEa08PfBgJyCxM%3D/,1994,,,,,,
4451011036,https://publicaccess.ci.malibu.ca.us/onbase-portal/api/Document/Aba7QGYOpS%C3%816aJPh9jeYGfMeP5zmkFik9G52Js4ZBp9UYvLufmyEHiihz7%C3%81Mbmz%C3%89wNVgNcG4G1sBdXpPrEfWoFs%3D/,1997,https://publicaccess.ci.malibu.ca.us/onbase-portal/api/Document/AcjsEzgjBdUVnGRU4%C3%89sD0kH5m%C3%815eCuyAbx06%C3%81b269TwC5%C3%81yVMihArKK3fG7fvCW2D8h4am35%C3%81xKVut22Ci8Iz7w%3D/,1995,https://publicaccess.ci.malibu.ca.us/onbase-portal/api/Document/Ac8odR%C3%81w1GvBYPEhJkWUeBseZCE5oRspiV%C3%816IBUg1e3r7i3vLKauOkUlsPKcfXhtnGK1%C3%89t4nrFdyoTR8UiYfdcQ%3D/,1995,,,,,,
4451011037,https://publicaccess.ci.malibu.ca.us/onbase-portal/api/Document/ARrwQywhPbQGrjVWCz3KI17zVTVfBE8wovusyNisF6hGWF8DkVU2G8LVowHYTGQvqif9%C3%81%C3%89Kjpgh3VEAbBAaYhGs%3D/,2019,https://publicaccess.ci.malibu.ca.us/onbase-portal/api/Document/AWSHbSQV6wWV4shR%C3%81yRoW5P7HEl%C3%89n2F28sboamKjqg%C3%81cHAmaWogP5hSNKcKGtkBJVm6uCbOvz7Iu%C3%81cUkhEZoIi0%3D/,2019,https://publicaccess.ci.malibu.ca.us/onbase-portal/api/Document/Aew52mxZDl%C3%81l%C3%89mvPUCzIB5JoBGlCgbXkdFH%C3%81mTWUhaZyhn2V%C3%81qfMdp5ba4u%C3%89Idek3UJDfJDMm%C3%89u4VShoSvJKsic%3D/,2019,,,,,,
4451011038,https://publicaccess.ci.malibu.ca.us/onbase-portal/api/Document/Aa5jiZXzl2ldglgZv9QxWdRgIDH%C3%81ZPP8Gq9yvQS%C3%89Z8P6nK09REM9NhXCfKSeicPY0JNO0BoHUF3uYX4%C3%81fM1jxQI%3D/,1983,https://publicaccess.ci.malibu.ca.us/onbase-portal/api/Document/ARMWvMfn82AzNUJ3TGHRMSTNtmxxF2Dc1wLyZekLRI3WUTnR12e91t%C3%89HKRd6pP6WA3fp9JxI7QcPI%C3%81hU%C3%89ApklUQ%3D/,1973,,,,,,,,
4451011040,https://publicaccess.ci.malibu.ca.us/onbase-portal/api/Document/AVgK9fAn7W912xKbaBYeN%C3%81AKbU5TC8qebhKlRih5P0NKZF09mO0PEsxmI61pFRylyCjZkux8sAz2VmZqE2c8nWE%3D/,2014,https://publicaccess.ci.malibu.ca.us/onbase-portal/api/Document/AR5uVQhTsByYegHGvcV7bU1eTFKMu2n8YnWK0GQfEBnnB%C3%89y16vlJcOiPTpzSP%C3%892w5OVDTPBcyFQONCRSoWGYP%C3%810%3D/,2014,https://publicaccess.ci.malibu.ca.us/onbase-portal/api/Document/AWKeGMH19cgiNfPol82eXkyNBvdCZDPpwaHi9%C3%89CekWy8EjibbWoBaoxtJBdwa0V4Tbh1JVG1Y8ZKHSn4bSPdroM%3D/,2013,,,,,,
4451011041,https://publicaccess.ci.malibu.ca.us/onbase-portal/api/Document/ASzTCUD0QMFhEEGWnuO8jsjmJJJzaDPKZWFNyuNcr9Nbu4yAJ50C9ebghn3EJb4mkADIpvarbanoOZGJ%C3%89q%C3%81UqYI%3D/,2007,https://publicaccess.ci.malibu.ca.us/onbase-portal/api/Document/AYNa7gtSbyUiQ0Xwm69rDD7Tkae3IEZ91P4OQMcHm1SUq6OYtRaDo4iKwuImSrmuoiIMaYz9NFzwmUDHtLDQGNU%3D/,2007,https://publicaccess.ci.malibu.ca.us/onbase-portal/api/Document/AZ2xzswl5%C3%8901e47BC%C3%89DpgdUqaOVjVU7tpIgJ02rIvpkdaQ9%C3%81JuGsrNOMPnqazCvsltwpVh8gtuiozIg%C3%81hRI3PM4%3D/,2007,,,,,,
4451011042,https://publicaccess.ci.malibu.ca.us/onbase-portal/api/Document/AaBhkjClCN7ldBK%C3%89D2ukgt6jkk88yMVlQKqJFkd8YRtuD3%C3%81%C3%89PCddfvK3vWkyKrdN%C3%81nJM%C3%89nBUrHZTf2hxX4KQ3t0%3D/,1998,https://publicaccess.ci.malibu.ca.us/onbase-portal/api/Document/ASnl4dvr0Ih3nGxBi6gtv0Ozpp3uRYcJ9JhzWew4sUrw2T%C3%81ihBegY%C3%81lWPlQXw0amQm31lXyGK372rTV8v0YM1cs%3D/,1998,https://publicaccess.ci.malibu.ca.us/onbase-portal/api/Document/Acb2OOARm3KkWUGBfn9ndi4LXUMYUUmA%C3%89HIKFRz2sNFppMapcJmL1rD%C3%89dQEeAQrMZfVBYrjIBpyF2GV4GfdqMNE%3D/,1998,,,,,,
4451011050,https://publicaccess.ci.malibu.ca.us/onbase-portal/api/Document/AVc7fmbO9gZfdTo%C3%892QAF5y9TyGuzQQHZMvObGL4Jf91Nrc9t7VRc9Ttz3BQOobMnAanP8e26mS0HOCaJI%C3%89KOkjg%3D/,1989,https://publicaccess.ci.malibu.ca.us/onbase-portal/api/Document/AcZCaYWRViE3plHL9cH9cD95SEKYfMDd7r7IfopNrafBdWqLh5mdKKTWfCIX4kCjPGBf8Bwn0sX3W1pxdppEtbs%3D/,1989,https://publicaccess.ci.malibu.ca.us/onbase-portal/api/Document/AVxklgGJrEPJoxCWbBTYSaAU8YnmNjYZUw%C3%81PEeoxWIq2jrYGWdQ2bxepSTNd80123%C3%89hZkfQpxER5ajbTAvGSlHk%3D/,1989,,,,,,
4451011051,https://publicaccess.ci.malibu.ca.us/onbase-portal/api/Document/ARhW1fago%C3%89C1fS7DWmpq2KirDybhDu%C3%81VvXTmW%C3%89vAiK%C3%896pLoP1q5cAVxahs3Hc3cA%C3%81K8V28%C3%89qEr2KQPnwe575vPo%3D/,1976,https://publicaccess.ci.malibu.ca.us/onbase-portal/api/Document/ASPkNiam3x2Cyh%C3%89CYkkcXtppIMtnHa99cSKw67MS2lYD7t4XIEqKE0nDyzP9wbmPq6l%C3%89DNCBY7ZGToy2DVZiXzc%3D/,1976,,,,,,,,
4451011053,https://publicaccess.ci.malibu.ca.us/onbase-portal/api/Document/AdQUcuS9mGmbRo5MOGyAvi0qmfD7OidEcFtKYenqmVa%C3%814nQ1AJEAMOURd2NkQPgowS8Kggz1p67rblRqsmGw6qM%3D/,1996,https://publicaccess.ci.malibu.ca.us/onbase-portal/api/Document/AeZvhkgMo6yR%C3%89KsmiPvnnHNHLVo6gVtabq65f7qtIASqtY27%C3%89ezglnD0ejAzG%C3%89f8Y6HwRjAkpfsaWjq4%C3%89v3UsUQ%3D/,1996,https://publicaccess.ci.malibu.ca.us/onbase-portal/api/Document/ATwR8Dh5k6d2T1Z%C3%81BK2EoVseDfaY9XvLWGzI1XTzqlbXI4YapNXnG3NdOoqGYCFmjyG28j8g4kH8WODObDt0K4I%3D/,1988,,,,,,
4451011054,https://publicaccess.ci.malibu.ca.us/onbase-portal/api/Document/AYCV99%C3%893zDozUfWAuy36U7udYMjy5TcpVHys74QEENOK01P9Pdd7jgS8b1lAiijiolPU1MScjIq3ZQauk%C3%814%C3%819XE%3D/,2018,https://publicaccess.ci.malibu.ca.us/onbase-portal/api/Document/Ae1uo2illGeepM0TJrQrArUNngXRGT6GcswOvU4K54gdmcFunaYBZj1GnXoG2j5vcVI1ilvn5NXv231eDfTBv38%3D/,2017,https://publicaccess.ci.malibu.ca.us/onbase-portal/api/Document/AQy9fRZfWflrqWtb9SxfPAtt36JwFirxZf1VEsRNZCUjzElFFfszWLej3dvqd7FaQak2pkVZRtcEOczLtLXG5YY%3D/,2013,,,,,,
4451011056,https://publicaccess.ci.malibu.ca.us/onbase-portal/api/Document/AZY5ihJb3ZUHn9lstX1EvnTt6m9Ooqa1U%C3%89FxI%C3%89zBkwH2GBcIwU49Za2y2YcHZ45UYqr0WRKnlYXJRsnc5SDa7yI%3D/,1982,https://publicaccess.ci.malibu.ca.us/onbase-portal/api/Document/AR2kCqQ1L0p%C3%89tpnjrFc4h0OO1qaYnX9ct9q03FRMnHy2%C3%89UQ2eTW6Edjm1FyP1SGXNe5cUH%C3%81yhirSMkiUxkR5ubA%3D/,1982,https://publicaccess.ci.malibu.ca.us/onbase-portal/api/Document/AfLFVZ71RaNfW0UzjgAiBCez%C3%89%C3%81BsVSZKvEyWt%C3%81R6H6dtH2p9LPUEA8yJOUE1tlcTUD4R3g7r%C3%890u%C3%89xl7RBA4tSww%3D/,1982,,,,,,
4451011063,https://publicaccess.ci.malibu.ca.us/onbase-portal/api/Document/AVQcVM13%C3%81K5WGB8%C3%89yamfWdPKOoxANAHrjaXQJCl%C3%89C257N4k%C3%89%C3%89ZA69pnuOShtfXV7TFymEeXemXj285u%C3%81xhyL3qI%3D/,2001,https://publicaccess.ci.malibu.ca.us/onbase-portal/api/Document/AdX1VRKGiQnZ0I1qCsmP6pwi%C3%89GrbfFi43jhNjHSxXHBlOk1YXGm0Xusn%C3%81KFCnxyrn6oi7rdGOpuUh%C3%897lcR4Wm8w%3D/,1982,https://publicaccess.ci.malibu.ca.us/onbase-portal/api/Document/Afa0XgBoh96WG84t41SIM30nNm1YoJf%C3%81xIoS5REyVWRG09c9pY3UkqEo2R1mVD82j6LJx7Yw8KKasl5rkvWa3NQ%3D/,1982,,,,,,
4451011065,https://publicaccess.ci.malibu.ca.us/onbase-portal/api/Document/AcEj39ITvozdGkrcgSDNWJBdr0%C3%81dyoqly7vH59snK4uZEUtK0Yenj2n3s2zXJYCLXy6a01zA0ehFeRjCcJyeu1c%3D/,1988,https://publicaccess.ci.malibu.ca.us/onbase-portal/api/Document/AQPq0218rYOXfdiPQ6ITgReLPAhoPJGCimz3dnodUTmU9QkOg4A3qKp%C3%81sgyFLNT8DfeviLJafKjKvbgUz0%C3%89HftM%3D/,1982,https://publicaccess.ci.malibu.ca.us/onbase-portal/api/Document/AfTU8e6HKhqoQTg4GCPWMogkxEG2LbLeiSjkb636lwWCebjWhm7vDh1pHL4aZ1WAyfQ8c74teI7o61yRL2KekZ0%3D/,1982,,,,,,
4451011066,https://publicaccess.ci.malibu.ca.us/onbase-portal/api/Document/Adff9Da9%C3%81A3x7uGkf1I61TVOjV0ClE4%C3%89zR4lEwQ2RbQn6VAWPuEhLDA9S%C3%89U%C3%81LGT4dc4rR43GODakevp%C3%89drUEdTE%3D/,1980,https://publicaccess.ci.malibu.ca.us/onbase-portal/api/Document/AYiyg4wZVJtyNMYd1dQmHIeTEEWbW0QhRmyPFAEPtdd5Zr5qSzBkrZRbmr2rDe9%C3%89Aq%C3%89vMvmjm2O75BgUNhEmkRo%3D/,1980,https://publicaccess.ci.malibu.ca.us/onbase-portal/api/Document/Ad33CYzL3JImFDOjSddPQe8w3MjwAru6OM0AX4kUSMSq2RxaT7v1DBkJPoYdoMewlux3USjSFzwHjLea85BgcJg%3D/,1977,,,,,,
4451011068,https://publicaccess.ci.malibu.ca.us/onbase-portal/api/Document/AddZ8iHCvzobyZb708jUx7atB3uwciukJ9l1pZrvQXjP%C3%898OplRdqIdqVsvLfZGPhIgZHKokKD%C3%89eg1LxVyJf9654%3D/,2003,https://publicaccess.ci.malibu.ca.us/onbase-portal/api/Document/Aa%C3%81tkaW9ROoPPj8mlQaWXrxWKEQHzpAO1or1wdp%C3%89HnbQyQCLABE3fF%C3%81xpG6locdmBsi2967IRNbnTV9AecqOl4I%3D/,1995,https://publicaccess.ci.malibu.ca.us/onbase-portal/api/Document/Af6w5TWYlP%C3%81qvrNTBFAoDaoHmubLdRZR8jBLaSgOaKZT2LYtFfP9zzQS6YWHgUjHauCWw6IuKBDKpGXKr%C3%81TZOrc%3D/,1985,,,,,,
4451011073,https://publicaccess.ci.malibu.ca.us/onbase-portal/api/Document/AVk83Y29XPClB8YDEfreNKz4x4e9fSi8Zk0tTMVtIWrWG%C3%81vzvc0FPa1EmGaQCPqa7mFIb%C3%89quw%C3%81l0Ty4l7bYdgc4%3D/,2001,https://publicaccess.ci.malibu.ca.us/onbase-portal/api/Document/AaOnFI%C3%89a8wc2VAwcUrJQzeExh%C3%89B0pG35PYsTb9TXh%C3%814IFenskRhwo6H53pRTI0LChUwOlw5M01jhADMCHAY3pGo%3D/,2000,https://publicaccess.ci.malibu.ca.us/onbase-portal/api/Document/AdGn7BFpZ4dNOdM4DmngnZ1nO%C3%89NyPA1eUNUda9ZNelvUia%C3%89O%C3%89RtRmbtjrCwayILSB9CmR0sqiYwP3DaJeUlcGoY%3D/,2000,,,,,,
4451011075,https://publicaccess.ci.malibu.ca.us/onbase-portal/api/Document/AeIug6DetgxaKroqee6qYqlmhcgLHA8uwmnXxFVTsAGunjZtr1a7ExGCj6icGtGi%C3%81CzWDXzXgrXxGaH6Mi4K53A%3D/,2025,,,,,,,,,,
4451011076,https://publicaccess.ci.malibu.ca.us/onbase-portal/api/Document/ATZBriDwMPDdHXyuOo20Ij7Wpkw8N8cybuXR1vl%C3%81b%C3%81YGkvKkUrB%C3%89iY4mehCQh6syrHAd0jBzZJj%C3%81ankuvULzbWg%3D/,1993,,,,,,,,,,
4451011902,https://publicaccess.ci.malibu.ca.us/onbase-portal/api/Document/AX%C3%89XgTnXM0nN1GL5dG7miO1uuqJMXr0PmHIETNbuSTBxz0iOep84rL3C0dXp8oANZejNzrqIyu9jSGCw29O6Iiw%3D/,1901,,,,,,,,,,
4451012013,https://publicaccess.ci.malibu.ca.us/onbase-portal/api/Document/AXbzPB23UwuVRO3nTvRLVWt3Spa4drKIFuEzIkr01HosB8oDD%C3%819DfG2BP%C3%89fe4N1oCjkeB4ZRcZBe32B8lQ3hjPE%3D/,1979,https://publicaccess.ci.malibu.ca.us/onbase-portal/api/Document/AWZ4ACWOVh%C3%81NBscXpVh4oBZCJAN4nVcSFmnyBaYlPkYfZkMKkxu89OH5%C3%8173b%C3%89FTUNbmHqkI4L3dSMg4wfDzPDiQ%3D/,1978,https://publicaccess.ci.malibu.ca.us/onbase-portal/api/Document/AUBvJDpqiVZhUOavLgjIQqY9SJtEpsBK7dqjIhNgHqulU74VgMzaGDg2O8hgHrDfwgVxoyBQMcqqgQPpujAScOI%3D/,1978,,,,,,
4451012016,https://publicaccess.ci.malibu.ca.us/onbase-portal/api/Document/ARj53UWNIoLpBt819epyFVYNBNQJ85sD6CS5oB7%C3%89pcDyYnXKt41WrRzXBREeBBW0eP3zo8B17201OcyIrHOWS58%3D/,2014,https://publicaccess.ci.malibu.ca.us/onbase-portal/api/Document/AYnQTVrKdeqvRNWOjjqimP5ZpLdSHpWErcRGv8LXF1ffq39yOamdYTfumpRkepFYcPO9uNdGlQ7SmRvgo%C3%894Gtdc%3D/,2013,https://publicaccess.ci.malibu.ca.us/onbase-portal/api/Document/AfIB52MhkzCue%C3%89f8V4DOwJgQudO2iUC2wDuLqWvNfIwfBjDVyfCPWOI8UHdVXAkQ6lfH%C3%81j4OmAdr3lYUEIEErYg%3D/,2013,,,,,,
4451012018,https://publicaccess.ci.malibu.ca.us/onbase-portal/api/Document/AZ7GfgivjxWk530VWLXWWU7C2YZuhqQOEzn93zypuyceO9u5btYSHsEntjH6Cm2dmD0ULgWB932dXu3QXkloIj8%3D/,1962,,,,,,,,,,
4451012021,https://publicaccess.ci.malibu.ca.us/onbase-portal/api/Document/AfPrv%C3%89mpEjkbnVavxK5kRyF7SmAIH87ie306Uz8Lhfo1m9WHIM1nhNvjCTAsFHvvN%C3%89jkzqcPkHr2NS58QcTR7gk%3D/,2025,https://publicaccess.ci.malibu.ca.us/onbase-portal/api/Document/AYtOE0LVtu6gcqFUQOoRHNsRc04A9MWztjoi8T0290YVVeH0hbvjp8urZDzs835QlubizY1AlpHO7cwx0gkkWE0%3D/,2025,https://publicaccess.ci.malibu.ca.us/onbase-portal/api/Document/AcjXuCGxlr%C3%89QTlTdkupJuVnOsMCqNEjL8b6dPQvbTXEvO8qB0Gl03fJpnicAFSylaB804MvmmMovtwFpSFRPtr4%3D/,2025,,,,,,
4451012022,https://publicaccess.ci.malibu.ca.us/onbase-portal/api/Document/Aapbpgw%C3%89ZOrG7UfdjgCKTEkijS3PGGDWJKBLba%C3%81Y1M4dRVUBiNxVEHOE74kr9O%C3%89F2wlaPgeEKxvJjQEXLBUNrRE%3D/,2009,,,,,,,,,,
4451012023,https://publicaccess.ci.malibu.ca.us/onbase-portal/api/Document/AfCvnKSC3jTh4eHefZKcEKHGMr0okkgA%C3%81UjGiRANwXolc0%C3%89RxMtvIKLFf6tmIZ4DsqfOfsmHoXmy5h%C3%81RRmHYWhQ%3D/,2010,https://publicaccess.ci.malibu.ca.us/onbase-portal/api/Document/AQhsSqyACnyMM%C3%81rho5yx%C3%81NS6x%C3%897kEaGTSQVkamOCU8gpe%C3%89816u7acH4j3f%C3%895jAp9OdPl3ICbmciKRtp8jZTlR9I%3D/,2009,https://publicaccess.ci.malibu.ca.us/onbase-portal/api/Document/AZf0qICbAYhQOjJwmQAToj5lHs9Fk4pBLWEQx8due0zqjn6OzRMY3yqdBFKFz6id0ryuBTGYRLWETkWnkwzqdwA%3D/,2009,,,,,,
4451012024,https://publicaccess.ci.malibu.ca.us/onbase-portal/api/Document/AbBhspkrcSDJBazvzZl71pO8C8FLXYxm12H%C3%81gz%C3%81TL0VIczOFTvmcJTU5nOrlbEzShrTeRX6CEukjkC6fbPg0zGE%3D/,2009,https://publicaccess.ci.malibu.ca.us/onbase-portal/api/Document/AaDrnC9mJtifTtF2XvTMsUs%C3%89t0k1fT5xb1ti7MqNaHM14LzcQADDQ7AdlWEcFsxckUh%C3%89DgVZw4xhITQPxi0Xub0%3D/,2009,https://publicaccess.ci.malibu.ca.us/onbase-portal/api/Document/AetUciqAYdxMVLyEgOisDMJpVFSsucrCgs5BbVNSfJoxzYae6KuE4%C3%81dbv%C3%89DiCIqCt3A4cN1Y4XV7Nvpn2%C3%81cd22U%3D/,2009,,,,,,
4451012025,https://publicaccess.ci.malibu.ca.us/onbase-portal/api/Document/AWI129zhQQiKjng27X6hVVFOSh7DgNgRd5T3338ZA81m%C3%89SDqzyUYAggFTCJ%C3%81cy%C3%81tC8PXdipb1Bn0YAi%C3%89Vw95RYI%3D/,2016,https://publicaccess.ci.malibu.ca.us/onbase-portal/api/Document/AUR%C3%81rJmCSSxW8g4eB30btMnp2HyKkce4%C3%81YD0k7goN9uzF9jR0oOrakBEYt0KOaoTui5loo8DJpz590LPl25Nx7M%3D/,2016,https://publicaccess.ci.malibu.ca.us/onbase-portal/api/Document/Af%C3%811efCv1MCgUMtWMDibqPKxaFy5ag5K9Rcf9wEbCNAmO7KfGj4LNcoHSvEpt6D6BvvfUOoAGZJqMahuFbWrAo8%3D/,2013,,,,,,
4451012026,https://publicaccess.ci.malibu.ca.us/onbase-portal/api/Document/ATDIdchB16cQJsIpyrC2RWG3za%C3%894CIdfD6r6HZiksHvue%C3%89l9xThoDYKbJ%C3%89SNGhJpY50Wglz2jEGWLhfgSbG7tFs%3D/,2017,https://publicaccess.ci.malibu.ca.us/onbase-portal/api/Document/Ad6G5ehjUJqWB8HmsvSd3RnCaJRUuRzhRNhZn8Xc2t8VpdrWUnoR6qUAdNdL0cvg0u1AegZI2m09gMfLrsCa8Fs%3D/,2017,,,,,,,,
4451012028,https://publicaccess.ci.malibu.ca.us/onbase-portal/api/Document/AdehpbCwoX2GQUkZXR6CctAIahLjI5FRSZtGtA%C3%89c4sMx9jJi6Gv0jUsplLTNF9weq%C3%81BAq5C%C3%89AIWBavaGMRnH4Dk%3D/,2000,https://publicaccess.ci.malibu.ca.us/onbase-portal/api/Document/AfH0XBmijShSttwZiE8twOvUmb8jon2PUEaEqyLhJwL21joxKX5N7I5RXw6TaA%C3%81BeRLVdmqn3nfHYxB4DjA5KZI%3D/,2000,https://publicaccess.ci.malibu.ca.us/onbase-portal/api/Document/AbCUuz8QjKisvz8C%C3%89VqA2ZK99SH8xJMaPaFYQ1YBrfZGOWiHwWAVCXWr7w5EwzybOkmVHO4U0QDBWhvqDzWNvr4%3D/,2000,,,,,,
4451012033,https://publicaccess.ci.malibu.ca.us/onbase-portal/api/Document/Ae%C3%89Z8g6Czn8UK4qbZvilH8iQnlhODGpMJaNdPlFoIjRTRpKn7bag8p06ha7BySK%C3%813oGjDKhdU6ZYp8AlBY8ipzs%3D/,1995,https://publicaccess.ci.malibu.ca.us/onbase-portal/api/Document/ATSeHavwRn1e0PRG%C3%89%C3%81tasDTu%C3%89GuRiOAsJcsRJNRTQZ%C3%89IY2EHMZLgA%C3%89o93%C3%81gXnTzo9GqQ%C3%89gUlSjJU510z4gvTWsc%3D/,1995,https://publicaccess.ci.malibu.ca.us/onbase-portal/api/Document/AfrVUacy%C3%81FbS6%C3%812209C0BSrxVFjaodiC5KYO28r%C3%81KtfehbZEhUIaEPtbpzsNsRBN54ShE2xSh%C3%89%C3%81s2V8SY56GIKw%3D/,1990,,,,,,
4451012035,https://publicaccess.ci.malibu.ca.us/onbase-portal/api/Document/Aa8jcagbdnkjdjqircWmMC%C3%81pypa8Ra8zyyBssr%C3%89UOIu62uWK%C3%89CFD0wucc%C3%81PqWoXevCuBjKaT3Fo4JIgJ%C3%89n1IKJw%3D/,2026,https://publicaccess.ci.malibu.ca.us/onbase-portal/api/Document/AWUK9FQsAY1KniH4std61tKd50%C3%89URW5lnsw3mCyRuRzXGar%C3%81tCVV4mRqtqY3LmlQ7vNA5jkkd6iNY3bOPZm89h8%3D/,2025,https://publicaccess.ci.malibu.ca.us/onbase-portal/api/Document/AX%C3%812yj9KiWiepDa6Fsx40hD7iaaJP%C3%89JLzsyLccEeYIu1OYXyiHOrGn%C3%89yFYMHyGXg5bPFsPXvamTjQz1QyB2FhQk%3D/,2025,,,,,,
4451012036,https://publicaccess.ci.malibu.ca.us/onbase-portal/api/Document/Aan9xatuwzi3wrFzaPy%C3%81ljzHeHcreBBkz0M5Gdz2ZUqFWMDzSSjoE6Qi%C3%89QC0MxXmhExkxO6dunns3oXfGaybjWU%3D/,2010,https://publicaccess.ci.malibu.ca.us/onbase-portal/api/Document/AQ2kW7NOf0bYco9sf25ZJ2vYaBS9txwtJoDIeUHKEZj%C3%89MduxrRgNRodqPYw31%C3%89PsIT8lMGA947CeueA2fClnyjE%3D/,2010,https://publicaccess.ci.malibu.ca.us/onbase-portal/api/Document/AdMXRjhUEtQW%C3%811NJl%C3%81BjCzi2oQ0506bTyLKjEFTiOObejLbyVFkwNEMn%C3%89H7YkI%C3%89%C3%89FECDF8v78Yfb2A5GCDJK6sA%3D/,2010,,,,,,
4451012040,https://publicaccess.ci.malibu.ca.us/onbase-portal/api/Document/ASgBiogLDuB09%C3%89nA%C3%896XcUrA26rRqiMta8UH1RfpGCVr4xc5yHZ0ZZu5tIvNGV7cfQ90%C3%819ZfGb740LF3YpTeVmxw%3D/,2002,https://publicaccess.ci.malibu.ca.us/onbase-portal/api/Document/AW8%C3%818K6ad%C3%893%C3%89XaLLP5gxFQb3NR5trJfSVcQ9n9NhQ9ELpPe91LyM4lVItUMOuvEXsFLrzEuhaXVuy0VbpMmcDl0%3D/,2002,https://publicaccess.ci.malibu.ca.us/onbase-portal/api/Document/AaoUn%C3%81TH4zl023XamZxJaBSxUx8njsQDym5jUpV1LgDlNjxyBAZuGbjSTES8xk5L5a8c9ipPS0pz382aR5vnuAI%3D/,2002,,,,,,
4451012041,https://publicaccess.ci.malibu.ca.us/onbase-portal/api/Document/AbPHtUJwtTiAYkKjlaDuY0oWyd0ymXckMAv5fMJFbNsWac91QABT1vMuth6%C3%81FIAOuw4VHl7YFIZqLUnbiX9Thr0%3D/,2008,https://publicaccess.ci.malibu.ca.us/onbase-portal/api/Document/ASfD6Jc2AlT16an3ajm62LxK6MupheLCzbyO%C3%89CE96tQrkxa8JnoaGZMfgznm6y3qp6q35w20%C3%81AQ11rjhsp3RuMQ%3D/,1998,https://publicaccess.ci.malibu.ca.us/onbase-portal/api/Document/ATXW4v5gB4sMDl4lnbVDKUrOtVCJCZRULoOM8ww%C3%81p%C3%894EksWoNTvbA9FfvVNkNkeuqSBCIirtTKw1dfnX2Q9%C3%89%C3%89xw%3D/,1998,,,,,,
4451012043,https://publicaccess.ci.malibu.ca.us/onbase-portal/api/Document/AXxhV5rCjy1z%C3%89JBHK6vX7%C3%89%C3%81mDsaPReA1uDQu%C3%899oySR3mc6CL5dCFBoHZAxylROseB37BUFYf9rWTkkQIk%C3%89%C3%89ieDg%3D/,2017,https://publicaccess.ci.malibu.ca.us/onbase-portal/api/Document/ASXpcthI2VfwITwbuG6KIzPPgijZXHk5lO9p5gm9DDvOBl%C3%89XIg4mLPIAVj%C3%81oCLWA0wgQSlfqcXtc97oOehIHY8E%3D/,2016,https://publicaccess.ci.malibu.ca.us/onbase-portal/api/Document/ATHVzUdp16IQbdD%C3%81vcEYMtyZWB8OkbFJ8Iu5kaacdrX07HYPWk1U%C3%81UfJwSgVHncWOLmvRJPKT%C3%81ZGTbtWI7zHtZ8%3D/,2016,,,,,,
4451012044,https://publicaccess.ci.malibu.ca.us/onbase-portal/api/Document/AZnD%C3%81E5LMpeGMxDqeomWgBPnFBOvHpuginhnUAlPv4siz4rwjvGmN5wthCqZehYjVXF8r8EWEkIMs2JdolMAGBc%3D/,2023,https://publicaccess.ci.malibu.ca.us/onbase-portal/api/Document/AePuXdxmq%C3%81rCPJnvczPLLIVBXinh%C3%81LSwk8OnfeEqAFFVvOidhd0kI11FOCg8c8T2VC7PEE%C3%89S1So2L2QOsHYXfXQ%3D/,2022,https://publicaccess.ci.malibu.ca.us/onbase-portal/api/Document/ATC6tUHwH5v5XL9H%C3%814V4lcEoguEbKwQmxSTNqtz10%C3%89B6YgSN19SAUFfedOme5DwHdWj3IrOQhU5QICNEM5CC71Q%3D/,2017,,,,,,
4451013002,https://publicaccess.ci.malibu.ca.us/onbase-portal/api/Document/ATBvS9uKBLuyCOSWtXFZYwVwOoBw2V5NMam3%C3%81yO0m3VIHP0TghEWv%C3%819C4%C3%810Qok3fg535WtBszGLEjzklFhpCFnY%3D/,2009,https://publicaccess.ci.malibu.ca.us/onbase-portal/api/Document/AdW3u1dDd65xyewffAK4gEepe636%C3%81anxcmjZQ7evnIPERda6lBTsWjM7Qv5M4MUTs8YohE3CG8UV5OD%C3%89tiEj5KE%3D/,2009,https://publicaccess.ci.malibu.ca.us/onbase-portal/api/Document/AXSEZvKr36YAdgDY17E6yMXDsFijJVpQEcS5pahG%C3%81xnEYM1%C3%81JL2TjQLMvC40T8WR9owIXJ3jnH%C3%894QEjhAWRFtRY%3D/,2008,,,,,,
4451013016,https://publicaccess.ci.malibu.ca.us/onbase-portal/api/Document/ASNQp9PRK1yXPw5WXJbCpfmBw1FyUH2hDnR9pXQ40SxeqQ3ZV2midL8tYhRIjjenqFeJAOljoRkjLpneHuqJETk%3D/,0,https://publicaccess.ci.malibu.ca.us/onbase-portal/api/Document/AZj3d77P%C3%81USM2tBfDvsyxPv4h1fHz%C3%81MI74Dl79dkI%C3%81lFvFvj%C3%89c14oN8tH7V9qefpTt4hkRQjtABYkIsk4AUl1lA%3D/,0,https://publicaccess.ci.malibu.ca.us/onbase-portal/api/Document/AZJC8usaSggXVBOFzvItFNcue%C3%816BYtaMu%C3%89SyCGnDWEH00%C3%893jM4R9rHTekkxOv7kSDX%C3%89kw4lBl2ZJFGizgV5kpVY%3D/,0,,,,,,
4451013021,https://publicaccess.ci.malibu.ca.us/onbase-portal/api/Document/AfCI5wNgPohFi3spNNZhgkhoZokVGehSPLq5ro4o7UAXo0QUH%C3%81nDk97ilzsnjRXAzFtFyjwtB2bTE%C3%81mfCLRECFg%3D/,0,https://publicaccess.ci.malibu.ca.us/onbase-portal/api/Document/Af83poTWYIW%C3%811gEHroKwhzhMrgAUApY2b0lFXHfRNiPX1Mpv35uVvN8mW37ENU2%C3%897B%C3%89NAaF%C3%81oVnKktOKZOOVKUM%3D/,0,https://publicaccess.ci.malibu.ca.us/onbase-portal/api/Document/AaNA23%C3%89Iuc5t5JclDmJG%C3%89i5jpJ3rVlGW%C3%89zGDQx6n5QQEiCiqAwkTPFDwnyA5V0ANQzmKlLYaTrzJF9thEJxlhmo%3D/,0,,,,,,
4451013023,https://publicaccess.ci.malibu.ca.us/onbase-portal/api/Document/Acd9%C3%81eXoo%C3%81PqZjN1yMbHnFYgjOQyU4Wwp3r3HvvM8eNJWHwLSjcPfAohu%C3%89Eqz76AFYxCrIfrP09i48KqiuA%C3%81D0g%3D/,2006,https://publicaccess.ci.malibu.ca.us/onbase-portal/api/Document/AexsvOCtJxJG9Zvr4mJ51dAwmUWWE8ZcKOxyittdJIz79rH4nLJEDBNAkKpdS0DLtQ%C3%819bMGllno60AgJsNc4jRY%3D/,2006,https://publicaccess.ci.malibu.ca.us/onbase-portal/api/Document/AeE5Jiesn7nDiPAo27fbh3eYAierpA7K0iySk9wBSngP2l%C3%89Vmbw0zCCeflUv0OC%C3%812csLzbyTq30dsjWJYG7Psas%3D/,1999,,,,,,
4451013024,https://publicaccess.ci.malibu.ca.us/onbase-portal/api/Document/AbSiQqjJM8urw%C3%81N4tKyDcuYgtNxO9LHfPveZgmnDYG%C3%81htS2lNCqb0XYrlCrUFgUnqkFvvBa9csQTMTWMVmHlb00%3D/,2012,https://publicaccess.ci.malibu.ca.us/onbase-portal/api/Document/Af7B81NogY9KWy%C3%81rAYh%C3%89BgxGbBmxO1CE748ZbGuuysWa0JSb7REtuwcX6B2aa0Z%C3%81jDgxEbyubxGZkKHGxq19%C3%89a4%3D/,2008,https://publicaccess.ci.malibu.ca.us/onbase-portal/api/Document/Aas0BlY7NyTalcBmB0dZayjk%C3%81Q3m2gCL9kKubYMsLomvbn0uaPEwsG9kMEGO5v8Dg20s4JbjuwD9OIGtthG7kd8%3D/,2008,,,,,,
4451013025,https://publicaccess.ci.malibu.ca.us/onbase-portal/api/Document/AZOy0M7vj4usW7qiPpADVX5xSMzHp0KRtSyCXZbOl4D4sb%C3%89kGaBngZ1t1P4POsVF0dym4u%C3%892FSZgXX1eHUKN7Vk%3D/,0,https://publicaccess.ci.malibu.ca.us/onbase-portal/api/Document/AbXwOHY7ouENUJJFwzy8kbFdidL0oB439RvIvI5k3R76v87Aecw%C3%81eEX111%C3%89pqaSt4ryiblSlDijsg8yWoBLRUFg%3D/,0,https://publicaccess.ci.malibu.ca.us/onbase-portal/api/Document/AVIzoTvj5%C3%818V1dByUtI%C3%89lmUVT6fEBdrmNtxUDzsLxvuaJRsxv8wxNHT56NIlBpxZNuo%C3%89R7DQWPRDca7zHckGU9s%3D/,0,,,,,,
4451013026,https://publicaccess.ci.malibu.ca.us/onbase-portal/api/Document/Afo%C3%81EY%C3%81Pih%C3%89vo3XSCXBalmstTRzgA9%C3%818%C3%89Vad%C3%89%C3%817UJRyAO4YKRQKyuNfLzfCb3Z%C3%89LLx4hVRdSpR1zrQ2DG1T1c%C3%89w%3D/,2018,https://publicaccess.ci.malibu.ca.us/onbase-portal/api/Document/AQHDe3ODaiQObtK5%C3%891JMct1ceWGsTzKC%C3%81%C3%81DdIKxATwA8gEvqyplr3GAo3mqCRJBpXpdvL%C3%81iRxO8ZGj6VTFWHUU0%3D/,2017,https://publicaccess.ci.malibu.ca.us/onbase-portal/api/Document/AaC1z1XMPEvedl26nwdgdaKm7Nc3Ei7flxMOG%C3%89QDhq6Zi5mnJ1qRLobL%C3%89nPzrzL00wAyEFgNx6aQe1Vlrf8Gwt8%3D/,2017,,,,,,
4451013030,https://publicaccess.ci.malibu.ca.us/onbase-portal/api/Document/AVicxI9GLVNsB%C3%89KHYl0S0bZcaocbI32DD28Ae%C3%89dS5Qzy96dAMUatAtJm84lC8QYRSbDKfoGDaqDNuw8vsDRRr8Y%3D/,2017,https://publicaccess.ci.malibu.ca.us/onbase-portal/api/Document/ATUwxaS0soy%C3%89Uqwbck3IyDUAV8W4Ri9EQ%C3%89B8ijbeFFfmrhJJxdWMIjDv3QabzIFqCbTqKTJKMlbTQbFMq11l%C3%89lE%3D/,2017,https://publicaccess.ci.malibu.ca.us/onbase-portal/api/Document/AVekStgiEiGMuS8S0JcyOBxcPhj7ryA3YENtI3Zba%C3%89R7fWDlj7XeXrsdx9ss166194wKSAU3ShwD32SyeqGG8L0%3D/,2017,,,,,,
4451013031,https://publicaccess.ci.malibu.ca.us/onbase-portal/api/Document/AREwu13zy49r40DCeBkskLlMU1qEyNsXHYm4tGnHCYGacLNTHlIosHNb%C3%817L5LzBcg2PEf6P%C3%81b29fZzYhJGuj5IY%3D/,2023,https://publicaccess.ci.malibu.ca.us/onbase-portal/api/Document/ARogMziXdAkV2JSGG2zg0okLP7bjvEWsIgMhLrUQjxBq8rTNd1eOOIT0N7Z5A0CyXNFo%C3%81UnWOqTV11g%C3%89Wr0KDPA%3D/,2023,https://publicaccess.ci.malibu.ca.us/onbase-portal/api/Document/Ad576a%C3%81vqHDSL4f1UKDeGVR4j1Q8DVILCTsH4hKapoDwxL3SZl0%C3%81b6vn%C3%89XAmV5M8ECgAVrWN70GkiuywpD3EALY%3D/,2022,,,,,,
4451014045,https://publicaccess.ci.malibu.ca.us/onbase-portal/api/Document/AZFv%C3%81AS%C3%89935XUcOLARpdtRU4xlrJzN6jDK1ViUYGkxr3wpDntjZskg3xEwejnImC3dq7YUI4eqg3mfg6bKi4Kv4%3D/,1979,,,,,,,,,,
4451014048,https://publicaccess.ci.malibu.ca.us/onbase-portal/api/Document/AT%C3%81wd5EtFgAjKXmCWkKUqpKCsG5Wr%C3%81CSGGh52LJE6M%C3%81ZJBsSMC69ew0%C3%89wYJiguPyY0L1cpb6V32E2%C3%81%C3%89UExOi71o%3D/,1995,https://publicaccess.ci.malibu.ca.us/onbase-portal/api/Document/AcD0D4xEGxgRD%C3%89bILZSL3ivQXk0y%C3%81QeaSNRFdNLb%C3%81vWpiS7lSYtmiY6SSrV2kTofIgk9z%C3%81PlIMRmjdvSRsfDU1Y%3D/,1994,,,,,,,,
4451014049,https://publicaccess.ci.malibu.ca.us/onbase-portal/api/Document/AbAPLtpMxbpQS0twDL9s705sVv8ferr5CowbtPPwhxDQ8BAkdut%C3%81vJlBHg9OHOiu%C3%89lfoY4QLBWQ4LtkWVKaz1bE%3D/,1999,https://publicaccess.ci.malibu.ca.us/onbase-portal/api/Document/ARvX%C3%81XFQ94%C3%89EmjQfdtLVYlgeomOAG1gsRVtCoTachUN7otM8nL8hiFQ1XmQq%C3%89t0lJUs71o8H8KZKGDAiLXJuUrw%3D/,1999,https://publicaccess.ci.malibu.ca.us/onbase-portal/api/Document/Ad9xxSd9WRfiAKTQGdvxPpZ6CE4SVt6G0CYXbtcEuHQuO5%C3%81SSp3eUfdPCYvxSQU2d3XdUtT%C3%815KC1PDMwZeECh%C3%81Q%3D/,1965,,,,,,
4451014050,https://publicaccess.ci.malibu.ca.us/onbase-portal/api/Document/AVPUor3YualUSHj%C3%81pW%C3%8956C5KjsCikMTAtQRdcaBTsN5%C3%89ZHaONVr21t2cwsX5DpXVEK4vxX5PIYH0QtLLkHm7CFs%3D/,2020,https://publicaccess.ci.malibu.ca.us/onbase-portal/api/Document/AeZzq2MQBd9SjAvOS8FkSup%C3%89s93zmXCVpxeWquFz3%C3%816qWsFjHCR4BkshS4mMMbBq%C3%81hYwAE9fNWObAghPoWObG%C3%89g%3D/,2020,,,,,,,,
4451014051,https://publicaccess.ci.malibu.ca.us/onbase-portal/api/Document/AaeiOw0gnGKQhQja1OpI4tbUUX%C3%89SnKLP%C3%89%C3%89NSlMb%C3%89Aop7ePohnDimwsoRaFsP0XD%C3%89evkQ1PBhH3eD07o2ckG818I%3D/,2000,https://publicaccess.ci.malibu.ca.us/onbase-portal/api/Document/AcSrarlV9PMDoLbD53LNSxW%C3%81NWY6jMSlBsNphXwSsNzeoxcJlj4PATh3FajQeZFLLPwWD1GDxXojUoAecyzytyc%3D/,2000,https://publicaccess.ci.malibu.ca.us/onbase-portal/api/Document/AWRp1Qy4tgHpHCAW9S5Uhi9OnKwz5XYQgxDyaNtEfw2iNrasUReMSj5ceCP4qPLg3hYo6xhtVrp5OOvwYHxHeME%3D/,2000,,,,,,
4451014064,https://publicaccess.ci.malibu.ca.us/onbase-portal/api/Document/AVOXtE5%C3%89bM0tk9vG2zPUPXZCPWX7fGrS%C3%818mqJi6iN44X5%C3%81955sKpsmUEFGV2nbagSufwy%C3%81f7MnpHz2KYZn27ilA%3D/,1994,https://publicaccess.ci.malibu.ca.us/onbase-portal/api/Document/Af0QL0gnV9%C3%89GcwycbYXTzUxccv7%C3%89edu8BBiFUmi0Tw1BrKmiqeney1g22z9qngGvkBRkI72Hloips2yl2iGGzUA%3D/,1994,https://publicaccess.ci.malibu.ca.us/onbase-portal/api/Document/AQmJNVYa%C3%894zNnS%C3%89n%C3%81pUQ%C3%89MWwZ8OYEf2tOmWlCXj8kIioZFiZHkJxHDuCnzsMAKYZolomOTbmkmiLcYRPRlpFXZ4%3D/,1994,,,,,,
4451014065,https://publicaccess.ci.malibu.ca.us/onbase-portal/api/Document/AUCBtuqz9Ibq8I2bTrvPZXu3iup6tWtCiBitbBowCRBO8uYSM7m6fO%C3%81EELqeHvr6FZF5SCnrOOj0oNHlZMs8Lnw%3D/,1994,https://publicaccess.ci.malibu.ca.us/onbase-portal/api/Document/AVEyqgPtg%C3%81MfutMYh%C3%89wMQMwtvAlXR9U8bwb7Y1HhNTdk82hMiAeFnvVdSmH%C3%895%C3%81aQQxU8QPcQqTVnAxCykeXwnH0%3D/,1994,https://publicaccess.ci.malibu.ca.us/onbase-portal/api/Document/AUfsS1fx6P3QeGbFEQ0yk9h0O4dtWgNDo0VCSHeRnKREn77UZT1x9nbWqCo7KzE2CvJoMN27VOOaw7FGp%C3%81oEM2M%3D/,1978,,,,,,
4451014066,https://publicaccess.ci.malibu.ca.us/onbase-portal/api/Document/AUiqvsGiSOyCjncf3eXo7X74EyVEiRjnBTcsbIAv1CZ2kh4yTi5mq4IOPnZm9rGs4Y%C3%81j4wIXEM9%C3%8189vUDIWSxLQ%3D/,1999,https://publicaccess.ci.malibu.ca.us/onbase-portal/api/Document/AeErEtwpTr1tq%C3%81zT5T7hl6%C3%89Kw0FBaIC3od%C3%89Vm1YVCApStuHBsKoCbFMtor6TA5QU9nlfVi9wKGKI5ci7Maq%C3%81P1E%3D/,1998,https://publicaccess.ci.malibu.ca.us/onbase-portal/api/Document/AQGnj5adtI9CrKqcQ69Tf4sDtLfIuzI4Xve%C3%816mX4LAUiv5xOQ6UPC2XUpN45sq64uF6r0JN96cuD9vx%C3%818qLF1kk%3D/,1998,,,,,,
4451014067,https://publicaccess.ci.malibu.ca.us/onbase-portal/api/Document/ASucxnrP9AqpOaQ116NmseCG%C3%89t8SeN3aJxlVI5qTQNGnHNidLiAw3BXXVYEUso9QFwq1rMzCU3NeNZBQYBTWeTU%3D/,1994,https://publicaccess.ci.malibu.ca.us/onbase-portal/api/Document/AQlm0uUOxE3yJrrONrYohc4gemGRSiN%C3%89OBu7HUm%C3%81Ke5X7aWKb5uK%C3%813S6F5nQwRl73uQsMktmP85qiwCLng58LAo%3D/,1993,https://publicaccess.ci.malibu.ca.us/onbase-portal/api/Document/AQ8c1SOfBvThoPiEeFv%C3%8953oZLhbiSBlFxtCiEXLtqCralQHfoDQK7ev3plfUHaMt0MS7sOBaCJzC%C3%89%C3%89G9btubjN0%3D/,1961,,,,,,
4451014068,https://publicaccess.ci.malibu.ca.us/onbase-portal/api/Document/AaPRFbkKuJZCoeu%C3%81wh5yPrE3j8L5%C3%89hjuDmj4JdbvmT9TAv98XVBk7bjpIgGlfeUoGSGRbFdriRvBqely7wkc6pw%3D/,1994,https://publicaccess.ci.malibu.ca.us/onbase-portal/api/Document/AXVw5pWccs2Jz9TLEAXU8rMDf7o2FN8JayF0VznxnKczkY9cETWU3Fc473ICWzFVuQnrqItvvrxdQIZ0q5gR%C3%81UA%3D/,1994,https://publicaccess.ci.malibu.ca.us/onbase-portal/api/Document/AQ%C3%89N1mPZD%C3%81nDPzmi5NJ3V%C3%899hw5PbFPpagjESbI0M3RCZyehYpWkORyGyP3I%C3%81YhxtmIs%C3%81H2CVYBGvklCZ3TQcM2c%3D/,1974,,,,,,
4451014069,https://publicaccess.ci.malibu.ca.us/onbase-portal/api/Document/AVyokwOEHo%C3%81ffBwm93%C3%895BKeJXEksJGUDLmT%C3%81NskCqI9gYMMSJRfSwYMLxE5YthAMDsBmnSNvLo0ph76atQIloos%3D/,1978,,,,,,,,,,
4451014076,https://publicaccess.ci.malibu.ca.us/onbase-portal/api/Document/AX1QWO5LHdZjuCxExUfLTBQ%C3%81egdQTJgRoa%C3%812AbVLWv%C3%89IGTOK3Elt%C3%81JRXedX7hEw8TrdAgog5k8mwJ%C3%89mX5mqWw2A%3D/,1998,https://publicaccess.ci.malibu.ca.us/onbase-portal/api/Document/AdkKQRgiji7Tutpn59hywT4vRshFmiBPKrCLySuCTDLnIP%C3%81LRlcI4os1asuKxYQ2Xj0k84pU%C3%89Q0u47QmHHwbTG4%3D/,1998,https://publicaccess.ci.malibu.ca.us/onbase-portal/api/Document/Af9%C3%89BTeIzJ6DD6wdHkE9WARjBQrvI1Jzk111E7GSTrdoVce7SjXwjPaAn050xLzRzS1iXtZZ19aZ8kLXq1M1Uqs%3D/,1997,,,,,,
4451014077,https://publicaccess.ci.malibu.ca.us/onbase-portal/api/Document/Abv%C3%81Prm5N3UN0NYGSOVrUjR8XNCxiMVLbreGH0MBFZZ3j36T4D%C3%81917Aiy79x%C3%8922EG1cslzray95FZHqLjSi8YQE%3D/,1996,https://publicaccess.ci.malibu.ca.us/onbase-portal/api/Document/AY1wXEnMKZNO5Wsa5BLpMfmViRoUBRzP6AgsyWdZ2ZGfwW4qI0%C3%81S5SMXu6GYvDdG8GZp3l2guWRGlX1rd3fD4go%3D/,1996,https://publicaccess.ci.malibu.ca.us/onbase-portal/api/Document/AR%C3%893puzXuGPvltsABugec6YnNHjCiJfrMKwHETD35nL6ZEEbVEEAg4zpup%C3%81OyIXpAefTwJy9rUGyt9lGr6W8HS8%3D/,1995,,,,,,
4451014078,https://publicaccess.ci.malibu.ca.us/onbase-portal/api/Document/AVB8%C3%818ztNpzRu3MUt%C3%89%C3%89%C3%81KXqoD4%C3%81mBhwv2GXVZVE6J5lC8s0qtdlflpdlL%C3%813yOtG%C3%81ZHvKtofobZACH69ejgrQUNI%3D/,1996,https://publicaccess.ci.malibu.ca.us/onbase-portal/api/Document/AX6uC335p7rfIbkr3Gs2whJtFmN8RXXJTdUBESIdIqluMAll4RVKVvNSk29wQPv8kprk9buzco06Oljheq6n%C3%89WQ%3D/,1995,https://publicaccess.ci.malibu.ca.us/onbase-portal/api/Document/AR4HzneELRsrqTfrzKsgbGtx0qG2mF2E77DBpaofvzzJ1JGqZ%C3%81gY7D2C7gyEXZjePvO7kp6f0622xMDgpkIzCeE%3D/,1995,,,,,,
4451014079,https://publicaccess.ci.malibu.ca.us/onbase-portal/api/Document/Adu41qzT6nnzoRFtJ8F4KdQIiudqNtPt%C3%81%C3%897W%C3%89MK2z7dQ3pDxNit%C3%893Oc2YezpfGTHxc6sHzwzuU2p5Qh7vC9q5zA%3D/,1977,https://publicaccess.ci.malibu.ca.us/onbase-portal/api/Document/Af14yKjDcscdeCakIALufMgOdR4B2gW1aHBngwMBgxBef0zZgEsaNnKe%C3%81RmqNVtLuBCFlGweKJOgtexqACmdF4w%3D/,1977,https://publicaccess.ci.malibu.ca.us/onbase-portal/api/Document/AfLODJIAE6dvgXMfQXnWwueGRKql0735wEcCyoqx4LjfEUCtirlZD1rTeUs5pzvgEdo4qpvCX4zxU7FPNxMgR3k%3D/,1976,,,,,,
4451015015,https://publicaccess.ci.malibu.ca.us/onbase-portal/api/Document/Afwq3tsSnWrXV8%C3%81H0s9RzhpczVHubs0Vi5V2ldp25AcR8A7kJK1Qqw0z%C3%89gYt8CsMj7L1suMxofdebuM%C3%814CDVW6s%3D/,2012,https://publicaccess.ci.malibu.ca.us/onbase-portal/api/Document/AY3ZQrIuvwJguyEYc1Yi%C3%89acdCv3qzF1J5C02PsxLZxTK3fM%C3%89Ah2YFoehxxFvUSmAfrk2rWcN%C3%89pTDJXJuUMnNzO0%3D/,1999,https://publicaccess.ci.malibu.ca.us/onbase-portal/api/Document/AStVpfECmH8nO5kxCBAworo7gMg5%C3%89IGR5IxBaMS71SZwXSprOUFSrKVAjtwUzk0t2UFlHima1YsBAlTaBzc9xEs%3D/,1989,,,,,,
4451015016,https://publicaccess.ci.malibu.ca.us/onbase-portal/api/Document/AbKfkLRfHSwV29uWLCgBKM7M0uuKrAS6A2b%C3%89D8vgbdS9wdFznThcHP7ix%C3%89XRWYUzLGLXDv36YpsPlkA6HZynVlM%3D/,1994,https://publicaccess.ci.malibu.ca.us/onbase-portal/api/Document/Af9Gkxw42EBny8%C3%89dHXexhT179SODv%C3%81K3WuiXC0H0r4VHPkAzOzs%C3%89pajooALj8KNoWOyZoTpcOnP724QCMh6%C3%81mw0%3D/,1994,,,,,,,,
4451015024,https://publicaccess.ci.malibu.ca.us/onbase-portal/api/Document/AWuszqR55%C3%81rYLUsLaI%C3%81eeNoZ48SpVlR%C3%81jLh9YNdUCxBjNJX5ai1CnQE0m0J%C3%81haTpzakZxz7zQn3ZQe9tMgjfaIU%3D/,1971,https://publicaccess.ci.malibu.ca.us/onbase-portal/api/Document/AaFlGNd%C3%81sgIW7axUKcKfIb9wO0VW9nqfDiu8kBvaCgxEfMcfw%C3%81H8ykt7%C3%89H6rGJGB86iLEXvXQkJ10RvCGs1x4YY%3D/,1970,https://publicaccess.ci.malibu.ca.us/onbase-portal/api/Document/AayTDmjsbR%C3%891xUXVpU%C3%81iu0MzXyMqvtA6ULEzqt6Nqqzw%C3%89WDietNgNcsWz4V9oHNqrNPPrTVBv%C3%89jsxcz%C3%81sOwRImQ%3D/,1969,,,,,,
4451015027,https://publicaccess.ci.malibu.ca.us/onbase-portal/api/Document/Af4XwjP21BejDf7zxhicfUIQMbkFEgNWNWywMtIGa7MAPe5u0wIe2cWB0ZPYcscB0GmzUaCx6iqhSnh5bBHcSoA%3D/,1995,https://publicaccess.ci.malibu.ca.us/onbase-portal/api/Document/AZYV6FZLhgSEBM8aYwg8kSKEj9U%C3%89Ql8%C3%892gvWa2%C3%81nhnD7yc2DOIi%C3%89h34zWf5xUUrJWnipKDUGrv46pUFmyivyxDU%3D/,1995,https://publicaccess.ci.malibu.ca.us/onbase-portal/api/Document/ASgzsucPh%C3%81xL1ctbgddaslSweQWJmmSKKh%C3%815tXGWUj%C3%89iZnUwU0%C3%89KnWzETCuDT%C3%81MB0j%C3%818JKtSaGoT%C3%89ZJhX2Elzns%3D/,1995,,,,,,
4451015029,https://publicaccess.ci.malibu.ca.us/onbase-portal/api/Document/AWI13%C3%81jRHXxaCTiQ6Ysj6t9O3P3PNbP9CFn033s8HqTW%C3%81Ctb%C3%89AQrVQdavQGVU%C3%81%C3%89fN4ZzWbQrNflXw4ZWFUzDXIQ%3D/,0,https://publicaccess.ci.malibu.ca.us/onbase-portal/api/Document/AZjksboFikG%C3%81ot5jUDup2VzM6wQfdDbpaqBdijQam3wDRtzSDByvIAdq62hQEkYXBdHxE9rLdk95vhsAyArB4UA%3D/,0,,,,,,,,
4451015030,https://publicaccess.ci.malibu.ca.us/onbase-portal/api/Document/AYsWSMvmXQ7LNdSwRggJe0afzi2iGNuhVRtqOCRsR%C3%81kDqUAY9%C3%89VO7gXqgbQDxwdIv2MpveO1h9jC1Wg8CRZWFd8%3D/,0,https://publicaccess.ci.malibu.ca.us/onbase-portal/api/Document/AaRs9t0vTDwz8c4Q5HG5GNi6C17ap%C3%89PF4Gkc4w0j3m6qvo9qwEOdtq%C3%89oSTawdd1Qt2BUnl2fvqZxi3MGpxEqB2Q%3D/,0,,,,,,,,
4451015031,https://publicaccess.ci.malibu.ca.us/onbase-portal/api/Document/AcUWflfLx3zV3wv4PbxnWRDqTmfpa%C3%81hgLLTpobDh%C3%816s6V8%C3%89gxuylwNnkxy%C3%81vHvr7DRNQJOKggxViQdmhRXBBIDE%3D/,1989,https://publicaccess.ci.malibu.ca.us/onbase-portal/api/Document/AZZW62xTE%C3%81Qtxy79x2YJtCkUu3xpImfiGAu6ieBVHUljZ5ffnZd%C3%81H0lpOwqZ%C3%81vvXRYRf3%C3%81sXcDSL2f3jx%C3%81wmEKM%3D/,1989,https://publicaccess.ci.malibu.ca.us/onbase-portal/api/Document/AclYsA6Me5hGG4D9Dzw5Sv94HJ9%C3%89eHSJyTf6p1ZXRDASsY%C3%810IO4ip9umkuOfxlMT7QA6TTmp9cdaK6YVLA%C3%89ic8U%3D/,1988,,,,,,
4451015032,https://publicaccess.ci.malibu.ca.us/onbase-portal/api/Document/Ad6Rax%C3%89AEiVPMYPiN2Ld8johc8%C3%81DBdQmrdL1IrAKgqYybdixxMQieDNqR8eqiQP5y0ScK4PR70y8TRbql6JQPTE%3D/,2001,https://publicaccess.ci.malibu.ca.us/onbase-portal/api/Document/AQGwhSrYTUQC0UUCpf4LnjwygDDy7D0kTGqzMuSpWIyMcV%C3%81IE7n02D3J2Rr3hPLEKWPpwed%C3%89vCMgPftRukf6dOs%3D/,1997,https://publicaccess.ci.malibu.ca.us/onbase-portal/api/Document/AYKZn0a1FPy2Sa6metl4PgVk5D6OWAtqBYkjQTLQRVskbJhrWO1HVD9ry0TjCJ6RwaQHwCqDeelRSwv3y7JW6dk%3D/,1997,,,,,,
4451015033,https://publicaccess.ci.malibu.ca.us/onbase-portal/api/Document/AXOAUhyy%C3%81zIDkAslreGFE145yyNqw20jEFWhg%C3%81Ck48pgeRh0lLaz8ZgXlt4IkM113xextnUx6E4DoEhKP7Pvdno%3D/,1995,https://publicaccess.ci.malibu.ca.us/onbase-portal/api/Document/AYgPrjXx%C3%89CupUhKhBJCKbm7uGcS6z1pqgMdCGNBwQytQU2O%C3%8992Z%C3%81Uciu04cIvc73CBuv6p9P6xaK1fXiJD%C3%89%C3%89cds%3D/,1995,https://publicaccess.ci.malibu.ca.us/onbase-portal/api/Document/AQ5l4fwDWfoD3%C3%89CbcctjKy9ozZIq6BN12cY%C3%81p2kEMZyqV%C3%89VLE8qiZpkEQ924EFHlpPU0mgnzCPqZRbmnfL%C3%891gtM%3D/,1994,,,,,,
4451015035,https://publicaccess.ci.malibu.ca.us/onbase-portal/api/Document/AfoUfW%C3%89n2vh3UI3s9DDVtg40R%C3%89rdWygn%C3%81xxVKd0Ud8B7ts1aRwFWPrgg5fCASeMbnaqzEqD0VG%C3%89fWE8RtipxZts%3D/,1995,https://publicaccess.ci.malibu.ca.us/onbase-portal/api/Document/AdxCKRBPH6JE%C3%814AdAD5SJ3uEuN1EwwDYe36ZJyi5ING3EUgxMA27WVtbdeJNcHTtdQNNJkqSzBZm5Uz94zD7AD0%3D/,1995,https://publicaccess.ci.malibu.ca.us/onbase-portal/api/Document/Af10iHK9Q%C3%81ItSpOeLN0mJaO8YBao5vmlQ8qpS6n0Lq9VIjIfbv%C3%89m58WbOqV7x74KngjW84BTw7kdVp1aGsm02Hk%3D/,1995,,,,,,
4451015037,https://publicaccess.ci.malibu.ca.us/onbase-portal/api/Document/ASDNQD0qOpPR2mDL6jdYSIYCWqx6jrWEenmG2mOXzjPzpiZhbhrt7R5eLiCQqdwtnuMkBAlvuz%C3%89OPEEh%C3%89%C3%819AbX8%3D/,1995,https://publicaccess.ci.malibu.ca.us/onbase-portal/api/Document/ATqt3TQG3WpIuCOgdERlHQF%C3%89UmMrXKbcYsI4CbmRiDz5XbDhKloDfbIZRQtJ8iVT3LZAl808lcUKKbUwbMRMsHo%3D/,1995,https://publicaccess.ci.malibu.ca.us/onbase-portal/api/Document/AWVa6XhhVbWXge0kHse6kEVN9dlE6iKUz6EovxNB9O66tth15rnz5Z3luedTT79GPOxTQWMwnWWiHEq62KC%C3%89Y%C3%81M%3D/,1995,,,,,,
4451015038,https://publicaccess.ci.malibu.ca.us/onbase-portal/api/Document/AYTVdFsNBLrFMlbaacYXKoPYWn1fmj2QiQYNPONyD8tSB0I7%C3%89GxqU2I0bl0bcemDf5aPXi9oYEvOB2xY%C3%81Oun7DE%3D/,1997,https://publicaccess.ci.malibu.ca.us/onbase-portal/api/Document/AfTAq6CpIKxiA1A9V3qi6R8C7mq9Bi054Ek97OvEdQZrbc3YE3JGcy0oldaE7y1PBnXbseR9w513HcDNP36dJzk%3D/,1997,https://publicaccess.ci.malibu.ca.us/onbase-portal/api/Document/ASBZV6rH80PT9vVPoNF1gul3FEjaErHmZIiLwvCJqf%C3%890GLbGPswOHpf%C3%81ie1HsFIK3IeHw1Aby40CEfuGsSrvdUw%3D/,1997,,,,,,
4451015039,https://publicaccess.ci.malibu.ca.us/onbase-portal/api/Document/Acx%C3%81cYEhfLE799kvABlYyE%C3%81Uq9xM%C3%81gqyQh%C3%813W0pcgmFBSBIPMlQJwpTYsR7vNeaNV5jyZjANoNr8soTTqqO%C3%818BM%3D/,2019,https://publicaccess.ci.malibu.ca.us/onbase-portal/api/Document/AWG%C3%89ajLzTOE%C3%89W58%C3%81f0QeXjmSQJKGSpR4K6wZej48E4hFale6PPPcXKJepCuOhUDSCidqvSNt4Uw%C3%81VihRZjniYjY%3D/,2019,https://publicaccess.ci.malibu.ca.us/onbase-portal/api/Document/AakJU0C3B%C3%81QPYbUAVP4Ln7s2nuOH8QAC2Kc45Mxf8JX%C3%89u%C3%812ixrvUmeUkD1Z2c3cv30r21wkPkhVk4x0bM5ljghY%3D/,2019,,,,,,
4451015041,https://publicaccess.ci.malibu.ca.us/onbase-portal/api/Document/AUDjDOE3J1X4dqlue4zBiPOohGyw7K2auH4czz5oAG3iOzr7f9cI1hhdDx7No1Ky0%C3%81LqRWawXiZF%C3%89fwpNlW3%C3%81u8%3D/,1994,https://publicaccess.ci.malibu.ca.us/onbase-portal/api/Document/Ac%C3%81vkJzvqLKGYwS1ma8CXXRaw3IQL%C3%89kp4mCOm%C3%81alYt00BucKkBNApTxOt4aHor1LFN64PbwiMj5bUGwP%C3%81osW3y0%3D/,1994,,,,,,,,
4451015042,https://publicaccess.ci.malibu.ca.us/onbase-portal/api/Document/AZ5vXH1PsTJZxUo9aIpaX33f2JQ8RUZVG89PbJACbe5qALJ0PKHoKWiOOlR61pCbzlFWijvhejygQCgl3uXlLHU%3D/,1996,https://publicaccess.ci.malibu.ca.us/onbase-portal/api/Document/AWbDIucPGaIaeAkuQwoKeiEVBuDQ6FhsSaR%C3%8916Vr4Dx8vd%C3%89269hZAo0vZusI5%C3%89KWTeEzuZ47ivQMMfmkrTACy6Q%3D/,1995,https://publicaccess.ci.malibu.ca.us/onbase-portal/api/Document/AZkSP4WoYYMePYNuOXJ5HEbAgu9CpAMQvh5Cwel%C3%81HbqGuOhGND%C3%815s08c0lPf5xed8fOQpcaPdaDK3h%C3%89EqbbYYfU%3D/,1995,,,,,,
4451015043,https://publicaccess.ci.malibu.ca.us/onbase-portal/api/Document/ATT6ccLqCxKNZJB15zAK0Djx2aKPf9mAYf1duhGZODe21W%C3%81zThSHQ%C3%81ZgAzgansR%C3%89L5oKdJ1khPT6mQJIfpqnyCY%3D/,1995,https://publicaccess.ci.malibu.ca.us/onbase-portal/api/Document/AXeyCR4gCsB3tjOdWo1A5Taq3bkfGqgTA8XoLp%C3%89eX%C3%815omUVy7n7sWgbc0YEWQ5dFsSoYKegbhS81nJnvD04MwKA%3D/,1995,https://publicaccess.ci.malibu.ca.us/onbase-portal/api/Document/AXUf2FWPELjVLyD6x5yGEG%C3%810fOjE2eftuoqyVstombWdFUE9NX8Gf%C3%81WzZ0seJ6zl20vp7GRM1ZuysPMufrgxcXk%3D/,1995,,,,,,
4451015045,https://publicaccess.ci.malibu.ca.us/onbase-portal/api/Document/AWPiEGhud2E%C3%89OQ0tDq2uUuWxWdbain0chNZ1QvNbW%C3%81gNEOxGG1hMgMmdluDP4VJMFvR9soATW8F%C3%89UqGNFABxqPo%3D/,1971,https://publicaccess.ci.malibu.ca.us/onbase-portal/api/Document/Afzn%C3%81G%C3%89xZsbQ%C3%89ubUPAxWoDgYolIu4jF%C3%81nAjEutM2wuTgxzPgpR8sG1jtJ17%C3%810prA1G%C3%81vuDM0XIxp8ml63uIaA9o%3D/,1971,https://publicaccess.ci.malibu.ca.us/onbase-portal/api/Document/AU3y4TyemqpHWlm1sGMr1QKGCh1N19PAmSAxg0LA3iO6h%C3%89PulfgPQ8kqSyao2o%C3%81cCh2ebzwEo4TtJ1yY9KZAjt8%3D/,1969,,,,,,
4451015051,https://publicaccess.ci.malibu.ca.us/onbase-portal/api/Document/AU5oOiXWcUoYXhghOKb058UEsoeIMwg%C3%81qo0f2IwyFkwMWqy%C3%81IYoADq0YXbSihiqYuUaHfafRfOMd1NBaLkZtNMc%3D/,1976,,,,,,,,,,
4451015053,https://publicaccess.ci.malibu.ca.us/onbase-portal/api/Document/AUpJ6QjPBlNLvTRWSvePVxppv3lSPf%C3%89i0TRv%C3%89ZUs7yDQa4%C3%899a9P2qt4EoSBl2ZIQUWN8JLdbTeS2aX6c7qzsVcM%3D/,2001,https://publicaccess.ci.malibu.ca.us/onbase-portal/api/Document/AfCRFez4CtInE1N6gEfHSsXvmuQFJYp%C3%89d%C3%810Y79MgcfyIN5KcHnykBTBEU%C3%89K0jGg6uR%C3%899Rz5XzO8j%C3%81njrCmw%C3%81jBA%3D/,2000,https://publicaccess.ci.malibu.ca.us/onbase-portal/api/Document/AXUdYyx2b8jKhO8YO3SSRjQHkZTQQqOJQgstEOIyRMW1mIWjLSBYlVTLiQ7OxZd3jrPw512CwsVpU8AuqHjmaq8%3D/,1998,,,,,,
4451015054,https://publicaccess.ci.malibu.ca.us/onbase-portal/api/Document/AXvPi1LV1CmVXUtBehVX138tUqDCDGm2Ez5YBdDWMU%C3%89gIAVl5H6R6NwU2yE180EMZJ3N2yZIKgYJRCTAmYoG%C3%81UY%3D/,2006,https://publicaccess.ci.malibu.ca.us/onbase-portal/api/Document/ATRj8Oua0veebd269mQuq3jyKbzKdCCCCP4zvg9K9Dsa%C3%89onO1GtwV2jJSglaJSC9elzgpPfSjLG1x6aDyt7n%C3%898I%3D/,2004,https://publicaccess.ci.malibu.ca.us/onbase-portal/api/Document/AQ2fhu9qCZ9avFFzeb5gFn%C3%891oRz8Tk3YwPJiXN3i8poyLSOBIJFyDk3HXBgjgqefzHdoMBd4LS7yJfc6aisUwTo%3D/,2004,,,,,,
4451015055,https://publicaccess.ci.malibu.ca.us/onbase-portal/api/Document/AQCUr0cm9V%C3%81j4JVImDyMkRvRXjgDhBqQvrc0As%C3%89nSWMA4vCc%C3%81S2Qj%C3%81yDkRkJns1UTGHnPorB71AaVvTyveWFC%C3%81E%3D/,1997,https://publicaccess.ci.malibu.ca.us/onbase-portal/api/Document/AaSUHw7OEnbMUliXINLkXj33taV%C3%81eWWH%C3%89xTynOqV1UiGpIWdQ64pXZVk4hyz9WjNUP8%C3%89NRAYYAx%C3%81cHQ62ceemEc%3D/,1996,https://publicaccess.ci.malibu.ca.us/onbase-portal/api/Document/AZRMEhzyxWmxw6tOiZro0b8IUrDss5Ht8UMkagEHMKvV8m%C3%89EWFx9BqAGvaWl4JokEC4XKKbzmXq0l6MorkblgLU%3D/,1995,,,,,,
4451015062,https://publicaccess.ci.malibu.ca.us/onbase-portal/api/Document/AVSKisMmk8uXQVN7trfm%C3%81xGpEW8Duso6WVdVOeUxQf0eVl1sard8yjgftgOOa7d4pQ1COLJKxVw8r7wU%C3%81hWphLU%3D/,2005,https://publicaccess.ci.malibu.ca.us/onbase-portal/api/Document/AUIydPVVFFRDNq%C3%81jQDwGStZQhBGJc8raUpAKlUzCvzzpyfkA9bgLFV%C3%81kI29YFNj49nQxx0GZDU%C3%89Zt7gz07OIqYU%3D/,2005,https://publicaccess.ci.malibu.ca.us/onbase-portal/api/Document/AVux%C3%81OnpUjKwPyC3d8pLQK%C3%89n9Pcp3c3sgATs9oelctgAhTv0bmzOS7NMz0NFLwPV5J7%C3%81LeCWqXDPEwiaW%C3%89mhhhA%3D/,2005,,,,,,
4451015064,https://publicaccess.ci.malibu.ca.us/onbase-portal/api/Document/ATGRc5S7evWoxpzrRRhbD2uUzch8EaCtVn948prEUXO%C3%89ScWntJbo1y6GZRaCtUXTiE8dSWldpAjGL2FyTT34Y2U%3D/,2015,https://publicaccess.ci.malibu.ca.us/onbase-portal/api/Document/AdfnjaqJ05netrIhm02zyWvv39Ud0rNbZVeQ%C3%89A7E3tiH8AJNUeS1NOXjlN74h%C3%89%C3%890fJ7CJpIYkCVj4Y9%C3%811an444Y%3D/,2015,https://publicaccess.ci.malibu.ca.us/onbase-portal/api/Document/AYV2bFKRewxexHPjoWUdz51EF5uVBtjSs%C3%89T2txsP%C3%89sLUQPYkCkX0HcZHY6%C3%89MiPuv7zMGyzt9XHfrCgrM7Jn56iA%3D/,2015,,,,,,
4451015074,https://publicaccess.ci.malibu.ca.us/onbase-portal/api/Document/AfqGDoqXMSQnHT1zi%C3%89R3xM7WojtPrwYoMnyRnQRusllaisLTmOjB7XWVRW5wLpzkVK152x7Uz8LJZj%C3%816kahI6sY%3D/,1978,,,,,,,,,,
4451015075,https://publicaccess.ci.malibu.ca.us/onbase-portal/api/Document/AdJ9%C3%89D9kMFEQNjtsHU2Nalp5wUE0rKWtFyPadIuxq3qcY7vgue2hMQk12yhnVUGdWuyt7k3QrIv57aR7AXosEHc%3D/,2004,https://publicaccess.ci.malibu.ca.us/onbase-portal/api/Document/AZCu19JXBCglflv7I%C3%81BylfvZH87ApDqfncRzpusranMBrrGVamXl7FSCror2BzQh%C3%81xltGIVk6IuYoCWS2JKS45U%3D/,1994,https://publicaccess.ci.malibu.ca.us/onbase-portal/api/Document/AQd6CJKLZFpSHbSf%C3%81zrW5Ze6mQEWLqpDBCzgkYsRTVzW6nkrj3Af6yiEZDU6RKusyRpgyWr5f2C9McDixacAvmM%3D/,1994,,,,,,
4451015078,https://publicaccess.ci.malibu.ca.us/onbase-portal/api/Document/ASRv5pq894U1PAoAIYekzmuUNIlp6KNvlw118vXGKMOfn3oauT7bXnXsqP%C3%81x%C3%81MRI%C3%81E7NP2CAfJVifb736iXJHj0%3D/,1976,https://publicaccess.ci.malibu.ca.us/onbase-portal/api/Document/AXykkr%C3%81VGSWxDdZRbwyJD9SQC8uU%C3%81na5axlV49RpS783mA%C3%89ZjspCVMrrJda83ZlTQ9te5X8cm14lxr2J9G1Gfr0%3D/,1964,https://publicaccess.ci.malibu.ca.us/onbase-portal/api/Document/AREQZm0gf%C3%89bsF96hbPiwTpRdyj6MJIvk8cmPrFikEJB4uTt%C3%810571XW11X%C3%89Rg45nbrlbM%C3%81syu50CHrkCh%C3%81i1qrT8%3D/,1964,,,,,,
4451015079,https://publicaccess.ci.malibu.ca.us/onbase-portal/api/Document/AfV%C3%81%C3%81VH6DyTty8J3dCeayne9%C3%81nxD2oU3Q%C3%89KFR7FK5ie6z%C3%89014l4SwFp3YCOKZxpaoQCacIUK8I2bZwlRpVYHuJw%3D/,1996,https://publicaccess.ci.malibu.ca.us/onbase-portal/api/Document/AXyHXL8dGzSgf9EWc5WBz2uuV9vdlInCdofiovWynPKdvjVyFpl2l8b0ShrCbJdZMcLH%C3%81AeYyX4M179tsJCGImE%3D/,1995,,,,,,,,
4451015080,https://publicaccess.ci.malibu.ca.us/onbase-portal/api/Document/AfEyk84Z9EFM%C3%89%C3%89k3wSNBXEx1rfoDNmjlT%C3%89vnaeHsDGtEk4%C3%81y92tDP1J%C3%81f0EM1upIXkU%C3%814vMdVR8IZDAs%C3%81eq3zcc%3D/,2017,https://publicaccess.ci.malibu.ca.us/onbase-portal/api/Document/Aexa6Pm%C3%81WOifjKBkCwkGp0EyzaBLjdsgY83G99F8XfmR37IlltPZjL3cnZbsmugCaxOXEjYlpX8eomQlkVp0Aso%3D/,2016,https://publicaccess.ci.malibu.ca.us/onbase-portal/api/Document/Aez2T0O3Ry%C3%89WsiTWaey76rSgi5riE1zsoJ7MI1%C3%81q6v5uoArGQwW3Yh9KTgEfiihOCg4mHW0MotxMnfzBS1GV7fI%3D/,2016,,,,,,
4451015081,https://publicaccess.ci.malibu.ca.us/onbase-portal/api/Document/AQfKeNOOKVEjDkSMb%C3%81WTyupCMNDcvn2JECCenpO5RKgnzkNLS2y2vrVnfMcKwRQVjxKV1i68enak4r4NbhEK63k%3D/,1981,https://publicaccess.ci.malibu.ca.us/onbase-portal/api/Document/AWvhhfftTrnypoiIgFR1jptBL1dRPtfJttLKFc9OoPKGgeecZKgUTPmvrjE8rFBmOsQ3jJPuFkeZs1KgGgrp4ik%3D/,1981,https://publicaccess.ci.malibu.ca.us/onbase-portal/api/Document/AQBDWMdwtaJxwiUrviqTVxSpYhWKOBkS7m05NVIjuuJHCvcqnICZ6ToyfXfWz3Ox6IgLTACg3CxkPZ3dvJ9btO8%3D/,1981,,,,,,
4451015082,https://publicaccess.ci.malibu.ca.us/onbase-portal/api/Document/AZ%C3%897zTpo9KrFboU15cRzVCZZB452Pd4qYXWUADShQU5Irnu%C3%8941FKS2GntbgiEF4rHdJLY1IIRt%C3%892iBUdysOiKks%3D/,1993,https://publicaccess.ci.malibu.ca.us/onbase-portal/api/Document/ARLJJUWXinXDR62CapAKg8EsVe%C3%813fVgXJwNA3PcrODfdHnPpn4mvt8AzDxTeVP0fdb6xsi%C3%81eQjRl4jjcOL9UvYM%3D/,1980,https://publicaccess.ci.malibu.ca.us/onbase-portal/api/Document/AarZl24Twuk7oRo%C3%89fknt04lyTvOJN9bLjc0tKuhQnDHL2AmDcsYWFdum8MGZHJDOY%C3%89TnvqXk8J%C3%815gWrIpnAzkw4%3D/,1979,,,,,,
4451015083,https://publicaccess.ci.malibu.ca.us/onbase-portal/api/Document/AUdDn9Ynl36GW7X7VvQpkoywFVEpvmjpCyAaS03sp8AOncsJDtQBEep4B0k6jqOXpWWa36fiWwkD28G5iiUshtA%3D/,1996,https://publicaccess.ci.malibu.ca.us/onbase-portal/api/Document/ARUG2Uowk9pd4bzw02QpDS3KwEmuQMcNqG%C3%89GLUcPiFsq3Dp1zGlM54gtIPeSDq9AWWYzTBpfUV0GHXpRaiYRiQM%3D/,1996,https://publicaccess.ci.malibu.ca.us/onbase-portal/api/Document/AeshzpQvgCj2%C3%89b4HDfs8t0LBBjee5KlNusHWVNzd%C3%89r41TgaCIfqlSOk6lelDMnxuFx9lIMi94o0CHdXtV2aToug%3D/,1996,,,,,,
4451015084,https://publicaccess.ci.malibu.ca.us/onbase-portal/api/Document/Af8ECsCLVd%C3%81tGrdcUVwsssBteXP85RAHJfiCEG2G7uF83s%C3%89qtBLMQcq5JmhouIK0XsQTD1SmT6%C3%816vxnJkhg4v3M%3D/,1994,https://publicaccess.ci.malibu.ca.us/onbase-portal/api/Document/ASBkKLXiZpq9UsOWq4weJZOUE5KxA%C3%89Iq1D9kEPDGSdvpJPVZfKW4AKDWll%C3%89u%C3%89cGhM9hVIa%C3%89%C3%89gjwzo5CsrIiSwsY%3D/,1994,https://publicaccess.ci.malibu.ca.us/onbase-portal/api/Document/AXInbGpBsbvvH%C3%81n6aokJNFad2kWOb4FKqiObai6aLXlGDAzZ%C3%81mt74IXN0dOTo6Ot%C3%89UMXKpuXiCnXmPaVAc19HBc%3D/,1993,,,,,,
4451015087,https://publicaccess.ci.malibu.ca.us/onbase-portal/api/Document/Abc9dCC8Ldsy3goRkSY3QoIu1KqLlkwav1XlhuG8ymN7AP%C3%89i%C3%81EAAenIhQFj7s6Pn7FV1zDLc%C3%8157BybjPCW1KtYo%3D/,2015,,,,,,,,,,
4451015088,https://publicaccess.ci.malibu.ca.us/onbase-portal/api/Document/AbiO4UkIc7jaOVpl1%C3%89XcUDeXtyL%C3%89bzaMNgNs%C3%81C6oEWlnDumj9V7LLk0KMiQ4ewz3R1l84Ain%C3%81OcU6indI5kAGbY%3D/,2022,https://publicaccess.ci.malibu.ca.us/onbase-portal/api/Document/Adrut4afLUiisaQoljoH5zqviYqNDNS%C3%81ZfDX6%C3%89fpqxHa2XuMtmdzl2EHS7o8ZtYyeS6G%C3%8913%C3%81WxKZ1LjTg0dbbIU%3D/,2021,https://publicaccess.ci.malibu.ca.us/onbase-portal/api/Document/AS8%C3%89Gkrtr%C3%89w%C3%893QoeuCkie5GRmARYs423Nqgt%C3%89fiaHG5o%C3%89CQO%C3%89lSSGZvFh8CzWmfxkE7EgvthUYdfy6Fvoz%C3%892MrE%3D/,2017,,,,,,
4451015900,https://publicaccess.ci.malibu.ca.us/onbase-portal/api/Document/AW2L8Esg2BrH9yoXr8njHYhYlocWZHoYaK2w4NdMjW19FU52xlWGdh1jpp4XM6y7rkPRMB6m%C3%814WmmtIZ4gOHIRo%3D/,1974,https://publicaccess.ci.malibu.ca.us/onbase-portal/api/Document/AYiKtRYAnycg7eKlpWDmVt60o7pnxn%C3%81uD8Z8gTP8M%C3%81%C3%89jacPWM%C3%89HLfr%C3%81rcTyOBgEXe%C3%89q4SuZNQEWxp5Jltx6A1T4%3D/,1974,https://publicaccess.ci.malibu.ca.us/onbase-portal/api/Document/ARx3tsjrT%C3%8991mxtxhkaviDMdXMaYe%C3%81CbE6noN%C3%81gAF%C3%817toyId2mB8wnzrof23au%C3%89QyR%C3%89rbqoN5C9lfCkQozXk%C3%81mg%3D/,1974,,,,,,
4451015901,https://publicaccess.ci.malibu.ca.us/onbase-portal/api/Document/AdOPlacRFEgY5guRuRTRH1UnQDX9Ze%C3%89kMElxYcMe2F3bPcqh5ONPiwMgwNj1PuSdoaHNGsvtyBxkfxMYCEkpz0E%3D/,1980,https://publicaccess.ci.malibu.ca.us/onbase-portal/api/Document/AX7%C3%81UAAAIW0fjIhhkF1u8L5Ne3LvrYfOhBCAJMZYjbmltbzqb8YaDV7DwLIwauPSHifNeK3pQOwfugc72cmeemI%3D/,1980,https://publicaccess.ci.malibu.ca.us/onbase-portal/api/Document/AfkUb0cO4640ZsgEWO6EhzDdX40js%C3%81j2iaz4sotlcFnXmauaVyn9Xh5EpEan%C3%89TUfgXwXR8WLGLV1lLPguCPIpZU%3D/,1979,,,,,,
4451016001,https://publicaccess.ci.malibu.ca.us/onbase-portal/api/Document/ARHxX2QMTDGZLUTMNThaYn06dGV7XiJbQ1PsIFEbLuvvVVnMRoL5MXVdoJgeKTkN9UIJldrS%C3%89xyND8qxpX8BFl8%3D/,2019,https://publicaccess.ci.malibu.ca.us/onbase-portal/api/Document/AUw1XHU6rwvICKxLYnvhkD3kzyZoEOB5fcwdGhpsHzAd1JyqMnBCcIqTcEBxIFtkK0R60%C3%89RKJB5dJ67kiB9Md6Y%3D/,2019,https://publicaccess.ci.malibu.ca.us/onbase-portal/api/Document/AfOnbjLWAk2HEHJMaiOqElaDnZjoCrqT7rZnZPZ6RJREfNXsFxIizQ2LeUcr0bjc4GqS3dVV7UZUC4tYOstygMg%3D/,2018,,,,,,
4451016002,https://publicaccess.ci.malibu.ca.us/onbase-portal/api/Document/AdmuOES1FDqa315ApYxzbboTDI7wfA2w3C0R5vtBrUa4miS6wlZUzAaEBAYC%C3%89JTNSmUpTTH1hlilnHH7PXfWXE4%3D/,1996,https://publicaccess.ci.malibu.ca.us/onbase-portal/api/Document/AYkFQY4GTt3SbmMzWty%C3%893nYBllK5ysr1R5fJfRSMCJ%C3%81Fznd786aroV7X1pcjGKPWHTOC5pc%C3%89PCIKtWieDKKA0vw%3D/,1996,https://publicaccess.ci.malibu.ca.us/onbase-portal/api/Document/AYNoypvsWnS%C3%89WwaMSFwNMWcx80mqhsMudONRh0%C3%81Iel7MOFGPoRdc9DmZRn8XOb1dIs6PdktrqhGvVhXcCZotboI%3D/,1995,,,,,,
4451016007,https://publicaccess.ci.malibu.ca.us/onbase-portal/api/Document/ARQRTuwWKKW%C3%81tjJFRR5kdY7RR7LanKo87pwLbMGXvyxNkDgLF8wgs2G6zSCcYUIPzd42M3z03fbcuXQibxpVvCA%3D/,2026,https://publicaccess.ci.malibu.ca.us/onbase-portal/api/Document/AfgJOnp0albr3HxrVDhzJI6hcfYjGTO5vDBUWSYcE3yDe2zzQfGq4VhuUzFzzm2%C3%89Jn1UjUTJGlwYbRSwJyVJJmE%3D/,2025,https://publicaccess.ci.malibu.ca.us/onbase-portal/api/Document/AbrCkOb3aE5F%C3%81sAGEIYqbHNryKPACg9cJ50JC7qySqxcK4rsBID1S%C3%89uRWg47S2B0Z9OwbZ7wEEv5kuihr3bbH4s%3D/,2025,,,,,,
4451016008,https://publicaccess.ci.malibu.ca.us/onbase-portal/api/Document/AXjPEa3ZtJ8rfpOecb71elKwNRYNLbRQy4Q2eZJ%C3%895qnlMDpTKwdEy77%C3%81U4QCEtnC%C3%89MghNsCJ2RjjWTYjSaAvemw%3D/,1996,https://publicaccess.ci.malibu.ca.us/onbase-portal/api/Document/AVM1zrj23RuSRAUCDv34u%C3%89CWkE1HkiXiDGSc34k7MiJwd3yII8MTj82yOWI9E3J%C3%89nDpblHR6ANZL1zIK5slqq4Y%3D/,1995,https://publicaccess.ci.malibu.ca.us/onbase-portal/api/Document/Afnj18dDjPpNDk5F7DDZ7vqfkTQD69%C3%81LeBD988KNCBUq%C3%89iSvHjlfoqLht0Ll3iwmJ6%C3%89feeIRl2AhzILoDevHPJY%3D/,1994,,,,,,
4451016009,https://publicaccess.ci.malibu.ca.us/onbase-portal/api/Document/AXxPY45nL1ogsx%C3%81N6U46d4kI%C3%89uTHjvZQ8z45OXc3V7oaH8LY9eKTdqgjELXUL353Wjuendxo3ihd%C3%81LsirPKClHg%3D/,2000,https://publicaccess.ci.malibu.ca.us/onbase-portal/api/Document/Ae0Fj4S1f6PeOOJIar56FxDV4P4nz7LTFLcyTGsIItTEEgYWDDmVvQBK456vLO%C3%81BwMhGxGv1OUwd8zwh25wlQOU%3D/,2000,https://publicaccess.ci.malibu.ca.us/onbase-portal/api/Document/AeDeKNH4PztXAuFcC1hiFsdW5pWaFbbhGF652N1SZA%C3%81uU5GpYwsyHCPhj4mPOcxF%C3%89zwCXw%C3%81H1nYbsQGWb4Iflnk%3D/,1999,,,,,,
4451016010,https://publicaccess.ci.malibu.ca.us/onbase-portal/api/Document/ATEJ2hL7zeynZVCmBhAm6R5%C3%81Tj97SfoIK63OB0%C3%899uBqA0lpetrGYIO1ZcmXq2uyc%C3%812qrJnMu3U%C3%89Sxnp7THKAlZY%3D/,2026,https://publicaccess.ci.malibu.ca.us/onbase-portal/api/Document/ATOslISMPb6hTyYlPu9RcvXeZW48ilqJadyJvzdck5PVW%C3%89HgFPDPW916Wriwx456M2UNp839cFdJCmusKTqiFiA%3D/,2025,https://publicaccess.ci.malibu.ca.us/onbase-portal/api/Document/AWfLI58p88vKmVadDxB55acEuMYFEK4mk1KulqY6jdruQjus%C3%81IvFXZCGUE78KDjyyZcnU%C3%81WQxztltTPzFIdfNl8%3D/,1988,,,,,,
4451016011,https://publicaccess.ci.malibu.ca.us/onbase-portal/api/Document/Ae9p2jPojMelV6pQhhKq3FkfKoqZMFxuYhBy6KN9putUEsm%C3%81flfg0Cz0LvyxQcTaoAk7SOjI3NPC9EPxKq%C3%89txpw%3D/,1994,https://publicaccess.ci.malibu.ca.us/onbase-portal/api/Document/AaXfh%C3%89%C3%89ToJRKfcN0DpAh5HirqjdHMjc4s3BLaye1XxGJdkGrZLlLhBvt1DQzdXCAXmGF%C3%89VC15wtSTFdHK%C3%89zblzA%3D/,1993,https://publicaccess.ci.malibu.ca.us/onbase-portal/api/Document/ATlglOW5%C3%81uj2H%C3%897V9M9%C3%81o0v3OoqYHJ0BLKteL%C3%89J6WlaPdTBIdYt42pSrOtV1lvsBGJtZQukwAHhBRCbI8MzSIRY%3D/,1993,,,,,,
4451016015,https://publicaccess.ci.malibu.ca.us/onbase-portal/api/Document/Ac7MroOwspLa1KQdX2kqUgtiiPIH%C3%81FinIHOLHH2WxxtAk0V4TwZ9tLORj7TFHKfslK5mNYz4LZ97EUPIKACRmE8%3D/,2001,https://publicaccess.ci.malibu.ca.us/onbase-portal/api/Document/AWfhBWhbAYX3grIB9DRsJcD0%C3%89GxWO7cAYtrdSNfRmVaiYgDufVlbhWw4Z3MXgvEhgWvWJtzynOKdsocEuLavgDA%3D/,2000,https://publicaccess.ci.malibu.ca.us/onbase-portal/api/Document/AXMRiAe0edMWopZ8qFtxTQ6NRqWdjtR2NCSnFaRdMPF4VJFxhdnEu%C3%81Bm2GzJ7knjyTlvY%C3%81pt3zVvWR%C3%81dNKEJK%C3%81E%3D/,2000,,,,,,
4451016020,https://publicaccess.ci.malibu.ca.us/onbase-portal/api/Document/AU12ez%C3%8123IWrX1URq61yrmlzaLMaCcLeDKwSLDQPFtIK8KkDO1XJjp%C3%81NRCplByHxGW1PatLAyNjvCZnaIKCSAYI%3D/,2022,https://publicaccess.ci.malibu.ca.us/onbase-portal/api/Document/AUndkZ8%C3%89qdxZIMuBdHbB5o9m%C3%81sScePhyrLxWILlOQ%C3%81IqPWOcmzZ2KztXHMEotyJd1N3%C3%897b%C3%81LjGjHXEQaGcxLrIc%3D/,2021,https://publicaccess.ci.malibu.ca.us/onbase-portal/api/Document/AetWCIVniYrCC1p4N7rGy9PHAhh2GRYwK4LOJxUvBJv9nrZbce2BrxBH18VzOs%C3%89hfPJVp1JiH6zU13NgH0XJzp4%3D/,1995,,,,,,
4451016021,https://publicaccess.ci.malibu.ca.us/onbase-portal/api/Document/AVK%C3%89EaJ9XVEqg2KrHLTJktYBR5ezLCYinez%C3%81XAymyjesY1SMibaHS4tCCJwN97qqINBcYv58Zh5Q3vkNZXq2FXc%3D/,2026,,,,,,,,,,
4451016022,https://publicaccess.ci.malibu.ca.us/onbase-portal/api/Document/Acz4z79kGUP4NUJML4oSTpjwMZ6IubYmjZEvRlUiUKlX%C3%89jgafsLUQCUD5QMxaBOmsYQP666Z%C3%89QoKzF6aRBYPcVs%3D/,0,https://publicaccess.ci.malibu.ca.us/onbase-portal/api/Document/ARjCXbASZYvH4oag3HE6zL%C3%897cBnhr864Sbn%C3%811M9kvrzDPcipdXFNPcMv2cK1pDb7Z2QsEJCpzCwqxzN%C3%89iPiEPRA%3D/,0,https://publicaccess.ci.malibu.ca.us/onbase-portal/api/Document/AaNBtL%C3%89zIh7ibclXq6AjvWjDwtcEoR5vuRU2FZgH0IfEUd%C3%890G61uTBEQsW3pgam2cfy9HRbdVWyhS3AaJi%C3%892lsM%3D/,0,,,,,,
4451016023,https://publicaccess.ci.malibu.ca.us/onbase-portal/api/Document/AVGVjgFliglwIz7qHw45QuMpf98dflujsW8NQ%C3%81V4sEX7Wwv%C3%81PElPucp5Nb9Y9eQ1z6kjZvZhLyRAWsE3616A81c%3D/,2001,https://publicaccess.ci.malibu.ca.us/onbase-portal/api/Document/AR6e3uKcbrJU%C3%81nA%C3%81%C3%89PYx%C3%81XiRGXMubVV9tBEoCyxJ9b8U5WoniSBAA4Ielpf6xrrdH9vCxEK6c41Rt9dOyIDogi8%3D/,2001,,,,,,,,
4451016024,https://publicaccess.ci.malibu.ca.us/onbase-portal/api/Document/AdzIh35qh6zU%C3%81TraaMRunSXGtLkHAfSgEXmKpfHEEsE23iOgBnYVUa0i3XgtVoU%C3%89tI49kJPlwfNZ1sBQQLGbo3o%3D/,2011,https://publicaccess.ci.malibu.ca.us/onbase-portal/api/Document/Acbphw3mOPOAxGKdOCJsIu%C3%81VCA%C3%89oe1Ne3c3sEaNfCwxQEDlDGliPk1VntT2BwihtKfxncDPq7UETnQqM6t09IFo%3D/,2011,,,,,,,,
4451016025,https://publicaccess.ci.malibu.ca.us/onbase-portal/api/Document/ATShJaTI8WpObt8Tni0qyKXFKgmGFyNYFatEVJMd1K7j%C3%81SDj0pRUJqWWJcmFBH0Jo7yzUbeKV0yp9p65rqdiGgM%3D/,2012,https://publicaccess.ci.malibu.ca.us/onbase-portal/api/Document/AUMZl0hkcTR2tukfr5crtEzR8xXlL2%C3%894F4gCZuaQeLtS6cCZcqST3c2AUyX16ra%C3%81%C3%89BG9ePTwJVp5ilJmfY1FKHw%3D/,2012,https://publicaccess.ci.malibu.ca.us/onbase-portal/api/Document/AU6VAdeAWZa765%C3%89N7BZC60SEYBDtgYmE0uhvzc6kxEEEMToePbIE1H7Nle4CTUzJ1BLfSzPzpXEMs11kYTkzQ6A%3D/,2012,,,,,,
4451016027,https://publicaccess.ci.malibu.ca.us/onbase-portal/api/Document/AZVpqEZzMTpw10c0KCjRJO3dZ%C3%89k46DuXJMYGr9gLXgBk4prxJP5cSiLU0Gm0mi%C3%81ZsXkn7GgIyZCetBRyKcZkxa0%3D/,2013,https://publicaccess.ci.malibu.ca.us/onbase-portal/api/Document/ASLeptBOVehZHv1kgxeNbN7TVCicu3MHFi4bnxCxHWI8qTjo%C3%89PXd9ASM1VcBCwf10H7VSXivChgdbqAUHB8JRH4%3D/,2012,https://publicaccess.ci.malibu.ca.us/onbase-portal/api/Document/Aaft5Sgr16zMCnvUZ%C3%89Xa%C3%81zED1Vx0MAYXMxBzaV7M2rR6uov8HqWo2dWOx3thveK7qB%C3%81ZVlEa5eXFSoGSGyFvPR0%3D/,2012,,,,,,
4451016030,https://publicaccess.ci.malibu.ca.us/onbase-portal/api/Document/AfWA4bQQvINwI5NNy%C3%89MsUuWuZMaxmaH8CO5WauxiG6YGyHgTel4ZntVfHYpHmEh9yqVumJM8OLsu%C3%81kqP4NUeUkA%3D/,2026,https://publicaccess.ci.malibu.ca.us/onbase-portal/api/Document/AfHFw2DTdQyi1pcClIsYsl5oYlGn8H7AYW7OtLwLktNcHzk0uZp3iV7hvVRG2XCPdn1Dvx%C3%81uE%C3%89sr2lISdzveQ0w%3D/,1999,https://publicaccess.ci.malibu.ca.us/onbase-portal/api/Document/AQcl3%C3%819VlGROxFLU%C3%8906Hrh9k6YD5VE2oX%C3%81nsEonZB1Rm7gm9amJE9zUG1E7txGtF%C3%812vAbh9cvw%C3%81BjUHe0UlghlU%3D/,1998,,,,,,
4451016033,https://publicaccess.ci.malibu.ca.us/onbase-portal/api/Document/Acg6pQ7kwJvdy59Ad8UvZmRI%C3%894KCRvv%C3%895vT0JCviQrI%C3%89Bvpd0Ndc5AhGHUnJgbhveqgU23w5h9mZ1aurKWbAX3g%3D/,1994,https://publicaccess.ci.malibu.ca.us/onbase-portal/api/Document/AWNBGRDHL7olTiO9F%C3%89FdnN5NRYNe6Z%C3%81Qk7A4Su%C3%81xocyiUf%C3%89JBGS31Yg%C3%81bgu6Di0QuOnBRvkF0nkevuX7lzhDuKE%3D/,1994,https://publicaccess.ci.malibu.ca.us/onbase-portal/api/Document/AQJlKBuhUaz5PlyREYfd4Q9Wfi8icO%C3%818Jnm3uDIChsM10jZG0QBobBpAUc4rsAry3YVpc67oG1u06uMIuZE8bt0%3D/,1994,,,,,,
4451016034,https://publicaccess.ci.malibu.ca.us/onbase-portal/api/Document/AR31k8lFgBhvrH%C3%89aKCUPcsNa7fiUoSiHhZ4EosjyKUchAMk1zJpugB%C3%89ok2Q82iPVVKNBuR6FITcU%C3%812tssGDza8g%3D/,2021,https://publicaccess.ci.malibu.ca.us/onbase-portal/api/Document/AdcwNh8Rn1%C3%810AVs4HSY%C3%892E7kFl0eeJ61TY%C3%89R9f26Dt3KC9GlCgOi9ksDg%C3%81o9lRpq1%C3%89wPtB6Y2cH9P7t0x8r4Vss%3D/,2020,https://publicaccess.ci.malibu.ca.us/onbase-portal/api/Document/AfO8jaRjwCw%C3%89hyz6RE5A38qy6CzkDM0GGrV54aUJBqO5ndukUvs%C3%81xvhFJpFg9PChViYq2ZGpg%C3%81yete67%C3%81xoFbFQ%3D/,2020,,,,,,
4451016035,https://publicaccess.ci.malibu.ca.us/onbase-portal/api/Document/ATNPS%C3%81ANU3csUASUqsxiAbbIeY4PQLYyrH63POPmAVrF0r%C3%89EWoo1%C3%893R%C3%89RpfMrpmATVE1knUWX00EhKmJWw60Omk%3D/,1995,https://publicaccess.ci.malibu.ca.us/onbase-portal/api/Document/AQXHbiQA5Nqg83oHhvPOyo3g6EIfTrM2pLqpAgTpgpv2r7FuWq5E1xsDVmUoQmks%C3%814z75nTN%C3%81JmxO5mr2Hh%C3%81f3I%3D/,1995,https://publicaccess.ci.malibu.ca.us/onbase-portal/api/Document/AcLIb3mjlO8dIBnYcXNmSgE3kRoxO7OF9LrovLMCE7uAm%C3%81eLWej7b%C3%81x%C3%89t839x%C3%81TMZtdlOsnAeMFC3Ie5ZGJsAl0%3D/,1995,,,,,,
4451016036,https://publicaccess.ci.malibu.ca.us/onbase-portal/api/Document/AZGxxMh742cHz42cR%C3%89XkvGJvnzW6S1FnZ%C3%81%C3%81BhveomSoYkUH%C3%891dz3UhxAmhfvIt21H5v3lRmhc6Zr2eMu5MjUrMU%3D/,2018,https://publicaccess.ci.malibu.ca.us/onbase-portal/api/Document/Aa0gHyeISdZ1jTfrIQ18PALGjWvKIHf1qlgKAQWEL%C3%81vz1p3zJgWgAh9x%C3%81%C3%81yl9ckGLj42DjC%C3%81h3MuB85cI926DVs%3D/,2016,https://publicaccess.ci.malibu.ca.us/onbase-portal/api/Document/Ab9zmrDGYpQGa6yWtKuyCxG%C3%89eEKgc3QK2uu6HxHaZWBgDdomZsPeldn%C3%816l%C3%81aEjxq1h%C3%81yCXoJ0lZXn%C3%89yddjlBYRk%3D/,2014,,,,,,
4451016037,https://publicaccess.ci.malibu.ca.us/onbase-portal/api/Document/Aa9GerrUT3AiM39CIKDiF51zJERgJKjAT7LVfqZhkdGd%C3%81YgwRKf%C3%81KDf%C3%81ocxQryH68QZ5u0usuEvoVIrzMum9fpE%3D/,2026,https://publicaccess.ci.malibu.ca.us/onbase-portal/api/Document/AZbM1DXsMnPOMeSTx8uA%C3%89X4Qh6IYq6zn7aIMovJYQZ1Pi0tqRxGn8626cc5yjNz7VOSIpa2wCar3P1VESnLMnmU%3D/,2026,https://publicaccess.ci.malibu.ca.us/onbase-portal/api/Document/AYpC4C9EE9cJVFQuMSSTsiOY%C3%89wD%C3%81hA4ycYkzrQMRp0DPzcdVj5r0j%C3%89csx0fhg2j159vnyHqy9T4%C3%8930vXU80WEfM%3D/,2025,,,,,,
4451016038,https://publicaccess.ci.malibu.ca.us/onbase-portal/api/Document/AVaupEBIq3asfj3bXd1oAUO%C3%89KsL2t2s5K9rtiZgfWli7TAYLAUCIcokiumb5jvGDR1DzSoVPtb5uw%C3%89N5b9qCFQs%3D/,2022,https://publicaccess.ci.malibu.ca.us/onbase-portal/api/Document/AVCFR42kzIsKbeEt3cBCMq4Fx%C3%814%C3%81QVbh%C3%81yzaX1xyT5FKAilIbhdWJK%C3%89DX%C3%81Luoi%C3%81oRHmEErui7wC3VclmTGZrwx4%3D/,2021,https://publicaccess.ci.malibu.ca.us/onbase-portal/api/Document/AZNDPdtamaPVO6i0w23G3MJc%C3%89p13V8Z6Mgq3cMp5D8rg%C3%893H%C3%8952aO096FVC6ExBAFdaxEKYr6rgPNzzLUpPIwgxM%3D/,2021,,,,,,
4451016039,https://publicaccess.ci.malibu.ca.us/onbase-portal/api/Document/AWsDkOD2xbeiBuoCA955cftkzl3n8EjZW%C3%89VHUyyrbucww8I4HJ3tIyEty1IuJQGNyH8QTJHrG3cmXJWEGowr3yU%3D/,1998,,,,,,,,,,
4451016044,https://publicaccess.ci.malibu.ca.us/onbase-portal/api/Document/ARE1bp1rlVkCBPuQj5lfd44Z47YcKs4x10gIBjjfz4SdEH9rGOiDpXDbwHn3SXQIJjxcDSTTeCJ4sYXnR9VlMLQ%3D/,2001,https://publicaccess.ci.malibu.ca.us/onbase-portal/api/Document/ARNBiQRf%C3%89Q7ifQkg9vXc1%C3%816fTTuDkFpm%C3%89seo8BY2zIb83CqGTsYS9hqhvuMojsgTJQeGfyr3wbUedPctclpUMGE%3D/,2000,https://publicaccess.ci.malibu.ca.us/onbase-portal/api/Document/AQmtlaep3KqLW1NMxMcE67IrIMfr7MUH%C3%81xWIqXfr9ZszgVVSFE7Xl1uceGC7E6Vkkn5as6Fd%C3%81umUlBLu2e%C3%81JrQU%3D/,1996,,,,,,
4451016055,https://publicaccess.ci.malibu.ca.us/onbase-portal/api/Document/AbiGsc%C3%89a%C3%819%C3%89bi7oQOMseQntKsHRIjTEzZZC9T4eQslYG7nI5vKp%C3%81QJ2jH5UwH4t1fh1xZ7EqRhbxKdQc%C3%89iseh2w%3D/,1995,https://publicaccess.ci.malibu.ca.us/onbase-portal/api/Document/AQ2DUaVAlF1%C3%81uB1kkOOzB0aqGDZ1vpAbE%C3%81HDlup5feQOp5Wy1KV9UtnQDfFd2FFlM7usrWBJLsth894N1muZVgg%3D/,1994,https://publicaccess.ci.malibu.ca.us/onbase-portal/api/Document/AbcnaS65r6Ts%C3%89KCXCzmTy7fknwHNkFzfuVVOlCYXV74Q41NuJCEZiTeMoml2%C3%89v1ivJBnj73sTxwSDMpP0NFNEnY%3D/,1994,,,,,,
4451016056,https://publicaccess.ci.malibu.ca.us/onbase-portal/api/Document/ASPGzQ8reXowOvdPyydKwjjhs4qjK0%C3%81NStmvqJhTTDAif8z9FokLT%C3%81I%C3%81bnK6cSmCsFQKWxlssK0HIqU7bvLvPr4%3D/,2020,https://publicaccess.ci.malibu.ca.us/onbase-portal/api/Document/AQA9Gy0AalyUJZ572D9ksQlMsGa12jetc4eJtwTx%C3%897xTY%C3%89AXyM3QWAayP%C3%893W6vBmcLLfdqRQzt8AiBznTvbEbkI%3D/,2018,https://publicaccess.ci.malibu.ca.us/onbase-portal/api/Document/AQ%C3%81GuvULCXy7q6Aqnd6VElj3p1%C3%81OF2rmvzznmjiuN7I5bkL%C3%81jS0w0PxtbEufyxYjVAhIfkRhgdiPJxQ3W%C3%812N7fo%3D/,2018,,,,,,
4451017014,https://publicaccess.ci.malibu.ca.us/onbase-portal/api/Document/Aeo180411a4WL56OqduMFpZAr3h4CeMXQdRwUCz3d0%C3%817MVoyEnLwwFyogyFkRuALEfGhmjNZdhlggErRLmi542o%3D/,1999,https://publicaccess.ci.malibu.ca.us/onbase-portal/api/Document/AZfy7jWlrndRsYNN1MjrIVwsSFLMJMolnt%C3%89gzx08FUQMsyHZDMJxEPCCjTTSCBYJyNixZNjvISSQbgiopMErm5g%3D/,1999,https://publicaccess.ci.malibu.ca.us/onbase-portal/api/Document/AUa4M%C3%81giYrUGRLXkmoPIw8T4jd%C3%81o%C3%817y86Nw05T5RsaVjsjm5THeNBpfuCp7lGT8XTlzZMiwX2AXUH5hk79PhZbs%3D/,1999,,,,,,
4451017018,https://publicaccess.ci.malibu.ca.us/onbase-portal/api/Document/AWM2oQDuqDFi4IpGv%C3%89SqSDmZw5mJYoQPnO3Kft9jROKQMdhOHOXmNusakB1FqBCWP75kyk%C3%81qfyGjrJnH3EhTxaQ%3D/,1991,https://publicaccess.ci.malibu.ca.us/onbase-portal/api/Document/AQ4tKUlkrC2Q4uKEB1gYehcEwYCX4QPlko277O1xGmrUJyDjl4yNcSdhUwSHkPGZxzbZGhfU8fi8fY9a7bRdhQI%3D/,1991,https://publicaccess.ci.malibu.ca.us/onbase-portal/api/Document/AabHYAH9%C3%81jaJonZnkIteK9MQ%C3%81LU%C3%81%C3%81qPzhkAjEm0Tm6QKLisHbeSpzgeR1Vg3lPgpq97kXn7u3YWA2U7b8o6QbrM%3D/,1990,,,,,,
4451017024,https://publicaccess.ci.malibu.ca.us/onbase-portal/api/Document/AdCRPpu%C3%891%C3%89lvQG0dP5BJJKLfBdPqDdNQrsbK210SHyRqCEuyBGt2igTRnaQIyA9WuBpqsG4GJHHSKNVOXje0llc%3D/,1978,,,,,,,,,,
4451017026,https://publicaccess.ci.malibu.ca.us/onbase-portal/api/Document/AWY1kJuXF9S5jAi%C3%81%C3%89%C3%89x1PyqUFw8B1s49ufCwL3tWM2W5h0%C3%81BFsy3aEdiQkqrBS%C3%81K%C3%89L2v0t6F8P2MNMkq8e%C3%8995FM%3D/,1996,https://publicaccess.ci.malibu.ca.us/onbase-portal/api/Document/AW96rRW01DoVZNTjHxYjq82WxXYD6ZxiPbLOKkxY38IPCi65f5Nn4NyHHaxfenU%C3%89XtVFvR%C3%89rc1gcoa5srbeVHDU%3D/,1996,,,,,,,,
4451017027,https://publicaccess.ci.malibu.ca.us/onbase-portal/api/Document/AQEcDhXP%C3%899EcS66PYc5cQ8LyWNyk9HY44EF1c3wM9G5Sr2Sy2cJWSBStoENfmk5u%C3%89%C3%89bo41FB2EillBRNLRJaaLU%3D/,1989,https://publicaccess.ci.malibu.ca.us/onbase-portal/api/Document/ATzh8AziAFnaKu%C3%89AOpo5sZRmPrplZn%C3%89BfjVBIm%C3%89NVTXSYDgBYkl2AItNjyk1R7qMOkPUIQzCARClDrzylGVAOhY%3D/,1989,,,,,,,,
4451017028,https://publicaccess.ci.malibu.ca.us/onbase-portal/api/Document/ASRt407h3eJ8dO%C3%891pYKuKhQae0O7fuuySenu%C3%81S9LK0PpEAQVZujnbUbJJinHvzUTe8b1WhyU%C3%81A32cfg59z0MogA%3D/,1988,,,,,,,,,,
4451017031,https://publicaccess.ci.malibu.ca.us/onbase-portal/api/Document/ARF3RJeEFlpaRhJ%C3%898F7%C3%89t%C3%89hOM2PuKYWHz5beNVrSSwpFzj3grFkTPmTsqR4oJg4npWfl%C3%89TwvlOPY1EBMSdwHq9Q%3D/,2009,https://publicaccess.ci.malibu.ca.us/onbase-portal/api/Document/ARpdSPxt%C3%89BTwSHr8%C3%89Ux%C3%81c24uyYBtz0XQgiYKjqbICxb0A0qb1EPtagbpCr2JS2Lf7G768B%C3%89%C3%898UVFERSbUhL5N0U%3D/,2009,https://publicaccess.ci.malibu.ca.us/onbase-portal/api/Document/ASjwXdz093zhueNmtHP9%C3%813zwA048yJKjM%C3%81shHjrFjWCkABg26fs9gHezQawRlJOk6P4swUCb%C3%81f9VvQp%C3%89mAoxFHg%3D/,2009,,,,,,
4451017032,https://publicaccess.ci.malibu.ca.us/onbase-portal/api/Document/AfTwK5vCAGNUGZTxws25vq3LebOlhOTEGSCAOF%C3%89FStrjgGwrrmX5biygH44tQoNcIq5BKdAWypbZEYhyt%C3%89GnyX0%3D/,2014,https://publicaccess.ci.malibu.ca.us/onbase-portal/api/Document/ATeiau5WhGO3iSIuWzpL3SB9D6lpneiK2o58NMS7sPl1Df1B1sGNgsctUKCATFvN9lRplpKGQa4kKmhClQ3wlfY%3D/,2014,https://publicaccess.ci.malibu.ca.us/onbase-portal/api/Document/AYvtZcT6uYIjmUUt7Q7%C3%893DBMnwzaFfMMbbAcnOp2NOOVQe2KX11stE6YOUNaXVqRIKSpvwe4GUsWt8hRCRLx7Qw%3D/,2014,,,,,,
4451017036,https://publicaccess.ci.malibu.ca.us/onbase-portal/api/Document/AcZ33qm%C3%894akNrWs5T%C3%89pTdMIpsCDn8wYwpege4ke0bweR9Bi86AdHmB8s1PIRfF51h2TzlqcmAJxGsMtFSVNQj24%3D/,1994,https://publicaccess.ci.malibu.ca.us/onbase-portal/api/Document/ATNwCTgj%C3%89htuL05haIS3gp94wPmPTW2yMfZdjauFu95zlVIY1j%C3%81wGne%C3%89qxbK%C3%813yMwmG%C3%89xEdLPWrNc43pU8zOGc4%3D/,1994,https://publicaccess.ci.malibu.ca.us/onbase-portal/api/Document/AUPEqh6wjBRsCf01I%C3%81hB7pKAew9K4B9JCWYDh%C3%81QyL7o2POApEzA2LT8hcG0BzDoBswGyy0AIEth8U%C3%81fW%C3%81YVyQTk%3D/,1994,,,,,,
4451017037,https://publicaccess.ci.malibu.ca.us/onbase-portal/api/Document/AXFv2xzrynJO%C3%89tmItEE0bnBqMBhhcOceeqHVCk6OwGxIJ04tNerf0EOyz%C3%89wlUY2SyZnAKb5Cjbk1a7s6Lql5csI%3D/,1996,https://publicaccess.ci.malibu.ca.us/onbase-portal/api/Document/AYBZUlD5T6LDSgL9beP816ize9jnNY2CjQIsyPer2hDsOEz5SROEbrLy6%C3%81WVH72Xt8CI9pOfjBAh9irL0GEc3dg%3D/,1995,https://publicaccess.ci.malibu.ca.us/onbase-portal/api/Document/AT3dpIbldtsusEj4TsKu5FagZoD8LM39VjmADjwxI0VjlbZXyfg%C3%8164PJOnydgz9Zm5oewxjXyQpG1uuUwCTcqfU%3D/,1995,,,,,,
4451017038,https://publicaccess.ci.malibu.ca.us/onbase-portal/api/Document/ASNke7mJduUF5aTZoLCocFifJrhUMyhygrAx0g87Er8clawPvZXHbPnd0K2V3SfTYN2gncqa4JOsNuoyh1FrBws%3D/,2020,https://publicaccess.ci.malibu.ca.us/onbase-portal/api/Document/AbUgIT0dxuIh2IQCjYDuB9YKRjXDzFxYDybRxR39mPG21YBy3%C3%89ym2vi4xbfl4RgzkkGqjBSh%C3%89OUVNSXtOcYEwPg%3D/,2017,https://publicaccess.ci.malibu.ca.us/onbase-portal/api/Document/ARJJQ4sDPjOlJOkaIpZT0HbDrDhl7s4jL1CLN3Kkn8gQnpOd7oDB7JKABT0IKxQwFHDB8BGzO14KfC11epU4iMA%3D/,2016,,,,,,
4451017039,https://publicaccess.ci.malibu.ca.us/onbase-portal/api/Document/AQAeFCsyjeWaOJr1owfQhBMjPCj5jS%C3%81QReqAtpSzrDX0LGg3rgut7pxmqZADv3Ri8vFaDvA3zhgT0Tl%C3%81PWrJThg%3D/,2022,https://publicaccess.ci.malibu.ca.us/onbase-portal/api/Document/AeYFz97VWut0LxRfsL5QasIjGc7tmONZmxB7BvOJR9dYGAl%C3%81GSYwl%C3%89B3N8%C3%89Xz7PwhbG4C%C3%89dAY82kecvONn1qGR4%3D/,2022,https://publicaccess.ci.malibu.ca.us/onbase-portal/api/Document/AYdUPgxrB80lhh4okm5lzKYIuOg19OlaMbcvVAn3%C3%81L4UAXSgpgbpvyberL7QmDN7KRulp18qseuQFyq2VR5gons%3D/,2022,,,,,,
4451017040,https://publicaccess.ci.malibu.ca.us/onbase-portal/api/Document/AQjrDHqU%C3%89kTQ129sOgdI%C3%8947tGpSo9fPVnSZngVVpV7OuSX4Hfffj4MHluJS59azrd%C3%89zPPdt6WmQ6CsD5G%C3%81Sj8hk%3D/,2011,https://publicaccess.ci.malibu.ca.us/onbase-portal/api/Document/ARtdTkv2UugsqmQ6E4GUuriiNe3c7u1xAgxyYECxts2Ie08TgQ9G2UUMvWV3bMkob9LECXjnciRQ4dLw6seaDqA%3D/,2011,https://publicaccess.ci.malibu.ca.us/onbase-portal/api/Document/AZNvxqG%C3%89VVNmq1nYmdRe3meGXu4VewiOC8WhjzUDlBgZGuTHTetbAWbcEgE6VNQGLsCPe%C3%81tW7%C3%81LjzD%C3%899j37Ma7Y%3D/,2010,,,,,,
4451017041,https://publicaccess.ci.malibu.ca.us/onbase-portal/api/Document/AWYKXNapQx8GxqYJFnDova98nANNK3jtkD4GNWC2ojXAEn%C3%81MnbffONIPXiArlaw1bniJe1T00vjWF48HMo8Wquk%3D/,1995,https://publicaccess.ci.malibu.ca.us/onbase-portal/api/Document/AeoteFmdnlEjk4gRrTiJnlO8yLeTgFpHHPiSbJ8vdRWsDQDIHz%C3%89%C3%81inO9%C3%81nxYpITuOVNlbf4fi%C3%81NMUavsM3qsdfI%3D/,1995,https://publicaccess.ci.malibu.ca.us/onbase-portal/api/Document/AUIb5Z3e4xJuHD6M24JTULH7HunKLeVRUmszNTlQXiLSEqS6IOj7AFvmj0ZLcvlMNB7SmFAlwciywz7cclepy%C3%89I%3D/,1994,,,,,,
4451017044,https://publicaccess.ci.malibu.ca.us/onbase-portal/api/Document/AcPkqxWca0kribD9qfompCMAofk7aboUVE47bK9XGxSKQbM5H0ZBhZNBhGEFOaPOnqfRAl6SnKOeRmH8MRl%C3%81%C3%892U%3D/,2000,,,,,,,,,,
4451017047,https://publicaccess.ci.malibu.ca.us/onbase-portal/api/Document/Ae9NU6RsGolLENKj7k0pVsNTj3%C3%89dawP4GtgsfwjPZxVl7Y3uOnzWtXoQGtdZ2dVBDjLdSZZBncnM%C3%81Aoz6%C3%81eZ9uE%3D/,2026,https://publicaccess.ci.malibu.ca.us/onbase-portal/api/Document/Aa0gvPpdFjifbbuEw8lUQB8VC2A9VVOkwi23aG%C3%89itQCVkC142cBF439zgmReaWeCXyFg02oVL9B9NFA8ozXB34w%3D/,2025,https://publicaccess.ci.malibu.ca.us/onbase-portal/api/Document/AWoidCNv5o7YSTuOJ5MPl2AuM79ivgAa5RRVhU1KC71Q4gJzPr6BKHa%C3%89zhm19lizn%C3%89Ljj%C3%89d3iogA23viUYv4M0w%3D/,2025,,,,,,
4451017049,https://publicaccess.ci.malibu.ca.us/onbase-portal/api/Document/AYApUH6QCj3B0raNQXAmXgB9oPtoI%C3%81mtc771HFF%C3%81sM8e3OLIh8ZBRV%C3%81w2HgPN5GhrIHxiAXQDueKgcH2k55pP98%3D/,2011,https://publicaccess.ci.malibu.ca.us/onbase-portal/api/Document/AaQf3WI84ueMuhg1hGz9UqNAVJ4w%C3%81DucIwbVlTKlVL0G7J6hYq3bV1tj90CQbEgP7R8sb9b%C3%89QIE48PayWi%C3%81zPL4%3D/,2006,https://publicaccess.ci.malibu.ca.us/onbase-portal/api/Document/AYMBzmyH%C3%81MV%C3%81QGfoLI5RCniGk0mnRuHDFZXrOWSNRNMwgBMQokCwGdDrdoa%C3%89v1FvzWgh8nAtrlYTmy1AOJQDvn4%3D/,0,,,,,,
4451017050,https://publicaccess.ci.malibu.ca.us/onbase-portal/api/Document/AVPBGjMzsaF2RfJA6bQlqWoNQzfuyW4t9FrGMfLREoS0cBsaxXTMDcs6DbB1UysYZIGUWDcIAHDqgu2ZGmyNc5o%3D/,2013,https://publicaccess.ci.malibu.ca.us/onbase-portal/api/Document/AdhOEu90HXap4rowgwf86W5dFni8tOVAs88AChUl%C3%89AaFWIuSsYTKxRS%C3%81yR5Yg%C3%81fOPOOpvF3z45jO%C3%89dd5UHWCnfI%3D/,2012,https://publicaccess.ci.malibu.ca.us/onbase-portal/api/Document/Aa7%C3%81eQx%C3%895Z8QTdp57Lbr3aioSrWvQ69m1P5RvObXSMJqrQVtNX8HewAEABuQZKe6ZCMOkZhBpv2Qp79WGHRcW9s%3D/,2012,,,,,,
4451018005,https://publicaccess.ci.malibu.ca.us/onbase-portal/api/Document/AQerGUgu9EEaYXae9jMR5vAEkW4DuqBVVAyZZv%C3%81WfDJ6%C3%818MWEtBp8fvGhmhc5YzEaPZXeG4LduWu6ol9SThDK80%3D/,1998,https://publicaccess.ci.malibu.ca.us/onbase-portal/api/Document/ASpTiPToxif9is0hNHo4%C3%812LHsQ8j06fpPd%C3%81KMHERZsd%C3%89s43ii1jdwgFTW7z8QBPZJFBE7cuULFgaZNyXAc%C3%89WIiU%3D/,1998,https://publicaccess.ci.malibu.ca.us/onbase-portal/api/Document/AeaS2r%C3%81gE11ABgN0GGUNcPYa%C3%81mwcJwJz6YwJPpb40fLBFiXIfct5Bdh%C3%89glAh2PPXcu%C3%892zMTh2IPdayPUCfQVXrI%3D/,1998,,,,,,
4451018006,https://publicaccess.ci.malibu.ca.us/onbase-portal/api/Document/AZrv5ey4Bif%C3%81HZGYzROfmSwe93c86g%C3%892wvHBIhF68Px69Q%C3%89IQnHz5aq%C3%898dRdcmJmxoCI9L%C3%81DJO8RenCi8ztjs7k%3D/,1999,https://publicaccess.ci.malibu.ca.us/onbase-portal/api/Document/AQBunw%C3%81Y85DGulE1aVuY0HsrupvDb%C3%81hqdPJs%C3%896jdKZmoJMKooTp%C3%895xoH4esvijI%C3%81NFJGCSyOlesxu0ITrt1W%C3%81Fk%3D/,1999,https://publicaccess.ci.malibu.ca.us/onbase-portal/api/Document/Ac4m4nFB9rFSDZkh6sA%C3%89BjHeUGmutGzveP%C3%89tCLu7PmFPkp%C3%898MBZzj6kGdlIhmukbPnUXWXYrNVVF40PbQUKbKrI%3D/,1999,,,,,,
4451018007,https://publicaccess.ci.malibu.ca.us/onbase-portal/api/Document/Ac2OwtJt879%C3%89xK44p1pqiiyEyyimEjDqfMHXI83uKpDEi4Y4tjLI8SHXroFsMlEvCgA07KLQRT%C3%81oxvR%C3%89%C3%81OcnLOM%3D/,2025,https://publicaccess.ci.malibu.ca.us/onbase-portal/api/Document/AZxeq5jm9YiQ9Gprt4R%C3%81ypyPV32R7De8Y68byFdLFm5Q5Bt%C3%89ghsSrs2Fcl0C%C3%89RBnA%C3%89DSX0ctrFUtpqeVOH25LyU%3D/,2025,https://publicaccess.ci.malibu.ca.us/onbase-portal/api/Document/AYGmq8OJwG9UiyzWgXTLDIxhyNDTn%C3%89i%C3%89jf2DINOM%C3%81ekxiY3BOxO%C3%89Hk04Pxcr2xQ1aU69vPb3w3qvTjB5H%C3%89Fu7Zc%3D/,2001,,,,,,
4451018008,https://publicaccess.ci.malibu.ca.us/onbase-portal/api/Document/ATdIU0ABmzuWpOkn%C3%81wCAgTl90CetI9ansO1ZEBaXil2MVqYw5%C3%81WyXbTQkJwad3lYPNXvDTiDAqCf2eJ1K3USluY%3D/,1999,https://publicaccess.ci.malibu.ca.us/onbase-portal/api/Document/AY9kFCivk7kmRd3YqOKqqGwpCh6%C3%818VAurbAjc8ZVIR79SAKolF6uCwwOvsRXvzO%C3%89piyXbGYpPYpWpwbu1TOtOZA%3D/,1999,https://publicaccess.ci.malibu.ca.us/onbase-portal/api/Document/AX7HeGP9sBV4zyhjQisTQQA%C3%81yUKvgThkxornn4MjObdf%C3%89Zn%C3%816Don%C3%81iukBfQgZxxj8VmdI9YothyLsNGUdJNyPYI%3D/,1999,,,,,,
4451018009,https://publicaccess.ci.malibu.ca.us/onbase-portal/api/Document/ASh1Sny1c1j%C3%813Oo6sFiTvOUW6CBHiLyWZ0nuzx49cMCfToK5XlEMqXQnGuh9eDxMTkWklw8pp44L6rrYhnYTZsU%3D/,2001,https://publicaccess.ci.malibu.ca.us/onbase-portal/api/Document/AeJ468jnc58oC7hgtHh38xhTEsS3A0KuoxQf13orNPa3JdW7oJhGPm4FCVF0rm0trorP9dzcKX1e5MCDvn3I7jQ%3D/,1999,https://publicaccess.ci.malibu.ca.us/onbase-portal/api/Document/AeMlcg6fGiSHmaEE7UEzAObdf7nuxrsACmwyAoN0nHS0yIJFExiBqpLJyx2oK%C3%89QBt5ixw0ni8x%C3%81y4Gq6dvpFIhY%3D/,1999,,,,,,
4451018010,https://publicaccess.ci.malibu.ca.us/onbase-portal/api/Document/AdU%C3%89j%C3%819pUrd3Va6mv3BmE08c4x4lRJz5znTvH9V8Vz8cacYDgqmxj%C3%81BkWwYycTbwOe1%C3%89ieMs5HKP0sdIH%C3%81R8OtE%3D/,2001,https://publicaccess.ci.malibu.ca.us/onbase-portal/api/Document/ARKC61ejwMSSswM55i594frhng9LN0o%C3%89iLOb1%C3%89CLEZGDkLTlynEaF7mRaqte9Q8mccYnBNfIQZNK7T6w3GNR6ss%3D/,2001,https://publicaccess.ci.malibu.ca.us/onbase-portal/api/Document/AaQApI7OLMRiKKwQJQBdj0b4KRMSQP82VFt5a94dhZDVlOPFvUs%C3%89ylXT0JksCmE%C3%89JpOHF0jZgQbIbU92qgMi6ZQ%3D/,1999,,,,,,
4451018011,https://publicaccess.ci.malibu.ca.us/onbase-portal/api/Document/ARC7AfuBjqRga6PVrK0XHvlr6nQY3nbu9VP9zeEtqQ66L8AoW4FsraKMX0GIZq5hyCKoX8TqS828TMzO%C3%81B6U%C3%89Pw%3D/,1994,https://publicaccess.ci.malibu.ca.us/onbase-portal/api/Document/ASjY6KM%C3%81utpzNbFtx9w9R63E360cgltlraocirKstHKK3rO%C3%89Dhm9GsiaiifOq7j%C3%811eKlne2N21y1vkTevCuxZxY%3D/,1994,,,,,,,,
4451018012,https://publicaccess.ci.malibu.ca.us/onbase-portal/api/Document/Afq6xlmWukUU6C0HQ2sog1sn%C3%890MDQDB8wI3zY%C3%81cWoffFPIFU6mZxvih3Q%C3%8180o3o1DuB1Q77lyQtpwaLPj6gidd4%3D/,1998,https://publicaccess.ci.malibu.ca.us/onbase-portal/api/Document/Afu08G9AewaG3M6lIN%C3%89rd%C3%89LfECt3Xio9Fi%C3%89V4FHHaQuTY1XGQqs4HxkHBKeZl41%C3%81f2nvBTVKn6KdsFJkfs29ECw%3D/,1998,https://publicaccess.ci.malibu.ca.us/onbase-portal/api/Document/AVXXX8ayr%C3%897w8mEkBJnvKsOAQbkv%C3%89Dm4w5O75tmRNJ0vI3ZUqxWZE6axmZ63augbSxWJkFqyRDGbDl1408bQHHM%3D/,1998,,,,,,
4451018013,https://publicaccess.ci.malibu.ca.us/onbase-portal/api/Document/AThKjDdj2ZAmqtqHOVpFhbZ5xflYLfTH4WrnxqG3Cpc8547APS3WQsA6%C3%81g4X91IlaqDiT0a2dcK9ck0wb56M5zM%3D/,1999,https://publicaccess.ci.malibu.ca.us/onbase-portal/api/Document/AdlrVRhslENfZEjeE7Q%C3%81TzJDR5z2y3P5kHjDD5iVCzNW5wpXRKMnA5lwproxXTU%C3%81B1xUWDRUoNb6xjL4SLOST6A%3D/,1998,https://publicaccess.ci.malibu.ca.us/onbase-portal/api/Document/Af%C3%899fZrm7YCOWUKKEndat7LkJ9aDpOWRy%C3%811bZnIz8Gqhu6vuSGht3B4th0ab1gUuLC3M8P1RGds7f4%C3%81KFSn8uH0%3D/,1996,,,,,,
4451018014,https://publicaccess.ci.malibu.ca.us/onbase-portal/api/Document/ASBfflYuiXgKPeOPdmQgCQ8NEIkhyAH1icLngKCjOjiJmDvSBggKx2psOZ0vp3cDvw3Z1XGVe1xmf8l4gHdukE4%3D/,1997,https://publicaccess.ci.malibu.ca.us/onbase-portal/api/Document/AUpwMGyDj67ngAM87Kt9AzHz6GJvt6g3QP0usdgGipU65bVybCcQs4fKYyjDobaiPAbZIraVIoD1RUn9oGNgfNQ%3D/,1997,https://publicaccess.ci.malibu.ca.us/onbase-portal/api/Document/AQvJ0sbgNIgaDopsJBGWrgeFsJciS3VUyLhmFUCLROqPc619Er5pY7Y9agIBzoTgmveK23%C3%81sBfmeF4TsJNWKQwM%3D/,1994,,,,,,
4451018015,https://publicaccess.ci.malibu.ca.us/onbase-portal/api/Document/Aei6qT%C3%89tRcySEN55nKRZkbbyioOUXfwid0yAoveht3JXgMpOlRrvy9zIZW0FWeUoRe1vVcJdaCRhy7rkSIXS%C3%89mM%3D/,2002,https://publicaccess.ci.malibu.ca.us/onbase-portal/api/Document/AYzEVEzSwbbfc7qlRvF56ojcMK5tVd%C3%89fQLJGWcEmlPXYJYF2j1sCRK7EKO9BI6TdylzlwwpFlGBp%C3%81LhlY87lUR0%3D/,2002,https://publicaccess.ci.malibu.ca.us/onbase-portal/api/Document/AWoTC7kLTO4VoWq4Cxx1KQOP0fmiNVaaLfzqu9lyo7e5RAKkI9jOIBdD8JTaVuiT7%C3%89PyUW%C3%81bhB2SRmOHdwRx7%C3%81A%3D/,2002,,,,,,
4451018020,https://publicaccess.ci.malibu.ca.us/onbase-portal/api/Document/ATUKjqsY44qmF9rfqLq92hBWafWtiIqLSmm1yGQtl274MSnFqGMRROfgNEODbmDGTEHRvGo%C3%89xgfT5WT%C3%81KQK%C3%81Fyc%3D/,1994,https://publicaccess.ci.malibu.ca.us/onbase-portal/api/Document/ATLgMWXfsYfknF7xqf46RDoiHwI4oSmMMr8Ll3pT3l%C3%89DBN8EjXyMjKQMNNcnKLZV5uPweyHow1KHzbgHx1XhUWI%3D/,1994,https://publicaccess.ci.malibu.ca.us/onbase-portal/api/Document/AdMelgWaz1z1vZvqdurquZ3Zw4GxtyyTxYaiM6c0aJUdrOeFbfuHkAE56mRYydmyP1M3PbxzB4DM6P2RqaMe3kk%3D/,1993,,,,,,
4451018021,https://publicaccess.ci.malibu.ca.us/onbase-portal/api/Document/AVR7%C3%81XPATznOY4h%C3%89UIRle%C3%89pLl4gShJmbIdK0BswjCjefXAUyfVAoODPB%C3%89JadF1Ez%C3%81pKuK2WHsvOfxr%C3%89Vy6lVGAc%3D/,1991,https://publicaccess.ci.malibu.ca.us/onbase-portal/api/Document/AQdqEMUP6jcS150ioic8qWab2fH64T327vQXVCEJqvMNo9rP90yaneXbO%C3%899MlZ1gDixp3PtldS%C3%81odCoVdWCwa7o%3D/,1990,https://publicaccess.ci.malibu.ca.us/onbase-portal/api/Document/AcCWCo%C3%89y0Ivi6k9MLVdFAIoakwM9NlEcpC3g33RKebxw1H8rxDOhPyHQlHOAnO42gyNfOZdMmuQoGBXMfAhC0Qw%3D/,1990,,,,,,
4451018023,https://publicaccess.ci.malibu.ca.us/onbase-portal/api/Document/Ad7Xbo6TN1uqWDt3PAQJhT2Fj5QMQ%C3%89yFwApGbn%C3%89D9JNj%C3%89S%C3%894vRs2UQ0HSKL%C3%89z9G7vmd9SHNURu%C3%89fVC5YHyRYepU%3D/,1963,https://publicaccess.ci.malibu.ca.us/onbase-portal/api/Document/AZVgOuQ%C3%89ekNFrQPRVP%C3%81CgxYhjUuZzdkRuOxWvW%C3%89wSAwwII6D9V9shciAZ%C3%81uNtnXO368Xw7B060lmNQAdVpmGSjo%3D/,1963,https://publicaccess.ci.malibu.ca.us/onbase-portal/api/Document/AcOg5KUkmJXQ%C3%81uOVZPTFweQN7ZtlEcehW0Crq6K4dTo4GLp4SxO4q9EcRK1ILgCTpd5s7iz%C3%893%C3%81Lix4%C3%81lgAlohQQ%3D/,1962,,,,,,
4451018027,https://publicaccess.ci.malibu.ca.us/onbase-portal/api/Document/AQFfx4RcmSiuZL%C3%81Br9zDd3DKhLETfI7yVrff50BC0xG8%C3%89IvibpsAFFod9zfvpL3SJmkTKzKHGxv7bTps2SroAUQ%3D/,1976,https://publicaccess.ci.malibu.ca.us/onbase-portal/api/Document/AYWcJlpp4f%C3%89HMjIz5%C3%81lizBWuQLbIbKuWEuXfCNWfKXlf%C3%81yEYUFe1ZI%C3%89R%C3%89M52hdEZi30muMxSmWzFz98%C3%81b1SIcyg%3D/,1976,,,,,,,,
4451018028,https://publicaccess.ci.malibu.ca.us/onbase-portal/api/Document/AcnedzflznMgvRBXJlU33VigQztfz6zN4Ll62lw0Pi%C3%81Y%C3%89KVxU7qvQO10VBA0PQ%C3%81FW%C3%815z5DqalrNYQK85rvqSNzU%3D/,1998,https://publicaccess.ci.malibu.ca.us/onbase-portal/api/Document/AVvGCHjbP2c%C3%81ybBTX7vHtYNkf6BYXiwZzh4E%C3%896Z8ImUzYFPSFo4PQJropxP60sjS%C3%89gZe8Bmbd10fvDiptbQB%C3%89sc%3D/,1996,https://publicaccess.ci.malibu.ca.us/onbase-portal/api/Document/AdfFg2Ph2P%C3%81ChIKqFVLvVCUR9wGTdtY5UwTw7sj1HduJ0r0uDSdo3Fdy61RwZJ3CNNVu7twzCp6SqExMsDE3ulI%3D/,1996,,,,,,
4451018031,https://publicaccess.ci.malibu.ca.us/onbase-portal/api/Document/AfctOFuMMemA3dYyyZ1so%C3%89BgtVT45pORSah9vQhJtoOQuLMd%C3%89To0nJj3gWUFELw60RoSyjDXlfGlcM7jlwamnDw%3D/,1996,https://publicaccess.ci.malibu.ca.us/onbase-portal/api/Document/AWVEAypnEoJS%C3%81yaHtxlKBL17dFeE0Ou7DpVVluIQ2WZxaaEMBohr%C3%89yFMgJVeyDmriydZWh33CngMbwg%C3%81TYsxNyE%3D/,1996,https://publicaccess.ci.malibu.ca.us/onbase-portal/api/Document/AblRY%C3%89RNGafcl%C3%89sVHa4GLxjmx6vT%C3%89sS%C3%89gs4hfkdEOvp0AfjV6aegsAAbtKj%C3%89B4MOIWEz7JSeNbdR37Q9XcKj4nU%3D/,1995,,,,,,
4451018032,https://publicaccess.ci.malibu.ca.us/onbase-portal/api/Document/AbiE6N2PvzcXe1TmBcwT8jpDDFC%C3%892bZgZUtX%C3%89t9RaJVEXhexRgYC6SwkKQzzYKD0lMIEzBS8q7LFOv5PvO1jpi4%3D/,1996,https://publicaccess.ci.malibu.ca.us/onbase-portal/api/Document/Aa3DGmZuIcVB3QBue56oDXk%C3%89JTcoqfW9AIjL82YrEPC3Yzh8k20i00KkhVR%C3%89RTr%C3%81upacVcmqnZH3080HL%C3%81RKwYo%3D/,1995,https://publicaccess.ci.malibu.ca.us/onbase-portal/api/Document/AaZE0BSzKKF5Nm8c6JBsU22tcTrnX%C3%89faYSydkubJpKdw88Qutk7exuZs0EBTFNRCh9s7m6FLbIWSEsbwPUmEsBU%3D/,1995,,,,,,
4451018033,https://publicaccess.ci.malibu.ca.us/onbase-portal/api/Document/AV%C3%89o7n6K8fNAKlqNggi2JjYAGiAxHkbNvUSaLpsj%C3%89JP0Jlwws14owEMvhX5iyqa%C3%89JTDkkdKtkpW0qbmjUfBiggQ%3D/,1994,https://publicaccess.ci.malibu.ca.us/onbase-portal/api/Document/ASjpL1VkXUEUQdHfHnCVZz29JL98nIQQ0XKsaiojMNVMLXurUArwSFQnkgiF4%C3%89YzsVzt01G2PgcdiNdb57IothA%3D/,1994,https://publicaccess.ci.malibu.ca.us/onbase-portal/api/Document/ATOP9ulBLBkZazXfT4fWUNxsx3AeHSCyoJzNjp6wPgaTVHkFhiFnh3maY9uXSS5uCpe4JK2fUyzqtCV3aINTGho%3D/,1994,,,,,,
4451018034,https://publicaccess.ci.malibu.ca.us/onbase-portal/api/Document/AWVhsxSldzlXBsmAbqCKF0Re3GlQIxLpvBMgy0jValhvPBl89JwgDY%C3%89EaiwO0jIfRdMS7Q4cs7T0b5TTuGxL4ZM%3D/,1998,https://publicaccess.ci.malibu.ca.us/onbase-portal/api/Document/AZtspkz5f5Ch3I7JaIs2oznBnTCSEcplIK6FFn8PfHAS4vdEqI9gtQ0dhbVES5utYvV%C3%89gBNjakm3XcmlDsedMMM%3D/,1997,https://publicaccess.ci.malibu.ca.us/onbase-portal/api/Document/AQ1X8gU%C3%81Zz8QUrdBAbmmzm3Zg3Brhht5HkEqsiqQGDNI2N8PdNKAYyel6JP9SUOGed%C3%89vMK4tJ6oDbm6GOoLplZc%3D/,1997,,,,,,
4451018040,https://publicaccess.ci.malibu.ca.us/onbase-portal/api/Document/Aa%C3%81La0F6tNKeVvFqcox95YoP1B%C3%896sLWXPeAhM1jU6k1KHzNwbo1sHxl9TiNEo3Kez3aB2AWRNUOkV5x892W7IEc%3D/,1994,https://publicaccess.ci.malibu.ca.us/onbase-portal/api/Document/AanG5Ip0lHc0hmVUgNMtpsQ4s0ldtKmoBc%C3%89VUwqWd8D173gfCxhG4NXDI7YJIl28ikPhzyQTgx2mxhYDjma4I3I%3D/,1994,https://publicaccess.ci.malibu.ca.us/onbase-portal/api/Document/AbBD%C3%81wB92NOqQRftnOOrgWcP8GC2WIve%C3%89xBWeQzIp0K6I%C3%895BejIiAmLEJV6Z3PkVAgcSEw3VwlAQT1fOuJqpXFU%3D/,1994,,,,,,
4451018042,https://publicaccess.ci.malibu.ca.us/onbase-portal/api/Document/AaVXhHs%C3%891MnzcbCCtt7ZSyZGIgEtJuJ3zI%C3%89hl1C4G%C3%81Dr%C3%8122vNEWv%C3%89CBSYwr5KeeA2LibpkmZ2Ah9j31Vd13OFMU%3D/,0,https://publicaccess.ci.malibu.ca.us/onbase-portal/api/Document/AfXTaDNUcaal1Ozy6DvswZTAuRJBR2hkBbm9DE0GAX3YR3kEOLJpW7P1qEDbxjt%C3%81Btw9dJJr2Y9UcnRpTuJnbvE%3D/,0,https://publicaccess.ci.malibu.ca.us/onbase-portal/api/Document/AaiPT0l%C3%89OWX5dJ7WEgiiBQEUxUX3T6VBNDcVgiXrnau01SCCvx%C3%81Kd%C3%89LeYLL9TbOTKdW3L2bb89Ih2aT03SbYH5Y%3D/,0,,,,,,
4451018044,https://publicaccess.ci.malibu.ca.us/onbase-portal/api/Document/AZ37RJa34v5aVkArs%C3%81482PGsJEPuPXX0MbKNc6QV9aJUeWMYQaJDxFajEzFdMVBPkAf7eTP7yh5irEAkwFFEtvw%3D/,2023,https://publicaccess.ci.malibu.ca.us/onbase-portal/api/Document/AX%C3%815hGx8QmoPO10PJXT5x5rwZ0nRIMJlLCKkCvuSpnihaXArur1KUYqyw%C3%81%C3%89WToQ308724mlYnZQhelEhmQI6EPE%3D/,2021,https://publicaccess.ci.malibu.ca.us/onbase-portal/api/Document/Ae4g20vV9xjohy8hMNpxLSEDbvlVcWa%C3%81cy8a653o0tnjP1K66TyC5aa7NK%C3%899gmUjXCoXyd1Ifh1J4eAaqFSsUgo%3D/,2021,,,,,,
4451018046,https://publicaccess.ci.malibu.ca.us/onbase-portal/api/Document/AaEWQdn1suqymYQjiA5DwBce1uMXku95IFsnhDsATkWJrUjlyPul66slHTyBnQGkRHKPfhezwRpglOjrimabe7U%3D/,2009,https://publicaccess.ci.malibu.ca.us/onbase-portal/api/Document/AShszKDOMcnGgGMkOfOVqiWb1vOw5GJ9qF1%C3%81uhfG%C3%814yybG%C3%81%C3%89mlYog7PonL12k3%C3%89MV4vCFH0Cwgnq8DhR2REEVxg%3D/,2009,https://publicaccess.ci.malibu.ca.us/onbase-portal/api/Document/AULTrFvH88gSjg0Ig0SEMSxdUjpXC3rWogOGHfrTAqPbC%C3%81TVH807CzAJd%C3%89PaQ9BCTBYZy9NwY3MEsOOHOk3pio0%3D/,2009,,,,,,
4451019016,https://publicaccess.ci.malibu.ca.us/onbase-portal/api/Document/ARZ%C3%89JBJObYKb8SYZ%C3%810mcC75oZIMk6NS5EoWCh%C3%81FDBGO2bl60gQg%C3%89wFY4vQCOGCHC9COwdAjTseNsZzbkdKvKhmU%3D/,1997,https://publicaccess.ci.malibu.ca.us/onbase-portal/api/Document/AbsxJlsLBbj0BO9JHZczvYogzmsVBJvCnnDiHEMwVMVuGemd38AKMojyC%C3%81E1AoEOxdMl3OmCXBdvGCyMaexM5Xs%3D/,1983,https://publicaccess.ci.malibu.ca.us/onbase-portal/api/Document/AXe7AEQtCMBffEmzaWBOPQ8%C3%89A%C3%81FfUUC8XsECL4PdPAbBQqN%C3%89fZyYK6XNclBvFLrpu5X8%C3%81u%C3%894Gf2pwBL0fz7D9BM%3D/,1966,,,,,,
4451019017,https://publicaccess.ci.malibu.ca.us/onbase-portal/api/Document/AVE3Q58rvpGKMLopC%C3%81Q0TAU4ROktc0LwkCrMtJxCsnvMEaoUulvHFxW9b2Yt%C3%81236LXWsaRkrYhXyxTQUl%C3%89UZmu0%3D/,1996,https://publicaccess.ci.malibu.ca.us/onbase-portal/api/Document/AVkBC4gQNKikvwRb%C3%81H%C3%89HemJy86o1R0O24LsrOc%C3%81mK16Wfdox5EgpxriY70UWMo1hc60ZWmWOZ6E3X5ZATQoEGJ8%3D/,1996,https://publicaccess.ci.malibu.ca.us/onbase-portal/api/Document/AQZsXbssqxTwD7%C3%89xG%C3%81wtlhSPyVvySzijoyE%C3%89WQRviv5cdda%C3%89UN12%C3%81jUsatRhhC2NK%C3%81m%C3%89thP9Lv7kvBXKCvrXyzc%3D/,1995,,,,,,
4451019020,https://publicaccess.ci.malibu.ca.us/onbase-portal/api/Document/AUM08MhqcjOf8kOBoLRXJS7Fl%C3%89YMzm2dY8KEnEIeIMtLHI0VDRwaYP3Wfk1dqYgs0dYbfVYvJjG7iTB0v6ouDQg%3D/,1983,https://publicaccess.ci.malibu.ca.us/onbase-portal/api/Document/AXFqvbePHDQEB4rrd6PDH0w19695%C3%89oLkm%C3%81q8wn5S%C3%89B8B1Y2wZ7m3UZbb4PTN2aqRDLYkoWRskgvs8jnUrmKHzWw%3D/,1982,https://publicaccess.ci.malibu.ca.us/onbase-portal/api/Document/Ad7wAYGRy2Kop7e0nvONx7cV8vsqqGNFdtzMiyyTkmBxCm%C3%89IU5o7Y4GMwWhJw4vcoHyvZBVw6mWly6BWkubZZaw%3D/,1982,,,,,,
4451019023,https://publicaccess.ci.malibu.ca.us/onbase-portal/api/Document/ARyynMXn7JPIX8xPFTf6LSGui79zWeY3yf1XyYTCOE%C3%81EafTjTsXyl%C3%81gJrS%C3%89%C3%81T4hiwTFXJAFEtfKaCIAXeu3%C3%81HGc%3D/,1998,https://publicaccess.ci.malibu.ca.us/onbase-portal/api/Document/ASte%C3%891uB%C3%89XmGTCuobz7M98K1jh2WCWx2ISNIcQsOK2Wv8iMO7Y%C3%8160jevxJ12uu7Q97gGF8FL85X3I6Elb7Ntydk%3D/,1997,https://publicaccess.ci.malibu.ca.us/onbase-portal/api/Document/AdhhOO3UjWObcCNofef3k8sWcb4w2Tql5imsJMYEIpFU9B%C3%81aa3A%C3%81s%C3%81u51vL%C3%81QeJI4Xp8ksKZJNna7FfORl75qMM%3D/,1997,,,,,,
4451019030,https://publicaccess.ci.malibu.ca.us/onbase-portal/api/Document/AbWfcT7b7xdTohsGuzZHWB9VqotqGSgq4ZCgMEF7yzs03KlZaf2%C3%81kgTgSVNr4zc8%C3%81TKBsnJfGGF43FR9ufRsO1I%3D/,2006,https://publicaccess.ci.malibu.ca.us/onbase-portal/api/Document/ASYSPGi%C3%81IPDqqxLXLMvWz6xF2EuP7k2Xs3qOTZwRjNJT2Z34UXPz1QPvordvjXvZp6Ul5ZI%C3%81G7F2k%C3%81BQaV1Gcbg%3D/,2006,https://publicaccess.ci.malibu.ca.us/onbase-portal/api/Document/AQtZ9Knt%C3%895eA0Qlq%C3%81OtlPZpwuJxY2IVOAZaYZeuvMbPPpTpcr8feXqtEREBDo34NYl%C3%893R3T%C3%89dwoMcLfIokQbCio%3D/,2004,,,,,,
4451019032,https://publicaccess.ci.malibu.ca.us/onbase-portal/api/Document/AcazfDSILyF%C3%81cAUhZNs5oyz8SwXO7h1C%C3%89Yvt2w8tF3SsE%C3%81rV0jR96vIKqfhmhm6VsTbK9shATWdq6lJ%C3%893OteX5Y%3D/,1998,https://publicaccess.ci.malibu.ca.us/onbase-portal/api/Document/AccUijCfnohE6gPZN0rPca6QB5VWeXYKUdTxZi75ejxByO972RqzkyD7Xpcn00pywyhTzlVrtCY2s9DzU5Vw%C3%89g4%3D/,1997,https://publicaccess.ci.malibu.ca.us/onbase-portal/api/Document/AWXvaBlBDjIMOJpGUtf64i7NOmfCHveMfYk06eyFdIYiquc91BmcuN4jAprjUZhcgHNMoFrG92D1L0AtUscSUBg%3D/,1996,,,,,,
4451019036,https://publicaccess.ci.malibu.ca.us/onbase-portal/api/Document/Ae0U%C3%89A2yGiIcZmxBfKVShRdfjaMbfdnwVAx5LBk9RtGIIYoHIouNKQlgP0ErNLOSroeHGjjFfqMQV%C3%813NCUAmIGI%3D/,2008,https://publicaccess.ci.malibu.ca.us/onbase-portal/api/Document/Af110pnmebq1c6%C3%89swND%C3%811VZpHAbceOWFvqnSO%C3%89gQ4s4k%C3%891cVkpkfpEjDRlOGp8uN8f%C3%89mrFFN9RW6X5pfhhzDpqw%3D/,2008,https://publicaccess.ci.malibu.ca.us/onbase-portal/api/Document/AU6LpQ%C3%89HsXqU3qLQgYlaGursJJ8w59z9rKzVIFKYf8lpEjZr7%C3%813AYORuGM5r4tCp5Sf%C3%89yHEOgGIbZPww2I%C3%89Qp7U%3D/,2008,,,,,,
4451019037,https://publicaccess.ci.malibu.ca.us/onbase-portal/api/Document/ASOxnOUmB4vlw8np0srJIF0OtbzQn5QRPwPc12ZJh4b9V0OjmzrgCpgP9ema1jorB3qzCcxllWMwM99UVAe16N4%3D/,2011,https://publicaccess.ci.malibu.ca.us/onbase-portal/api/Document/AcYiJgsHHJSJRz1MLy90jNbh8k1qKwTP2R2QAfwk4Y9wZzBognyviGU9zmobq8TYMA3B3JFYFRI%C3%81kbguFk3pLSo%3D/,2011,https://publicaccess.ci.malibu.ca.us/onbase-portal/api/Document/AdNxp3nDO%C3%819HmJk81gf4sRwKOy59oK3m6sKkWeel2d3qsnMXolglO9C%C3%81hpqS28TY3bs1VhkmBjSsAPTYbHWzadA%3D/,2010,,,,,,
4451019909,https://publicaccess.ci.malibu.ca.us/onbase-portal/api/Document/AZ%C3%81xxSycfwBXc%C3%89WMQbjyXtnC4llRpwNDMl3rnzCHR4SYZ0KBjWFYTvI%C3%81tCJEG2QSNRuhbLeYgNnhRzu44lPmFQE%3D/,1967,,,,,,,,,,
4451020900,https://publicaccess.ci.malibu.ca.us/onbase-portal/api/Document/AXoHZrAM%C3%89rbXO8I2H7V7E%C3%896CkhhpZzokSdQmtIrwzXR9WztdiCWmo374Q%C3%898wCbU%C3%81WQwJqctEnS%C3%891HMXqT2J4Xk4%3D/,1969,,,,,,,,,,
4451020903,https://publicaccess.ci.malibu.ca.us/onbase-portal/api/Document/AcacycFIDiC7PjyNmsHulX3%C3%89pfUiypYmBNOYbzPZ4JPNPHcogaz9pXB8myudf0RS9rj7wpay7ckD9qz6eRu4pd8%3D/,1989,,,,,,,,,,
4451021005,https://publicaccess.ci.malibu.ca.us/onbase-portal/api/Document/AepzFft%C3%89u9JjH2ltxGBz7f2NecbM2RDUrhOG%C3%897RwyEsRsV4464eI3Nq0lxCtjpchoJtFRX6W8SOPwy5AGmnThPc%3D/,2016,https://publicaccess.ci.malibu.ca.us/onbase-portal/api/Document/AbqFObSk2ffc3b%C3%81WCh3aoFmF5A9JNIoBVs%C3%81k7j5hpVBqZQ%C3%81WeCUZd%C3%893hsMD3P5%C3%814d2284osujhZ1h4FrNFmD4%C3%81Y%3D/,2016,https://publicaccess.ci.malibu.ca.us/onbase-portal/api/Document/AW5CB3EdR88wZy8JMEMy7OoXKB0f6%C3%891i7SRyIJKt1qSTlvV3cnjWS5b9NQuZIRvzsLsstjnX1RNe%C3%818p3Z%C3%81Fnre0%3D/,2016,,,,,,
4451022003,https://publicaccess.ci.malibu.ca.us/onbase-portal/api/Document/AQf5nOC91mnKx3yT88ejRsImlsVuluAdT1dKEZvQstMcTieqi45QBcMYLsoNB9pozSR2TYLUGeepJeqQVUfYCcY%3D/,2007,https://publicaccess.ci.malibu.ca.us/onbase-portal/api/Document/AYgCFaWfDnf8JZcWrZXiIljfCdO03L%C3%89Q5iBiQT4igQGFWcbF6KnaFCm1WzKfdLksD4HyhVMG51VOnnrI8kHIFhg%3D/,2007,https://publicaccess.ci.malibu.ca.us/onbase-portal/api/Document/AXRxcaQdGlTle%C3%89yRcTZtVy%C3%81rBAXCFXacouJKISzmXQ9pDTRcL%C3%89C1su6Mfd5BxyOlSSOr3uazHIttfNfRIeb6uuw%3D/,2007,,,,,,
4451022004,https://publicaccess.ci.malibu.ca.us/onbase-portal/api/Document/AQf70trM2jsY1ychQZ9jff6xJriYRMHz24%C3%81c2nWiBq%C3%81U9bev7vTM%C3%89yRrdQMTGmJ5Z1k5lme7VDOSveZ%C3%817ZHQ9B0%3D/,2019,https://publicaccess.ci.malibu.ca.us/onbase-portal/api/Document/AVz8LtGNRGudY1%C3%81pifext9wMOJIzHJCuVdCly42u2JXMQUxSGQsth3Uwp%C3%89jQFAhA1xZuR2BsFrhInouPgM0EeTU%3D/,2019,https://publicaccess.ci.malibu.ca.us/onbase-portal/api/Document/AaV0Cy3cYVItoJ0kmlDlkLFpeDgHDx6fRJuDtanKzdwoiZRl5nQNrLPBZr%C3%89m1b%C3%89%C3%81Z%C3%81uTyNB5SW%C3%81Ecn5AQIVIPI8%3D/,2019,,,,,,
4451022008,https://publicaccess.ci.malibu.ca.us/onbase-portal/api/Document/Ab%C3%81bWBbYeSB59dkQQSzf0FJqBEM10Ereum5ofODHAQ%C3%81NcjG3lJvZYWDR1xcfrsmHsa8FEl2wDQhpFHdz0g%C3%81qhb8%3D/,1998,https://publicaccess.ci.malibu.ca.us/onbase-portal/api/Document/AUdIERtPV95hVQnLp%C3%81jUYOpEG8Ff%C3%89uA7Oj0Kh0lYgw2siyxY%C3%81YZ9buKpa5Hy6cuKRJ9pq5AOORQs5oONMIPY%C3%813g%3D/,1998,https://publicaccess.ci.malibu.ca.us/onbase-portal/api/Document/AfmX56Gl4uWnYGkpJC5hwQY5wg5AeEOdlKOZRzyAjUJQXykaEugmN1MRv9BMHXpL4DTxY7h%C3%81f%C3%89dDVCR9cc%C3%89BwWc%3D/,1998,,,,,,
4451022009,https://publicaccess.ci.malibu.ca.us/onbase-portal/api/Document/AcL0IJuwAHD5sborrHO%C3%89hkyNwHLn5fSEik0M%C3%815paS%C3%89GqmaZcKckpsgWe%C3%89yUBPhYFTuRvtMSvSPFfUU6a5iNaduk%3D/,1999,https://publicaccess.ci.malibu.ca.us/onbase-portal/api/Document/AQEgOPFtz%C3%81qEevHuUvrL%C3%81CvSbiJKsCQIDi6jZBjm7Fo0ml8mBU9IJFFqugY8IK5VWmCTx50QFArvYeiAWu%C3%818ssM%3D/,1999,https://publicaccess.ci.malibu.ca.us/onbase-portal/api/Document/AU2hTSLev2C%C3%81Ps7bTsQYKVbDfbsv0oVzzo7ok%C3%81VqY4EcvKIuxyFdRTELpuWu%C3%81%C3%81R3ZmHkoT9WG8GNFfzIX639E0o%3D/,1999,,,,,,
4451022010,https://publicaccess.ci.malibu.ca.us/onbase-portal/api/Document/ASxkrnY5LJcfzk7tq0UdEwJ5z8FrmHuPVcTU6OJqlyuFtPN7XPH0AE146nKQx7TcNBZXVo5hR0wDT%C3%89PA7peo1PU%3D/,0,,,,,,,,,,
4451022011,https://publicaccess.ci.malibu.ca.us/onbase-portal/api/Document/AVKYZNNAgVrZGuVrQ75%C3%819td4VhFNIABqdQ8YFkYsn78KJ1Yxy3r2sZQ9Ou2UXTt2GCHA39IO3JJWZTN1jcSX7G8%3D/,1994,https://publicaccess.ci.malibu.ca.us/onbase-portal/api/Document/AQfnYNDAR6neckum0yIAq%C3%89Cz%C3%81EC0RMr7M8fLo%C3%815h9SigN72hBR%C3%815aiFUj7drfC5raeMS5diuCeI9A3XbbpSomLM%3D/,1994,https://publicaccess.ci.malibu.ca.us/onbase-portal/api/Document/AU5MxCtFP%C3%81PK83tu%C3%89vMdl9NbJxqffvnhStphapRsR%C3%812Y%C3%81p0Fu1TLAmLY%C3%81raPCTzaol%C3%89zffsaUrLFsOdiBCM9Mlk%3D/,1994,,,,,,
4451022014,https://publicaccess.ci.malibu.ca.us/onbase-portal/api/Document/Adg6Tz0ORxzETK8kVxrTEFnijDeENPukI2Gq4yepwzQuFHyajz6EtGFyB1MbiSOWkhfGqVfrOX3MVd9efVKpAzA%3D/,1995,https://publicaccess.ci.malibu.ca.us/onbase-portal/api/Document/AdPgvsYyaz%C3%81bGAn%C3%81ZKFFbHeQeKhbNrxSzDR069XNOevRF2fAHuNxM1mUwVQT%C3%81vsQ615pXNbcma%C3%89YFCin71doTsM%3D/,1994,https://publicaccess.ci.malibu.ca.us/onbase-portal/api/Document/AVijFF0qTWoMDZ8FGybhBO%C3%89cey9vygilCkUYfgukR5ioBj%C3%81jhGZUQG4yoRkTDsr%C3%89MxagKjS00y%C3%89TVmFoalvlVM0%3D/,1978,,,,,,
4451022016,https://publicaccess.ci.malibu.ca.us/onbase-portal/api/Document/AXnBVvAXLbNmBjUi9J0ZUal4oeGiS1LXJuy3KKc4217%C3%81FDhmBK6sJYV6NTwVNd1QrqlyaUVZnLIjQwekSd89FA8%3D/,1988,,,,,,,,,,
4451022017,https://publicaccess.ci.malibu.ca.us/onbase-portal/api/Document/AZwN1kKdMLLfQZ%C3%81DYbR3cSuZlxoPAFt7XsnF14GhljbV%C3%81jdnSP12AfsGam3h%C3%89TPnxmxPXTSXW0EO%C3%81ygcS9FE5Pw%3D/,2009,https://publicaccess.ci.malibu.ca.us/onbase-portal/api/Document/AdsWqPVWfhw3e%C3%81%C3%81nOsEh5%C3%89zb96mXq49LYuYUNNWc5Q0t1GCMHsIVhELInr%C3%81p1W56yJVkzev9MPEgt5YuTIlFsus%3D/,2008,https://publicaccess.ci.malibu.ca.us/onbase-portal/api/Document/AUjmbTykmlpz8jFNSnQWgA7TVB13lZJ6Vxum9gYcoLC8qELG6hFgHSPX1wn%C3%81XZxUxN%C3%81yGcTletrGItABk23tLJ8%3D/,2007,,,,,,
4451022020,https://publicaccess.ci.malibu.ca.us/onbase-portal/api/Document/AUJ5EhwL4bGDcOJW151Bheh6jpzLHXUL0WbD%C3%89Jmfl6NT7yKS0OpunWSHslzLc9hbRDtsvxXw1XvUg6v9rA6YfpM%3D/,1999,https://publicaccess.ci.malibu.ca.us/onbase-portal/api/Document/AQSEgVKK3mcNc%C3%896vlbwTRrKbqN5gWEuC7eKDcu43QcoU2D2iB3qzF%C3%813kUZ4XKWxBRCXCEA05AfH1rrCG9yl152I%3D/,1998,https://publicaccess.ci.malibu.ca.us/onbase-portal/api/Document/AUZ7t%C3%89RsthU1vYEwmE3bHz4irmlBM5Ux3y1rRmmcoi5pt6sKtrO%C3%81WwjrFEU%C3%89w7HZxh%C3%89NuZC1JfI42T%C3%89aXxEUXx4%3D/,1994,,,,,,
4451022032,https://publicaccess.ci.malibu.ca.us/onbase-portal/api/Document/AcTChIziGjPdG05tkgDGjjsmPTx%C3%81UHHMLYyXm4JEwCGANeXnu7fy37sCWigVajy6r3msQ73LQALo0AFpyrNVNb0%3D/,1977,https://publicaccess.ci.malibu.ca.us/onbase-portal/api/Document/AZKFdNxjMyGQWQ%C3%81F0GcsPSslD5gwmnA6YAPepp9Xo5QYgQz4SkVxV2he9om0Xbwj6%C3%81NQajxWmb0l%C3%819b%C3%81u2jXTnw%3D/,1977,https://publicaccess.ci.malibu.ca.us/onbase-portal/api/Document/AYuzMVXsPpSn38Wsn33zaZZYD08OPpKQ6GmdL5ROQuRTubE%C3%89XqHqVsGc3nq5gK4q8vkTGwQnCmzClTznQXUD%C3%89D0%3D/,1961,,,,,,
4451022038,https://publicaccess.ci.malibu.ca.us/onbase-portal/api/Document/ARcTxgDhMy6DGAkK0XV4A%C3%81xMtWBTpvrqqC6l1nH4zxvKnoO27vBz0BOMk%C3%89A7OQVzlAYdZJnonMWc98CtePkKpN8%3D/,2001,https://publicaccess.ci.malibu.ca.us/onbase-portal/api/Document/AQk1MS0r%C3%81IfK01FxGJIP91JM29XbSfbkuX6Pr7pmV2%C3%89LfoVMdqdecIjZfp5kxmg%C3%89zKddpA566Lb%C3%81NMLAGJyVK7Y%3D/,2001,https://publicaccess.ci.malibu.ca.us/onbase-portal/api/Document/AcWhYpl5t4JuE8sbzwY8%C3%81MDQpemV0OK2iDmWUBWGYyyBKWGoeMTFMrxzW%C3%89wTyVsfz2K245ExYzaGNU4S7x3bKYA%3D/,2001,,,,,,
4451022039,https://publicaccess.ci.malibu.ca.us/onbase-portal/api/Document/Aaix65yPbjmhTJDkiGSSzaU3evAXG36LvH1R7RbLMkb3hyfNyGYrwT0%C3%81ulPWWqGqvK8Izp%C3%81sPYl0tn21iESN348%3D/,2001,https://publicaccess.ci.malibu.ca.us/onbase-portal/api/Document/AZc7T66IIAfuWKUKbIF5RGGt0CAUKG2RL%C3%89Z2h4K6JjazuQXObX%C3%81qvhqbzKdTAXKcFSwVZHHXjN17UULRrI4E2tk%3D/,2001,https://publicaccess.ci.malibu.ca.us/onbase-portal/api/Document/Ad6F4XeeoPabEh%C3%89NsmwPqYdGDAWjxAbPY1B7xDQG6HuZLJ0JgtfVToyUd0w%C3%89Yp%C3%819TGOUnLNvBqXoFOq6m%C3%81zmVGs%3D/,2000,,,,,,
4451022040,https://publicaccess.ci.malibu.ca.us/onbase-portal/api/Document/AR4KPgiexZI9lWWMDnmkxeEKvDIQvaT676%C3%89wcw0ZhVW199kmCixuJUkaTizmPoR4C8TYRbRm%C3%89wIQPTPHOgiRgSg%3D/,1997,https://publicaccess.ci.malibu.ca.us/onbase-portal/api/Document/ATfqA3h%C3%89JDzeZRdobMttKSpJ60CFxtbl5NDDgSps%C3%81upv7BFbRt5Mseb74pr48%C3%813QgSP0Iahg4X4HXSAN3sD3rE0%3D/,1997,https://publicaccess.ci.malibu.ca.us/onbase-portal/api/Document/AdtJ5NQHscMG5jvWQxPbJrNebIMK5IbFhpHHrKanrkT6uHoz%C3%89JS6r4uaxsKcK3%C3%89jhd8Y8beCwOhavIHaePd9P4Y%3D/,1997,,,,,,
4451022041,https://publicaccess.ci.malibu.ca.us/onbase-portal/api/Document/AUcmhZzwpgx3BY%C3%89b6QwV9Gi3%C3%89KJh4SXBVTXeA37fag4XoZjWIWBNgOAPzvoYTzEqmObQwKNgzK1tRidtIS3SCjM%3D/,1997,https://publicaccess.ci.malibu.ca.us/onbase-portal/api/Document/AdNh8zTM3ocIoARh4CzmgzUq0uLbKdg33OlyqaMbS6DEmtWkYpEOcLQAeOeViXmBdSN5IcpvY8GIXlpj9wKJ7eQ%3D/,1997,https://publicaccess.ci.malibu.ca.us/onbase-portal/api/Document/AbTKnCL3rJGNUT%C3%81i0UzVPg5%C3%811zXX%C3%81wC1okKmgvGmYLiH24XAkWK605kYSr0jHDvFNbxh%C3%81C9c55%C3%8958RxlYyslkMw%3D/,1994,,,,,,
4451022042,https://publicaccess.ci.malibu.ca.us/onbase-portal/api/Document/AQjS3McmU1TyJXDIfiTSLA4cGY%C3%89RKh8Uo1S8WPpfCEc1QHiaD24l9Y9J1uZ0%C3%89Ca%C3%81hd8uwm8dmSaRKLq7UsPIqxc%3D/,2000,https://publicaccess.ci.malibu.ca.us/onbase-portal/api/Document/AW%C3%89yp30vbTYQKVY2DA3pWPbRlhHL7ZZDYruLN0%C3%81SQHJ2DL4NCHv9EAZCbQ9gXmzevg8j8IxxVR4uXCIZJtCEXdE%3D/,1997,https://publicaccess.ci.malibu.ca.us/onbase-portal/api/Document/ASlWLwYzUWElWBleOCB9a4nT3xqmOyALZ0ZEGrfKnnXgvrVK56IuiFSpKd44La7YvM9Vq%C3%89NYykx20DYHwOo%C3%89UXE%3D/,1997,,,,,,
4451022043,https://publicaccess.ci.malibu.ca.us/onbase-portal/api/Document/AXmoRYNNDBbviuZriE5fN8vPheA%C3%89j9nKBoq6frY2liDK0KHvoqu0WXaltgBkgcrLP9TyzCPBsvYNvvEVZ1ghcT8%3D/,2003,https://publicaccess.ci.malibu.ca.us/onbase-portal/api/Document/ASEYponRXrCrcR5PX0IywWvvZ%C3%89wR6Nb%C3%89Bf7RYej5TDKGc3iM0YPGfvA10B%C3%81Y7PqM%C3%89KFM9sZRvuhXVLN1lDF%C3%81t2g%3D/,2002,https://publicaccess.ci.malibu.ca.us/onbase-portal/api/Document/AZftMRArUEwdnheFt%C3%890k4eKghTfO%C3%818uvAX2A9KeWu1tMlC6cRH4AEoJAqENmBQoFv%C3%81US828JlQ4%C3%8143dKz5QjG3k%3D/,2000,,,,,,
4451022044,https://publicaccess.ci.malibu.ca.us/onbase-portal/api/Document/Ae9Fs5DThFfVvHCWmRuHHZJ0qcNzDKa%C3%81NyOgDltI44cfGWq%C3%89oKvVU91JxygPumqCtIo3xUGu7W00pqGhXe9NMPg%3D/,1983,https://publicaccess.ci.malibu.ca.us/onbase-portal/api/Document/AfA35OOCpNCnC81emsxMSgwG4Rj92QxxfnEvjXdnQLbnP%C3%89y8ndgN90XuW01GuUfCWH6AIiLKmt%C3%89ssZT4KWHR%C3%81Z8%3D/,1983,,,,,,,,
4451022046,https://publicaccess.ci.malibu.ca.us/onbase-portal/api/Document/AUcQcP9uDXDkeKEVoE23s%C3%897snglokwvGDWC5hxTCMuZIl1ZuAkviHkqKdOos0Xexamb%C3%81PmX6h6DWIWFbF8eqc5c%3D/,2009,https://publicaccess.ci.malibu.ca.us/onbase-portal/api/Document/AQk25wMM%C3%89lJv575s0LRJFE1VZIOeXvkKbIBrUl57Ol2JEziUCH%C3%89hizfcmg7WCc7oFS8JVrnb137XuLXFfJ9qfKU%3D/,1976,,,,,,,,
4451022048,https://publicaccess.ci.malibu.ca.us/onbase-portal/api/Document/Aa4HBsv9dhuR46DXGq8bLU7A5UDBbQ6pIb7sws2tSG%C3%89S7C6ukeZSV4hKbmDanyN%C3%89qr8B4AX6%C3%81S8czuGhbQ%C3%814Pns%3D/,1996,https://publicaccess.ci.malibu.ca.us/onbase-portal/api/Document/Ad2UJYopclBVTEy1%C3%89YzSEyfYRDQpaiZ4Z6Uq6eGb%C3%81LoQEEtzGm8xHRG2Yf46EXeD4nOkmQo9FqqnJLrbU%C3%89tF5JM%3D/,1995,https://publicaccess.ci.malibu.ca.us/onbase-portal/api/Document/AZ0rBY67pI4iiYLDhPy8NNUP8WLbrZf7q9%C3%89cQ6WlQ%C3%81jwWGr6XIiXXxIt8BlW2dHxmp5uYPqcDh4H%C3%81%C3%89v%C3%89CkAcBIU%3D/,1995,,,,,,
4451022053,https://publicaccess.ci.malibu.ca.us/onbase-portal/api/Document/AZg9TWEMZHYeLaO3E7ueiXTzsYGG7U18TpOFr%C3%89GoYaVRZ3%C3%81ujTcSC8tKilTXu6U2kTB4NXB7Cv%C3%81vRqpYz8vbVRg%3D/,2000,https://publicaccess.ci.malibu.ca.us/onbase-portal/api/Document/AcfITw2fmVqP8VGnXql202Ak0ATIO1VL4A1TRJy0Qqmu2LxUMz7zS6uMYvSVB4VBaKbX5yQ71LarNeSmA03QA4E%3D/,2000,https://publicaccess.ci.malibu.ca.us/onbase-portal/api/Document/AXtmW5g2Te4%C3%81s6dbTZG4G9XwuU6e%C3%89vPMmnqwWpNqa3Rcr6JDXOxy6SyTnz4VTK0yjvLLdza7UBDcI85ivd5PQPs%3D/,1999,,,,,,
4451022059,https://publicaccess.ci.malibu.ca.us/onbase-portal/api/Document/Ae1kdkIoFq68fAr6PEP4EBkS5suPg1VD4WI2pHY6a3EXXDDmrSdBBLVxO3IOQFZ9m0lxcKNpZGyLo7vFkDjxIWo%3D/,1984,https://publicaccess.ci.malibu.ca.us/onbase-portal/api/Document/AcQlMO5XLeAM5tv3PSODkQO%C3%89ikCVjfKjSHMHfbym9BqOuB4FwJp%C3%89qxZyFK9J30qQWUwEb1gIBWEVEQL%C3%89X51OnW4%3D/,1983,https://publicaccess.ci.malibu.ca.us/onbase-portal/api/Document/ARhyayQYOx5nGCVSastpG4Oc6ONrD1YITTRa71WDHvXYJ5OzuuWf13ZEvTjwvJDodRhnDZ0yfYgkyGiIxH7gjiU%3D/,1983,,,,,,
4451022061,https://publicaccess.ci.malibu.ca.us/onbase-portal/api/Document/AXAZQFiDjh0KYMcK%C3%89pr05KqCUj7cYNh7RSq5UPjF2pJYtnVPM3LFqTIW%C3%81qz9lOOxxtDNR587YyWcHGbhazTr3wI%3D/,2014,https://publicaccess.ci.malibu.ca.us/onbase-portal/api/Document/Ab4LsNytZ47Az1rct1C8OKyoxaZwF0oJkY5mwyunU%C3%89iRGMcRd8U8VrhdEeu7Yg0pKM1J0RX2%C3%89iEQZ5TKj65jD1k%3D/,2014,https://publicaccess.ci.malibu.ca.us/onbase-portal/api/Document/AaXtG3oAyse7cX8KUfRrZu9MysaTnwnqOiuGfphRckhann9YXhAE9qSY9JvD7XiM0TwZ9imKKA7Xg1w%C3%89L6xClkY%3D/,2014,,,,,,
4451022062,https://publicaccess.ci.malibu.ca.us/onbase-portal/api/Document/AUqbsBJZKPjmd4YY4fdX6R97dOr73KpHx%C3%815FepBpX2%C3%81FBzu76DfHLFXbc1gdZEp%C3%8926cWSRmoqfscIeXY77oW6Nw%3D/,2017,https://publicaccess.ci.malibu.ca.us/onbase-portal/api/Document/AX18Ml8Ocmbfd0%C3%8186QrqP7TgOl75JD9WrHLRhajusWQvUQNdgslTv4ar23sHBRgGp10Xre5Gpq39knVscptttac%3D/,2017,https://publicaccess.ci.malibu.ca.us/onbase-portal/api/Document/AUJd51HNgGG%C3%89mGUV76pTDvFIIWaf%C3%81wqbc5dsipQeg8nuRa3QFdPm005vjbKQ3zUqD3%C3%89fvy9%C3%81rtief%C3%81Ib7q05kmU%3D/,2016,,,,,,
4451022065,https://publicaccess.ci.malibu.ca.us/onbase-portal/api/Document/AdeLHbLue8kcp3KM1gluy62sY7S%C3%81iXKUjpub3aqNngtZmMzlWv8NLaXDxACXMqbaVcQ8XD7k65Qduu%C3%81UVlRZEUM%3D/,2021,https://publicaccess.ci.malibu.ca.us/onbase-portal/api/Document/ATFwrAtNWwIzwG3wPqHgCdZQLCsi%C3%81ruHymGyDHbGgzE0cn1IMvFJ92Noaynz2cZWOIIcN6jK8c8PXhMGoQDU8QY%3D/,2021,https://publicaccess.ci.malibu.ca.us/onbase-portal/api/Document/AYyFk1KYpwKQjeWCMO%C3%818aoBtU0drJLAY%C3%89BKTUnF9GWsizaCukWC5OBSc4YthCP%C3%89hk54oqK88TLSVprrPabKCotg%3D/,2020,,,,,,
4451023025,https://publicaccess.ci.malibu.ca.us/onbase-portal/api/Document/AeBubNDjTw3JCRBkii%C3%89nUwho3GixJjmeoba3TSYxGXDbAgDNkzuIuSF78Dks7VyzGvE1RKPAlE8zYG2l%C3%81OaW0qU%3D/,1975,,,,,,,,,,
4451023028,https://publicaccess.ci.malibu.ca.us/onbase-portal/api/Document/AYNJN8byjZKRvZo0qqLQVxc5Ki38PrVmgUc3NM7hlQqQuSA7zUGsIA3w30tRY9Wyiro2z4DSblke7v5YB7VYoBk%3D/,2011,https://publicaccess.ci.malibu.ca.us/onbase-portal/api/Document/AdAK8SlqZVW6iFceMUcI4sbcaIoUKS%C3%89sCC2FRnBNup0L0zHUawETFqK2i65k8P%C3%813ZcmInao3u%C3%89IV3c4VZRrPEak%3D/,2008,https://publicaccess.ci.malibu.ca.us/onbase-portal/api/Document/AeHju1FpqGAh1Zuyl1mo30HJPQ5DLsBjdVhMi4LN8zCpWoZbSSpZam2jB%C3%89md%C3%89ObskKzu4woaaYo%C3%89YFbHPdqWFZ8%3D/,2008,,,,,,
4451023032,https://publicaccess.ci.malibu.ca.us/onbase-portal/api/Document/AdXwxvX3U%C3%8954edts60XcswbPTEw25Gr1IVjXkMEw6lcCuczvMch471iEd1%C3%81%C3%81a529OgK%C3%89%C3%89iKCduWGayUL%C3%89I%C3%81nJLA%3D/,1989,https://publicaccess.ci.malibu.ca.us/onbase-portal/api/Document/AQAXLXTZBEnTvlAx1nej8k03Vfv3lr%C3%81lZCcvnqF2M0NYpxVrqZe8GNR1X2plEfl4oipbTfDqcdiIU%C3%89oOFHCId5s%3D/,1989,https://publicaccess.ci.malibu.ca.us/onbase-portal/api/Document/ARE%C3%81wnRDoROD2wm4uHoSRIw3JmhZNvL2AeYMCMsSZGXWLUEaamxMUa7W%C3%81Q236nl%C3%81oGTnxqOsSGgf7Y2VmHf8aKU%3D/,1989,,,,,,
4451023037,https://publicaccess.ci.malibu.ca.us/onbase-portal/api/Document/Aa0%C3%89CvR8J2V3uaphezfZ51ZTs8%C3%89z%C3%89Xr6Sa7hwCmVyLUDhgK5uOVfU3K0sMeCLqoStf3FADop38guaJ2whWBVbB8%3D/,2017,https://publicaccess.ci.malibu.ca.us/onbase-portal/api/Document/AZThAkKXrg4soEf9g0bUnwUJOSSU5chEucuitfN72%C3%81eKbDweTQvVv9QlLBPA6OC2%C3%81OtI5MO89AYfwpLwCAaLKNU%3D/,2016,https://publicaccess.ci.malibu.ca.us/onbase-portal/api/Document/AeRyCupD%C3%89dFcfJ1Uuedj0wT5mjy%C3%898lIve1QbMqVTcEQv7tDjDYp8xZoEZOgJUEYpBAyQ32XKpexXinlD8n4Xrl4%3D/,2015,,,,,,
4451023038,https://publicaccess.ci.malibu.ca.us/onbase-portal/api/Document/ARKDCpdb%C3%89ofARt8OmRrZXAR50TwTB2P6xhxaEnDIOojlyEpYY8gjEaD7SSHJRtVbpPBkCwrFt2OpObjUkY56LMc%3D/,1997,https://publicaccess.ci.malibu.ca.us/onbase-portal/api/Document/AS2ANUQXXzq%C3%89EpHNhA7hLEALPupvNc1QyEL5%C3%81bSHHGx1XuTV32F3oI9sxXRmw4tEIZKvV%C3%81GXoKs4%C3%89qAOIudMtNA%3D/,1997,https://publicaccess.ci.malibu.ca.us/onbase-portal/api/Document/Afo2e%C3%89VJzm2bIAYl5Q4SglmmGGNtF4YgZaErotTTG6V5vOPkCR1Kgq4sC2P7lNHTRFRcu2uw04jN9kG9QnXk0GI%3D/,1997,,,,,,
4451023039,https://publicaccess.ci.malibu.ca.us/onbase-portal/api/Document/AeaHJoEb7BCbXNF%C3%89XKKhsjwLXb2FfJIRxTUorZncQUcbVFOU%C3%81jbIVZRDIcO%C3%89sDEQg3emYfTQiDZq70G1Sl7fLUM%3D/,1976,https://publicaccess.ci.malibu.ca.us/onbase-portal/api/Document/AQry%C3%81LDOy6iS3HDDvg3f7ngmXr3AlJqHfC%C3%89Ix%C3%81u6rw%C3%898G62qAnLLHT17I2l30yWbQIx02yBfrR513Eyh1fiXpUM%3D/,1976,https://publicaccess.ci.malibu.ca.us/onbase-portal/api/Document/AQbwSREoOQ%C3%815mT%C3%89MUWz84K%C3%89Mpx56EGxYpwGeP3ZBNg%C3%819%C3%89Qi30grmTzqZgqJMZ2mHtNzYM7aJ7A2m%C3%89lrrPyjzR%C3%89M%3D/,1976,,,,,,
4451023041,https://publicaccess.ci.malibu.ca.us/onbase-portal/api/Document/AR00TNsC2gHFknkDQz94M40Dd0TRB5BIXCUCO0h9LLRt0YjJASj0O4bsHTX%C3%89HuxVyLBV%C3%813AD2k%C3%817VoFJjirj9B0%3D/,1994,https://publicaccess.ci.malibu.ca.us/onbase-portal/api/Document/AUDQ7mARkYEDrcd%C3%89MJGLbYjY25CXca8RliIHKy4NLanVY6qXQzXn1h4ulwEqfX7saGhY8N2GTLr7%C3%81q%C3%81FYNtfKR8%3D/,1966,https://publicaccess.ci.malibu.ca.us/onbase-portal/api/Document/AaTZjClY2bldJvoMymjE1cRug4DJZLovz8sYJIipmoWT5em6RPjn%C3%81lFb7ZLv4PGlnBK93QB66TvX8ffuNt9iWUc%3D/,1966,,,,,,
4451023042,https://publicaccess.ci.malibu.ca.us/onbase-portal/api/Document/AT8QsY2YVtikDpgVBNJ1GxwMaZ1r4hJYReTzcMQJfWf6WUTPzR1UlEMIeLIRfoSz1EkbDHABGnzeOLR9ULESPko%3D/,2025,https://publicaccess.ci.malibu.ca.us/onbase-portal/api/Document/ARTfNSzCjrZs5UxYhv9u5iRXBJyysqQbQK9Y5gaPeRqRk9%C3%81p8tC7FQKYggP1dq3tNDsCuLHMBfF7VcmowOR%C3%8134g%3D/,1997,https://publicaccess.ci.malibu.ca.us/onbase-portal/api/Document/Aej2%C3%89nw%C3%89qAIWV4TVCIozHcHv1mG6d1ckYnhlq2YyWwiRNQ8A21jZxCBwtG6hu6TPEhb5BjK%C3%89vRy6eP6%C3%81eYMB8Ck%3D/,1996,,,,,,
4451023043,https://publicaccess.ci.malibu.ca.us/onbase-portal/api/Document/AUDy07BIIHZmrjZ4W%C3%89%C3%8150BvX61Qs1P0KcyIswUuR%C3%81BEOFUHYp3BRgllkqpHBJEC%C3%89z0N9IXNFl32%C3%815TgNanzvVLk%3D/,1984,https://publicaccess.ci.malibu.ca.us/onbase-portal/api/Document/ARyuJTdH%C3%8960dnnkw9haHemw2l92ck0mESa6E1ZMtniYp1T51TdJhxDAvRvNBn7A9QhCfaVGbG%C3%890JX3ogLmvNsH8%3D/,1984,https://publicaccess.ci.malibu.ca.us/onbase-portal/api/Document/AVys7uVbZNZsApR9ur2sKmsFQSTDGewvquz7TXo%C3%892dL1H6H81qGXA01s8otF4P1GSHCntz7DK%C3%81ciVJgq8zkbTfY%3D/,1984,,,,,,
4451023045,https://publicaccess.ci.malibu.ca.us/onbase-portal/api/Document/Ac9yJSy34UhhG8Z5%C3%89aq5OvbEBKimZ12XjH5DuD8r6L1nKOL0yTVjNj1JbEo9DNpggt%C3%81MZ8OXaYK%C3%81cmHvzljZ7F0%3D/,2000,https://publicaccess.ci.malibu.ca.us/onbase-portal/api/Document/ARZAQPCJ72J5%C3%81uE9RqMUuJVfmoHX8hpSS5AMJsX%C3%811lVJJUWHWqoX%C3%89bsxLwEng8xh3aHbdOZWd%C3%81wf6hg6Anii1ds%3D/,2000,https://publicaccess.ci.malibu.ca.us/onbase-portal/api/Document/AQT2U%C3%89az9HSjhDKB3dsu1bhCAAIINxvW6am3JiC0aSVoCDIpfjsnUmzlUx53Y9YjoZgewsA6Elm869YTvKJvhLY%3D/,2000,,,,,,
4451023047,https://publicaccess.ci.malibu.ca.us/onbase-portal/api/Document/AawHLSUlZWu3HVMpG4Tjj9aY9W45vsUG%C3%81WSNJ97cqjJmm2NIlDHFmmDMk%C3%89cB3MAWE%C3%892uyYRGscW%C3%81u5D8zEL9fM8%3D/,1994,https://publicaccess.ci.malibu.ca.us/onbase-portal/api/Document/Acd6zyorEuDzQ7Qt72ud3oL%C3%89sjk3SNGHJKxOK7Wg%C3%89eWH8vwnh%C3%81U%C3%81C8tzXV8Qqhj2PIhA4NpQUH7Y7URCuzzjOco%3D/,1964,https://publicaccess.ci.malibu.ca.us/onbase-portal/api/Document/Abw07HfTsoXVxVsKjosjA5uU8LJ2gJhdvTuLoufYnvi5sIZOGTU0zMtZVerwOUbUt5Bzw2w%C3%81s53RoxI6qPMYVdM%3D/,1961,,,,,,
4451023050,https://publicaccess.ci.malibu.ca.us/onbase-portal/api/Document/AZOSRwvTlggqx9OvMagfYaBPO%C3%81cGcWsmt9CxezPO0coIjuHQybrOamChOWPtva65TbOUyUDhzd%C3%89HMAxRQBmhbgM%3D/,2001,https://publicaccess.ci.malibu.ca.us/onbase-portal/api/Document/AWoBn3YXCfJopiw%C3%81%C3%81PFNgJBqesm3Jj0ZWdNdKv8mU5Mvfa5DfcTXSUJolRRB1Vafp%C3%89HBrMXbkV4gL0%C3%89KeRGMd8I%3D/,2000,https://publicaccess.ci.malibu.ca.us/onbase-portal/api/Document/AXhCRq7M%C3%81XvonFElrvx63wSpIfBterFlpS7bCC9GBxddSR2FW4hC2%C3%892fM5tiolXeC%C3%89suRUBEPqDAIhnZhSqlCiM%3D/,2000,,,,,,
4451023052,https://publicaccess.ci.malibu.ca.us/onbase-portal/api/Document/AZRczaym%C3%89D%C3%81ZIndRX2zbb%C3%813%C3%89eAoOXLyf4PRB5HLPlyGLrrc3CZ6lICE04WIKk3dfpXJK1MgG0VfkUcR54NYJtXM%3D/,1995,https://publicaccess.ci.malibu.ca.us/onbase-portal/api/Document/ATdVKTQ0Pq3g2Ckm1EpKpFrR2AHUWhc%C3%81SK6XJDa8Gstqa%C3%81PKZ0W1VN8W65ay%C3%81yOeqJ7iZMjx9ueFVndAOqrIwzc%3D/,1994,https://publicaccess.ci.malibu.ca.us/onbase-portal/api/Document/AUdSdC5AK5x5nLxyjTA7Ket9s63Q4%C3%81zdjCEINCthWp5p6z2Ch5dZU5j7j1hu0nf9R6YqXoYlAOZBjRAO2GFv8DE%3D/,1994,,,,,,
4451023053,https://publicaccess.ci.malibu.ca.us/onbase-portal/api/Document/ARzbEqilbEPRDGsF%C3%89J4N2eaqTVb80gYLG3VIWq%C3%89hvPBvy2B7Wk3U%C3%89aUjn59a1mf7WtIcqDkNKtoIJ9FEeVy%C3%89Qng%3D/,1997,https://publicaccess.ci.malibu.ca.us/onbase-portal/api/Document/AZXQ13EcYtmnfPpp1rRqJt3eZyftMUievllhX%C3%81TD%C3%89kla0HxStsjOgPabMJS0k%C3%893rWxZTlPZ%C3%81M2Cv6w%C3%81zVM4HOeE%3D/,1994,https://publicaccess.ci.malibu.ca.us/onbase-portal/api/Document/AaXkaKYv4NbyMyBlhht%C3%812RiZ3L51tKN1pD%C3%81wXbUmOmUtaECFZp4p%C3%81Gso8rFXxaA3r2vvTd5wfOaTdFkdNBPlRiA%3D/,1985,,,,,,
4451023054,https://publicaccess.ci.malibu.ca.us/onbase-portal/api/Document/AR1u7qnm3eBk%C3%89zYd%C3%89ipYpOXAfSg2qc2Y9T89NOImNQ0JSLlU9TMwMPi82C%C3%89HFECWcqbsyO22Ujs1D0BkFNHEyVI%3D/,1994,https://publicaccess.ci.malibu.ca.us/onbase-portal/api/Document/AV%C3%811lnhC8DOnADiCYRg5za2nm0R1G6U%C3%89ovINsdUhYUERpd28xUTZqli35sX1FYF0Y11EoIOGk1uWIL1ND3n7sBE%3D/,1964,https://publicaccess.ci.malibu.ca.us/onbase-portal/api/Document/AZ7zKkrv40icNzqHgvNQ%C3%89UvkNf7r48i5XCm7djtpkyeYWJD2sfZ0kAwvv01XlhZgCIGaUz04IRh20Td65ptUkUA%3D/,1961,,,,,,
4452024001,https://publicaccess.ci.malibu.ca.us/onbase-portal/api/Document/AfQbLkUuyaFKxIj7nidj8APmx%C3%89PosrTl3bpn6BcFEogTYwnRWajdAw8d3bHiqSjPWY5FUXNAfKKHjnlEJgcCA%C3%89s%3D/,2017,https://publicaccess.ci.malibu.ca.us/onbase-portal/api/Document/AZEGB3MQgw3XZLz%C3%81kZ8PcBsdHQNmmoxLFP2B8VgxlioKHd1n7FheL5mBiN14SsxIw984BI2iV01bHmOh9jABZ60%3D/,2017,https://publicaccess.ci.malibu.ca.us/onbase-portal/api/Document/AV%C3%81yzlHRC11niFyKSMSySoIMTrpqbaRsDc4EwoV6GdVYCFl8Qg4mj404M%C3%81nj8dB2kOEZ0ojlKb2z2Hx2WDd6cGc%3D/,2015,,,,,,
4452024005,https://publicaccess.ci.malibu.ca.us/onbase-portal/api/Document/AVb8NCKpr3fj9iKp49%C3%89ocfw0Uj%C3%81Kx8SKDCiIGNmPk9lekGROKUbLlK0qV2NjhCx88yQevH2DuPAI%C3%81Gx5qubTMlo%3D/,2016,https://publicaccess.ci.malibu.ca.us/onbase-portal/api/Document/AbtBe7HRlywWtT7bTIyjteY1A5gWa5xdrgWk05BzYy5V8NUjZf7Fh7TryIXaySYcEx%C3%89lomF3CLz5VxkK%C3%81EB%C3%81DMk%3D/,2016,https://publicaccess.ci.malibu.ca.us/onbase-portal/api/Document/AaPO%C3%893Seuz1hf%C3%814TLyI2sZV%C3%81wkN468KHPYZd2fMl%C3%897vkk5BPimxwKFRW8BUrC2MPJMAt9scNlLP9x5ezooJaMnE%3D/,2016,,,,,,
4452024006,https://publicaccess.ci.malibu.ca.us/onbase-portal/api/Document/AeM6HISgjQ%C3%89DusEn94sS5DGBSeUxntZAX4NuU%C3%89mPBQN2tn47eYyjt6jeKhXRCvJDqn2MqC3X4Ba4q8qayP6K5AE%3D/,2019,https://publicaccess.ci.malibu.ca.us/onbase-portal/api/Document/AWsXJZdI8OtL3deyIDjavRySYyKFw3u7MkT0c%C3%89aeKGlsX9nOpMmGb4NFAlxumpVFdjZrhO9nWWWgwdTmlglAOyc%3D/,2015,https://publicaccess.ci.malibu.ca.us/onbase-portal/api/Document/AaCH3FTq73isqMHbASf%C3%81CoihzH2VNHxUVEqLcwBHs8tCUUuLbICaxdoa8Ai1goDpNYw2NV3PJ6ORv5GHNUp99rE%3D/,2015,https://publicaccess.ci.malibu.ca.us/onbase-portal/api/Document/AcwYGGpsqnucas3j9lK4ERB5hw1CbrB51fOyGWGPj8jeL1zROwqBtED%C3%81Q0gqW%C3%89o2ltNs78sESGPFoCtk%C3%81RueT6M%3D/,1998,,,,
4452024016,https://publicaccess.ci.malibu.ca.us/onbase-portal/api/Document/AX7ewgcy%C3%89q%C3%81rC3%C3%89QJF3YlG7mruMvX0thZ89aksSdvrfd0H%C3%8121QPevwdwJgNW6Ib7lWtbYleyGEwjsH3ZCu8fk2s%3D/,0,,,,,,,,,,
4452028002,https://publicaccess.ci.malibu.ca.us/onbase-portal/api/Document/AeJgOAWTKIHFt%C3%81QpnhYlLeBLW70wJ%C3%89vs%C3%81TJGrDPoMAh0o6Yy%C3%815iPm171zvk4MCLth%C3%892rVn59gUa2h7YRUxEEUWI%3D/,2012,https://publicaccess.ci.malibu.ca.us/onbase-portal/api/Document/AbxtZlJgt9JZfGiaZALbRmaHOCRHxOPtyToBtpWwNhZMFUZX6k18zo%C3%81d5NuanVsIXFSbSgQO5q0ACqtxl1W8E1s%3D/,2012,https://publicaccess.ci.malibu.ca.us/onbase-portal/api/Document/AUW0Ga5nnUCVUZ%C3%81FvEAtTEFmb6H8tQjfPPhdINg%C3%89%C3%81ZmOZCm2GzdXaaaV6o3LVrRR5770E63Ziuztp7q259BrEv4%3D/,2012,,,,,,
4452028004,https://publicaccess.ci.malibu.ca.us/onbase-portal/api/Document/AQdcXAITMRj4AL0VtahdmA3xS%C3%81BHsI%C3%897Ujf5iV7gFSaj%C3%81GTL%C3%89jwAH2NwMRA6PaT1qhkd99P3nsY1wMtZhxbv4GY%3D/,2024,https://publicaccess.ci.malibu.ca.us/onbase-portal/api/Document/Ads%C3%81qbckhDPn%C3%81Hx0hqh2X3O9XUr5oHWgSLg3f%C3%89tpIUy62FbOYpni4S464l4x2ftn8YKb%C3%81aafSLu4kvm7MaWhdMY%3D/,2024,https://publicaccess.ci.malibu.ca.us/onbase-portal/api/Document/AawxfL7N2ey1Ek%C3%89ZJet3Z7r%C3%89Gb%C3%81ttvy%C3%81vk9qTXptTZQNmW0IMXlsM9jIb%C3%81ManO1oKoZvNfr%C3%81Ytrw8a28wuLpMxw%3D/,2023,,,,,,
4452028005,https://publicaccess.ci.malibu.ca.us/onbase-portal/api/Document/ASNRjtPjcxmZ3CtwiQ2MsUUH5GOjYnlQT6U1%C3%81NP1sKcv6w%C3%89Q0%C3%89ih%C3%89AYVtbSALaKDsu%C3%89W1RDbkg4jKfPF49uRiTE%3D/,2015,https://publicaccess.ci.malibu.ca.us/onbase-portal/api/Document/AddIvouC30hikSGhGHdo3qqP%C3%813igYlnUrKfemCKKG6bYinD%C3%89ysOakTNCsWjqq7MdkYMYq%C3%81M4GGdEFB0nqj4%C3%81niE%3D/,2015,https://publicaccess.ci.malibu.ca.us/onbase-portal/api/Document/AQq46M40FuwuUc6BuYnqjsk%C3%897co5tBoZhGCQyC7XIMgGIPkJbSdDPkDzocgapu8gpHT%C3%89AMGL9x8%C3%89wqp7oZmSVqU%3D/,2015,,,,,,
4452028006,https://publicaccess.ci.malibu.ca.us/onbase-portal/api/Document/AWphgJl%C3%89SgUpeJ%C3%81bI%C3%81v7ktJoLao74OhMSV1CnLvKdwUbkQ96LaFl5sjfE%C3%81pra5m6GM3JhnCXbuOq3LHHqMZZymA%3D/,2019,https://publicaccess.ci.malibu.ca.us/onbase-portal/api/Document/Abac%C3%89D4xK0E87VSchjW3tHs0ji0jEgQfOgTALFx6RJ642Etgzju%C3%81ARHviEX%C3%891pKxhIRLM4CsEZNa4kjBk5z6%C3%89l4%3D/,2019,https://publicaccess.ci.malibu.ca.us/onbase-portal/api/Document/ATaCnQdFOKvLi4QpmyCPBuTTwZlyKqyYyYCLelMMUFW31tQiPhmLQ7gyrosOmBK7W2dQ4iifanIu5u4UVWjawik%3D/,2015,,,,,,
